90.00,390.00,10.00,4340.00,1150.00,511.00,35.00,114.00,86.00
90.00,390.00,10.00,4379.00,1202.00,746.00,-112.00,186.00,75.00
90.00,390.00,10.00,4378.00,1008.00,708.00,-137.00,169.00,12.00
90.00,390.00,10.00,4383.00,978.00,633.00,-11.00,39.00,78.00
90.00,390.00,10.00,4418.00,1021.00,709.00,27.00,-31.00,135.00
90.00,392.00,10.00,4492.00,1051.00,774.00,-52.00,104.00,54.00
88.00,392.00,10.00,4471.00,1091.00,681.00,-7.00,22.00,43.00
88.00,392.00,10.00,4468.00,1076.00,723.00,32.00,-23.00,36.00
88.00,390.00,11.00,4470.00,1037.00,710.00,-10.00,-8.00,19.00
88.00,390.00,10.00,4481.00,1060.00,712.00,10.00,-5.00,-3.00
88.00,390.00,11.00,4400.00,1010.00,733.00,29.00,-13.00,10.00
90.00,390.00,10.00,4376.00,1023.00,731.00,35.00,-5.00,41.00
88.00,390.00,10.00,4385.00,1032.00,712.00,3.00,-18.00,51.00
88.00,390.00,10.00,4398.00,1051.00,718.00,5.00,-6.00,-1.00
88.00,390.00,10.00,4352.00,974.00,725.00,15.00,6.00,2.00
88.00,390.00,10.00,4357.00,989.00,677.00,-11.00,6.00,17.00
88.00,390.00,10.00,4334.00,981.00,732.00,-32.00,29.00,44.00
88.00,390.00,10.00,4243.00,948.00,721.00,-31.00,19.00,43.00
88.00,390.00,11.00,4167.00,972.00,705.00,-44.00,27.00,70.00
90.00,392.00,9.00,4124.00,952.00,831.00,-76.00,48.00,50.00
88.00,394.00,9.00,4067.00,903.00,896.00,-57.00,63.00,96.00
90.00,398.00,10.00,4067.00,903.00,896.00,-57.00,63.00,96.00
92.00,400.00,11.00,3989.00,872.00,952.00,-71.00,72.00,136.00
94.00,404.00,10.00,3951.00,882.00,1108.00,-50.00,100.00,166.00
96.00,408.00,10.00,4176.00,918.00,1150.00,-16.00,123.00,244.00
98.00,410.00,10.00,4251.00,964.00,1128.00,-8.00,149.00,252.00
102.00,416.00,11.00,4373.00,977.00,1203.00,14.00,159.00,247.00
106.00,420.00,10.00,4416.00,933.00,1257.00,87.00,149.00,308.00
110.00,424.00,12.00,4657.00,919.00,1215.00,205.00,139.00,248.00
118.00,428.00,10.00,4583.00,866.00,1289.00,205.00,138.00,264.00
124.00,430.00,11.00,4721.00,927.00,1331.00,267.00,152.00,290.00
128.00,430.00,10.00,4848.00,877.00,1356.00,340.00,104.00,241.00
136.00,430.00,12.00,4792.00,830.00,1442.00,417.00,108.00,262.00
144.00,432.00,12.00,4874.00,851.00,1330.00,482.00,96.00,261.00
152.00,430.00,11.00,4997.00,890.00,1444.00,512.00,87.00,217.00
156.00,428.00,10.00,5129.00,876.00,1441.00,456.00,208.00,140.00
170.00,422.00,10.00,5210.00,917.00,1378.00,539.00,177.00,85.00
176.00,418.00,11.00,5165.00,870.00,1400.00,627.00,77.00,49.00
186.00,410.00,10.00,5252.00,783.00,1460.00,565.00,230.00,6.00
190.00,408.00,10.00,5260.00,770.00,1324.00,613.00,170.00,8.00
198.00,398.00,10.00,5284.00,827.00,1428.00,685.00,105.00,-21.00
212.00,380.00,10.00,5206.00,769.00,1328.00,685.00,131.00,-141.00
214.00,376.00,10.00,5119.00,779.00,1464.00,688.00,95.00,-137.00
222.00,362.00,12.00,4967.00,870.00,1298.00,695.00,46.00,-190.00
232.00,342.00,10.00,4927.00,924.00,1318.00,761.00,-37.00,-254.00
236.00,336.00,10.00,4877.00,927.00,1506.00,711.00,-4.00,-181.00
242.00,322.00,9.00,4762.00,1166.00,1298.00,812.00,-60.00,-303.00
252.00,300.00,10.00,4597.00,1029.00,1005.00,776.00,-176.00,-318.00
254.00,292.00,10.00,4470.00,1292.00,1227.00,739.00,-184.00,-319.00
260.00,278.00,10.00,4497.00,1266.00,945.00,730.00,-71.00,-427.00
268.00,254.00,10.00,4397.00,1359.00,745.00,692.00,-157.00,-519.00
268.00,248.00,11.00,4188.00,1496.00,659.00,674.00,-186.00,-593.00
274.00,228.00,10.00,3913.00,1489.00,501.00,616.00,-148.00,-596.00
276.00,220.00,11.00,3812.00,1653.00,322.00,577.00,-117.00,-641.00
278.00,208.00,11.00,3675.00,1641.00,327.00,547.00,-143.00,-656.00
282.00,200.00,9.00,3472.00,1887.00,153.00,559.00,-139.00,-691.00
284.00,190.00,10.00,3235.00,1927.00,18.00,541.00,-114.00,-643.00
286.00,180.00,10.00,3185.00,2096.00,-30.00,537.00,-138.00,-619.00
288.00,174.00,10.00,3017.00,2079.00,-249.00,491.00,-85.00,-576.00
288.00,170.00,9.00,2902.00,2342.00,-329.00,457.00,-113.00,-495.00
288.00,164.00,10.00,2872.00,2544.00,-573.00,424.00,-113.00,-398.00
290.00,162.00,8.00,2895.00,2566.00,-600.00,419.00,-129.00,-393.00
292.00,160.00,8.00,2638.00,2602.00,-707.00,337.00,-31.00,-504.00
290.00,156.00,8.00,2609.00,2627.00,-942.00,329.00,-33.00,-402.00
292.00,156.00,7.00,2609.00,2627.00,-942.00,329.00,-33.00,-402.00
292.00,154.00,8.00,2419.00,2610.00,-1018.00,302.00,-125.00,-405.00
292.00,156.00,7.00,1878.00,2501.00,-1160.00,74.00,129.00,-386.00
292.00,158.00,7.00,1819.00,2486.00,-1251.00,53.00,97.00,-376.00
292.00,160.00,8.00,1633.00,2587.00,-1250.00,17.00,-46.00,-104.00
290.00,160.00,8.00,2224.00,2748.00,-1268.00,38.00,-118.00,62.00
288.00,166.00,11.00,2252.00,2767.00,-1079.00,-147.00,-66.00,92.00
292.00,170.00,9.00,2394.00,2925.00,-1017.00,-195.00,-15.00,219.00
292.00,176.00,9.00,2625.00,2952.00,-682.00,-314.00,51.00,356.00
290.00,184.00,10.00,2793.00,3210.00,-611.00,-403.00,212.00,382.00
290.00,190.00,9.00,2877.00,3110.00,-623.00,-366.00,200.00,350.00
286.00,198.00,12.00,2956.00,3131.00,-652.00,-331.00,142.00,369.00
290.00,206.00,10.00,3025.00,3161.00,-575.00,-271.00,61.00,433.00
290.00,214.00,10.00,3237.00,3014.00,-408.00,-389.00,186.00,492.00
290.00,224.00,10.00,3627.00,3117.00,-325.00,-310.00,81.00,499.00
288.00,234.00,10.00,3431.00,3010.00,-141.00,-312.00,100.00,491.00
288.00,242.00,9.00,3675.00,2956.00,-85.00,-280.00,104.00,641.00
288.00,250.00,11.00,3926.00,3010.00,-51.00,-332.00,194.00,529.00
286.00,258.00,10.00,3814.00,2840.00,-34.00,-383.00,253.00,352.00
286.00,266.00,10.00,3739.00,2610.00,52.00,-289.00,152.00,523.00
284.00,278.00,10.00,3882.00,2787.00,282.00,-227.00,135.00,517.00
284.00,284.00,10.00,3986.00,2680.00,143.00,-272.00,206.00,431.00
282.00,294.00,10.00,3869.00,2456.00,44.00,-291.00,171.00,426.00
278.00,304.00,12.00,4044.00,2429.00,364.00,-285.00,84.00,488.00
280.00,312.00,12.00,4091.00,2320.00,495.00,-275.00,195.00,392.00
278.00,320.00,10.00,4196.00,2146.00,524.00,-266.00,81.00,553.00
278.00,330.00,12.00,4322.00,2132.00,509.00,-233.00,106.00,468.00
274.00,336.00,10.00,4173.00,1860.00,323.00,-279.00,111.00,471.00
274.00,346.00,13.00,4236.00,1778.00,498.00,-335.00,104.00,474.00
268.00,354.00,12.00,4403.00,1689.00,476.00,-265.00,28.00,527.00
266.00,360.00,10.00,4404.00,1541.00,460.00,-349.00,63.00,439.00
260.00,372.00,10.00,4521.00,1466.00,761.00,-386.00,17.00,547.00
258.00,376.00,10.00,4591.00,1391.00,740.00,-346.00,48.00,419.00
250.00,388.00,10.00,4422.00,1140.00,586.00,-424.00,53.00,404.00
246.00,396.00,10.00,4519.00,984.00,627.00,-420.00,-25.00,561.00
242.00,398.00,10.00,4696.00,907.00,757.00,-411.00,-46.00,483.00
236.00,406.00,10.00,4687.00,841.00,662.00,-481.00,4.00,479.00
230.00,412.00,10.00,4842.00,767.00,719.00,-617.00,24.00,431.00
222.00,418.00,10.00,4982.00,719.00,869.00,-517.00,-47.00,431.00
208.00,428.00,10.00,4899.00,533.00,747.00,-571.00,-42.00,430.00
200.00,432.00,10.00,4965.00,519.00,768.00,-554.00,-76.00,453.00
196.00,434.00,10.00,5050.00,440.00,831.00,-558.00,-95.00,312.00
182.00,438.00,10.00,4926.00,320.00,662.00,-593.00,-104.00,319.00
174.00,440.00,12.00,4919.00,239.00,553.00,-616.00,-113.00,203.00
166.00,444.00,13.00,4951.00,196.00,636.00,-677.00,-119.00,173.00
154.00,444.00,13.00,4937.00,177.00,705.00,-687.00,-117.00,143.00
146.00,440.00,12.00,4951.00,186.00,737.00,-728.00,-105.00,124.00
134.00,440.00,12.00,4869.00,91.00,622.00,-711.00,-123.00,99.00
122.00,442.00,10.00,4829.00,-10.00,468.00,-757.00,-129.00,71.00
116.00,440.00,10.00,4944.00,45.00,724.00,-797.00,-142.00,67.00
102.00,440.00,13.00,5038.00,112.00,775.00,-759.00,-144.00,40.00
94.00,434.00,12.00,5025.00,116.00,630.00,-732.00,-153.00,-97.00
84.00,428.00,9.00,5034.00,133.00,670.00,-740.00,-159.00,-100.00
78.00,426.00,10.00,5020.00,238.00,672.00,-715.00,-141.00,-186.00
70.00,420.00,10.00,4809.00,237.00,523.00,-617.00,-168.00,-277.00
64.00,416.00,10.00,4733.00,297.00,569.00,-587.00,-133.00,-326.00
58.00,410.00,10.00,4742.00,397.00,453.00,-501.00,-155.00,-304.00
50.00,402.00,10.00,4586.00,446.00,487.00,-460.00,-161.00,-384.00
46.00,398.00,10.00,4528.00,477.00,412.00,-395.00,-144.00,-334.00
40.00,390.00,11.00,4478.00,528.00,371.00,-341.00,-141.00,-333.00
38.00,386.00,10.00,4419.00,573.00,350.00,-321.00,-144.00,-306.00
36.00,382.00,10.00,4468.00,617.00,298.00,-240.00,-153.00,-303.00
32.00,376.00,10.00,4503.00,723.00,217.00,-240.00,-147.00,-312.00
30.00,370.00,11.00,4336.00,842.00,174.00,-92.00,-106.00,-264.00
28.00,366.00,9.00,4333.00,905.00,99.00,-72.00,-145.00,-269.00
28.00,362.00,10.00,4062.00,870.00,144.00,-112.00,-62.00,-279.00
26.00,360.00,10.00,3945.00,893.00,173.00,-58.00,-32.00,-186.00
26.00,358.00,9.00,3871.00,902.00,105.00,-29.00,-28.00,-128.00
26.00,356.00,10.00,3829.00,887.00,113.00,-36.00,-27.00,-103.00
26.00,356.00,9.00,3730.00,841.00,167.00,-48.00,39.00,-71.00
28.00,358.00,9.00,3781.00,819.00,82.00,-24.00,41.00,52.00
28.00,360.00,10.00,3780.00,841.00,284.00,-37.00,124.00,83.00
30.00,364.00,10.00,3976.00,869.00,114.00,39.00,119.00,197.00
32.00,368.00,10.00,4100.00,898.00,79.00,46.00,148.00,193.00
34.00,374.00,10.00,4272.00,908.00,10.00,41.00,158.00,253.00
36.00,380.00,10.00,4360.00,936.00,91.00,35.00,160.00,229.00
38.00,384.00,10.00,4426.00,943.00,142.00,9.00,211.00,185.00
42.00,390.00,9.00,4486.00,897.00,199.00,9.00,226.00,192.00
44.00,394.00,11.00,4596.00,897.00,324.00,49.00,209.00,237.00
46.00,400.00,11.00,4647.00,883.00,363.00,89.00,200.00,213.00
50.00,404.00,11.00,4811.00,871.00,446.00,59.00,257.00,97.00
54.00,410.00,10.00,4562.00,783.00,536.00,27.00,283.00,60.00
58.00,414.00,10.00,4636.00,774.00,514.00,92.00,242.00,157.00
62.00,416.00,10.00,4737.00,829.00,668.00,84.00,258.00,101.00
66.00,420.00,11.00,4577.00,745.00,840.00,63.00,298.00,112.00
70.00,424.00,11.00,4577.00,745.00,840.00,63.00,298.00,112.00
76.00,426.00,12.00,4717.00,768.00,865.00,183.00,248.00,197.00
82.00,430.00,10.00,4626.00,707.00,1091.00,251.00,245.00,209.00
88.00,434.00,11.00,4824.00,744.00,1027.00,402.00,176.00,273.00
96.00,436.00,11.00,4738.00,732.00,1127.00,345.00,213.00,157.00
104.00,436.00,11.00,4631.00,661.00,1291.00,301.00,311.00,151.00
110.00,440.00,12.00,4702.00,691.00,1367.00,406.00,270.00,221.00
120.00,438.00,12.00,4789.00,689.00,1235.00,537.00,174.00,246.00
126.00,438.00,11.00,4711.00,639.00,1470.00,462.00,260.00,207.00
136.00,440.00,11.00,4709.00,534.00,1477.00,506.00,286.00,354.00
148.00,440.00,13.00,5091.00,608.00,1438.00,733.00,124.00,371.00
160.00,434.00,11.00,4994.00,442.00,1484.00,639.00,254.00,308.00
172.00,430.00,10.00,5045.00,439.00,1571.00,590.00,309.00,392.00
182.00,424.00,10.00,5270.00,534.00,1574.00,828.00,153.00,180.00
188.00,422.00,10.00,5024.00,266.00,1469.00,838.00,109.00,235.00
198.00,416.00,10.00,5131.00,432.00,1713.00,873.00,58.00,273.00
208.00,406.00,10.00,5326.00,460.00,1552.00,940.00,27.00,129.00
224.00,390.00,10.00,5271.00,414.00,1389.00,943.00,-73.00,80.00
232.00,378.00,10.00,5068.00,361.00,1520.00,855.00,-13.00,-26.00
242.00,366.00,10.00,5009.00,462.00,1394.00,903.00,-60.00,-89.00
246.00,362.00,10.00,4877.00,480.00,1387.00,887.00,-107.00,-87.00
252.00,348.00,11.00,4875.00,533.00,1278.00,900.00,-160.00,-92.00
260.00,336.00,9.00,4948.00,642.00,1200.00,848.00,-62.00,-222.00
268.00,322.00,9.00,4952.00,573.00,940.00,831.00,-220.00,-221.00
274.00,306.00,9.00,4859.00,811.00,896.00,775.00,-252.00,-406.00
282.00,284.00,9.00,4636.00,937.00,654.00,745.00,-319.00,-518.00
286.00,270.00,10.00,4454.00,942.00,652.00,670.00,-210.00,-659.00
288.00,262.00,9.00,4276.00,1031.00,372.00,661.00,-227.00,-641.00
290.00,248.00,10.00,4276.00,1031.00,372.00,661.00,-227.00,-641.00
292.00,234.00,9.00,3834.00,1359.00,49.00,559.00,-387.00,-727.00
294.00,220.00,10.00,3529.00,1469.00,-106.00,526.00,-316.00,-701.00
296.00,212.00,10.00,3456.00,1502.00,-292.00,460.00,-283.00,-678.00
296.00,202.00,10.00,3369.00,1767.00,-346.00,429.00,-325.00,-677.00
296.00,194.00,10.00,3130.00,1868.00,-462.00,409.00,-230.00,-765.00
296.00,188.00,11.00,3046.00,1964.00,-730.00,399.00,-298.00,-594.00
296.00,182.00,9.00,3011.00,2146.00,-862.00,398.00,-351.00,-657.00
298.00,180.00,8.00,2758.00,2152.00,-924.00,277.00,-114.00,-792.00
296.00,174.00,8.00,2724.00,2302.00,-1137.00,244.00,-130.00,-628.00
296.00,172.00,8.00,2524.00,2466.00,-1148.00,252.00,-257.00,-725.00
296.00,172.00,8.00,2175.00,2355.00,-1265.00,255.00,-223.00,-568.00
294.00,170.00,8.00,2064.00,2444.00,-1375.00,133.00,-97.00,-499.00
294.00,172.00,7.00,1950.00,2497.00,-1429.00,72.00,-57.00,-490.00
292.00,172.00,8.00,1688.00,2508.00,-1408.00,60.00,-22.00,-204.00
294.00,174.00,8.00,2122.00,2751.00,-1471.00,-3.00,-7.00,28.00
294.00,176.00,8.00,2165.00,2777.00,-1420.00,-123.00,113.00,-47.00
292.00,180.00,9.00,2270.00,2761.00,-1420.00,-148.00,127.00,105.00
296.00,186.00,9.00,2347.00,2891.00,-1285.00,-215.00,83.00,336.00
296.00,190.00,9.00,2724.00,2987.00,-1079.00,-267.00,188.00,346.00
296.00,196.00,9.00,2793.00,3013.00,-1093.00,-329.00,212.00,326.00
294.00,204.00,10.00,2756.00,2979.00,-874.00,-275.00,136.00,384.00
296.00,210.00,10.00,3273.00,3022.00,-987.00,-319.00,161.00,538.00
296.00,218.00,9.00,3457.00,2648.00,-757.00,-305.00,149.00,517.00
296.00,224.00,10.00,3623.00,2739.00,-882.00,-347.00,145.00,593.00
296.00,232.00,10.00,3580.00,2910.00,-770.00,-339.00,114.00,457.00
294.00,240.00,10.00,3485.00,2657.00,-399.00,-358.00,149.00,552.00
294.00,248.00,10.00,3673.00,2678.00,-305.00,-283.00,154.00,623.00
292.00,254.00,10.00,3829.00,2621.00,-377.00,-345.00,246.00,508.00
288.00,264.00,12.00,3840.00,2462.00,-195.00,-428.00,249.00,528.00
288.00,272.00,12.00,4000.00,2532.00,-75.00,-301.00,161.00,559.00
284.00,282.00,13.00,3962.00,2337.00,-181.00,-338.00,180.00,439.00
286.00,292.00,9.00,3921.00,2156.00,-123.00,-409.00,195.00,425.00
284.00,296.00,9.00,4087.00,2129.00,167.00,-393.00,144.00,434.00
282.00,308.00,11.00,3977.00,2023.00,145.00,-339.00,139.00,385.00
280.00,316.00,10.00,3892.00,1790.00,233.00,-399.00,154.00,475.00
276.00,328.00,11.00,4094.00,1725.00,272.00,-396.00,162.00,512.00
272.00,340.00,11.00,4227.00,1630.00,165.00,-361.00,148.00,500.00
268.00,350.00,11.00,4171.00,1422.00,24.00,-490.00,143.00,511.00
262.00,362.00,10.00,4490.00,1349.00,448.00,-570.00,137.00,601.00
256.00,374.00,10.00,4725.00,1232.00,438.00,-588.00,107.00,539.00
252.00,380.00,10.00,4710.00,983.00,564.00,-681.00,96.00,581.00
246.00,388.00,10.00,4810.00,957.00,579.00,-670.00,88.00,607.00
238.00,398.00,10.00,4875.00,758.00,487.00,-849.00,141.00,566.00
230.00,408.00,9.00,5210.00,801.00,1009.00,-824.00,30.00,581.00
220.00,418.00,10.00,5123.00,768.00,1043.00,-861.00,68.00,516.00
204.00,428.00,10.00,5024.00,603.00,1009.00,-838.00,3.00,481.00
200.00,430.00,10.00,5114.00,593.00,1271.00,-794.00,-16.00,436.00
186.00,440.00,10.00,5058.00,500.00,1213.00,-791.00,27.00,322.00
180.00,442.00,11.00,4915.00,344.00,1160.00,-777.00,-35.00,394.00
168.00,446.00,10.00,5083.00,396.00,1258.00,-722.00,-52.00,301.00
158.00,448.00,10.00,4999.00,180.00,1105.00,-706.00,-29.00,159.00
152.00,450.00,12.00,4869.00,80.00,1120.00,-712.00,-62.00,163.00
144.00,450.00,10.00,4989.00,39.00,1084.00,-658.00,-78.00,80.00
134.00,450.00,12.00,4899.00,-62.00,1027.00,-735.00,-35.00,5.00
126.00,448.00,12.00,4793.00,-92.00,925.00,-677.00,-28.00,-9.00
118.00,448.00,12.00,4820.00,-177.00,751.00,-618.00,-101.00,-28.00
110.00,446.00,12.00,4798.00,-151.00,819.00,-690.00,-54.00,-97.00
102.00,442.00,12.00,4827.00,-144.00,765.00,-638.00,-72.00,-129.00
94.00,440.00,10.00,4792.00,-139.00,766.00,-597.00,-80.00,-150.00
88.00,438.00,11.00,4751.00,-94.00,790.00,-584.00,-91.00,-168.00
82.00,432.00,12.00,4776.00,-78.00,764.00,-524.00,-111.00,-158.00
76.00,430.00,10.00,4812.00,8.00,809.00,-463.00,-84.00,-280.00
68.00,424.00,11.00,4695.00,-117.00,707.00,-440.00,-33.00,-356.00
62.00,420.00,11.00,4639.00,-21.00,711.00,-402.00,-62.00,-294.00
58.00,414.00,11.00,4735.00,152.00,727.00,-341.00,-81.00,-334.00
54.00,408.00,12.00,4636.00,161.00,713.00,-345.00,-48.00,-373.00
48.00,404.00,11.00,4602.00,218.00,596.00,-312.00,-80.00,-294.00
44.00,400.00,12.00,4712.00,412.00,675.00,-296.00,-79.00,-381.00
42.00,394.00,10.00,4665.00,426.00,634.00,-270.00,-60.00,-388.00
38.00,388.00,10.00,4544.00,499.00,745.00,-259.00,-59.00,-414.00
36.00,382.00,11.00,4530.00,549.00,643.00,-162.00,-68.00,-379.00
34.00,378.00,10.00,4456.00,644.00,539.00,-132.00,-109.00,-385.00
32.00,372.00,10.00,4354.00,681.00,549.00,-144.00,-72.00,-409.00
30.00,368.00,10.00,4323.00,716.00,562.00,-98.00,-78.00,-354.00
28.00,364.00,10.00,4220.00,800.00,559.00,-67.00,-72.00,-369.00
28.00,358.00,10.00,4153.00,812.00,438.00,-15.00,-148.00,-331.00
28.00,356.00,9.00,3958.00,894.00,384.00,35.00,-74.00,-219.00
28.00,354.00,10.00,3892.00,965.00,350.00,17.00,-89.00,-261.00
28.00,352.00,9.00,3674.00,889.00,447.00,14.00,-67.00,-158.00
28.00,354.00,10.00,3719.00,946.00,418.00,81.00,-14.00,29.00
30.00,354.00,10.00,3814.00,994.00,299.00,77.00,-37.00,54.00
32.00,358.00,10.00,3853.00,992.00,302.00,64.00,15.00,137.00
34.00,362.00,10.00,3950.00,974.00,365.00,36.00,65.00,210.00
34.00,366.00,10.00,4118.00,969.00,208.00,10.00,115.00,240.00
36.00,370.00,10.00,4064.00,917.00,322.00,-26.00,149.00,234.00
38.00,376.00,11.00,4131.00,896.00,463.00,29.00,153.00,324.00
40.00,382.00,10.00,4246.00,871.00,547.00,79.00,163.00,410.00
46.00,390.00,12.00,4382.00,858.00,474.00,67.00,202.00,380.00
50.00,400.00,10.00,4334.00,803.00,689.00,14.00,253.00,357.00
52.00,404.00,11.00,4358.00,778.00,857.00,112.00,234.00,483.00
58.00,414.00,12.00,4669.00,751.00,777.00,275.00,132.00,588.00
64.00,422.00,10.00,4732.00,708.00,827.00,207.00,251.00,415.00
70.00,426.00,12.00,4689.00,621.00,949.00,199.00,282.00,455.00
76.00,432.00,11.00,4738.00,595.00,1205.00,279.00,302.00,499.00
90.00,440.00,10.00,4796.00,449.00,1228.00,426.00,241.00,505.00
96.00,444.00,12.00,5119.00,468.00,1055.00,510.00,268.00,518.00
106.00,446.00,13.00,5036.00,247.00,1473.00,540.00,351.00,464.00
114.00,450.00,10.00,5198.00,99.00,1351.00,779.00,195.00,715.00
126.00,452.00,10.00,5314.00,21.00,1411.00,832.00,169.00,766.00
136.00,454.00,9.00,5686.00,-151.00,1106.00,764.00,292.00,521.00
152.00,450.00,12.00,5561.00,-344.00,1167.00,702.00,265.00,602.00
164.00,448.00,12.00,5579.00,-402.00,1562.00,712.00,283.00,554.00
176.00,440.00,10.00,5601.00,-436.00,1366.00,861.00,224.00,270.00
180.00,436.00,10.00,5387.00,-534.00,1339.00,894.00,78.00,170.00
196.00,422.00,10.00,5266.00,-463.00,1655.00,855.00,86.00,90.00
200.00,416.00,10.00,5237.00,-408.00,1513.00,870.00,105.00,-66.00
214.00,396.00,10.00,5000.00,-383.00,1493.00,903.00,-69.00,-108.00
216.00,390.00,10.00,4991.00,-341.00,1684.00,847.00,-52.00,-217.00
228.00,370.00,10.00,4810.00,-229.00,1522.00,865.00,-108.00,-302.00
230.00,364.00,9.00,4627.00,-215.00,1563.00,847.00,-158.00,-345.00
238.00,346.00,12.00,4664.00,77.00,1612.00,857.00,-206.00,-366.00
246.00,326.00,10.00,4457.00,94.00,1527.00,853.00,-201.00,-452.00
252.00,312.00,10.00,4483.00,223.00,1414.00,859.00,-289.00,-352.00
256.00,304.00,11.00,4584.00,582.00,1253.00,865.00,-315.00,-561.00
260.00,290.00,10.00,4318.00,576.00,950.00,800.00,-355.00,-743.00
264.00,276.00,9.00,4231.00,825.00,1155.00,808.00,-456.00,-704.00
270.00,256.00,10.00,3953.00,1034.00,658.00,804.00,-355.00,-841.00
270.00,250.00,10.00,3884.00,1106.00,274.00,711.00,-309.00,-837.00
274.00,242.00,8.00,3867.00,1294.00,310.00,695.00,-392.00,-839.00
276.00,228.00,10.00,3672.00,1495.00,126.00,670.00,-362.00,-853.00
278.00,220.00,9.00,3622.00,1625.00,-169.00,606.00,-275.00,-875.00
278.00,212.00,9.00,3534.00,1840.00,-433.00,568.00,-341.00,-869.00
280.00,206.00,10.00,3111.00,2023.00,-436.00,511.00,-341.00,-845.00
278.00,200.00,10.00,2880.00,2312.00,-610.00,481.00,-278.00,-820.00
278.00,194.00,8.00,2789.00,2327.00,-1005.00,444.00,-219.00,-778.00
278.00,192.00,8.00,2653.00,2479.00,-1077.00,429.00,-311.00,-808.00
280.00,190.00,7.00,2352.00,2512.00,-1089.00,383.00,-232.00,-750.00
278.00,190.00,7.00,2256.00,2674.00,-1314.00,359.00,-149.00,-728.00
278.00,188.00,8.00,1899.00,2501.00,-1576.00,219.00,-18.00,-662.00
278.00,188.00,8.00,1851.00,2712.00,-1562.00,177.00,-45.00,-406.00
278.00,188.00,8.00,1830.00,2813.00,-1566.00,114.00,-39.00,-421.00
276.00,190.00,10.00,1851.00,2651.00,-1727.00,20.00,-1.00,-212.00
276.00,194.00,8.00,1869.00,2789.00,-1638.00,-135.00,38.00,7.00
276.00,196.00,10.00,2185.00,2861.00,-1508.00,-219.00,86.00,30.00
276.00,200.00,8.00,2215.00,2890.00,-1372.00,-262.00,88.00,134.00
276.00,204.00,9.00,2169.00,3014.00,-1150.00,-323.00,101.00,294.00
278.00,208.00,9.00,2392.00,3039.00,-1091.00,-375.00,181.00,309.00
278.00,214.00,9.00,2563.00,3063.00,-1025.00,-354.00,132.00,372.00
276.00,222.00,9.00,2721.00,3133.00,-803.00,-330.00,81.00,443.00
276.00,228.00,10.00,2822.00,3137.00,-747.00,-330.00,123.00,448.00
274.00,236.00,10.00,2997.00,3180.00,-703.00,-431.00,182.00,486.00
274.00,242.00,9.00,3050.00,3134.00,-459.00,-383.00,174.00,399.00
274.00,252.00,10.00,3174.00,2976.00,-495.00,-398.00,199.00,526.00
272.00,260.00,10.00,3252.00,3018.00,-276.00,-411.00,266.00,441.00
274.00,272.00,11.00,3409.00,2820.00,-395.00,-373.00,203.00,671.00
272.00,282.00,10.00,3979.00,2998.00,15.00,-306.00,140.00,819.00
274.00,290.00,13.00,4168.00,3108.00,160.00,-335.00,212.00,639.00
270.00,300.00,9.00,3983.00,2789.00,-63.00,-324.00,208.00,505.00
268.00,310.00,9.00,4089.00,2586.00,-38.00,-282.00,54.00,698.00
266.00,318.00,9.00,4249.00,2555.00,152.00,-325.00,132.00,481.00
262.00,324.00,12.00,4091.00,2360.00,267.00,-407.00,232.00,376.00
260.00,334.00,10.00,4088.00,2057.00,125.00,-260.00,91.00,613.00
258.00,344.00,9.00,4298.00,1970.00,22.00,-202.00,11.00,630.00
252.00,352.00,10.00,4335.00,1754.00,104.00,-314.00,107.00,625.00
248.00,362.00,10.00,4445.00,1666.00,173.00,-236.00,134.00,632.00
246.00,366.00,10.00,4545.00,1421.00,4.00,-229.00,7.00,765.00
234.00,378.00,10.00,4847.00,1533.00,343.00,-481.00,20.00,705.00
230.00,382.00,10.00,4899.00,1474.00,563.00,-467.00,47.00,602.00
218.00,394.00,10.00,4793.00,1333.00,370.00,-455.00,-62.00,734.00
210.00,400.00,9.00,4909.00,1286.00,489.00,-418.00,-155.00,778.00
200.00,404.00,10.00,4997.00,1183.00,528.00,-575.00,-71.00,617.00
192.00,408.00,10.00,5005.00,1185.00,757.00,-659.00,-61.00,519.00
184.00,410.00,12.00,4812.00,892.00,533.00,-644.00,-90.00,440.00
174.00,416.00,10.00,4830.00,800.00,631.00,-546.00,-139.00,412.00
168.00,416.00,11.00,4720.00,564.00,423.00,-606.00,-141.00,429.00
162.00,420.00,10.00,4715.00,472.00,482.00,-630.00,-126.00,541.00
152.00,420.00,10.00,4952.00,350.00,444.00,-539.00,-107.00,460.00
142.00,422.00,12.00,4939.00,189.00,348.00,-674.00,-125.00,454.00
134.00,424.00,11.00,5115.00,158.00,360.00,-666.00,-158.00,417.00
122.00,426.00,12.00,5119.00,67.00,300.00,-737.00,-205.00,364.00
112.00,422.00,13.00,5146.00,59.00,334.00,-812.00,-148.00,206.00
100.00,422.00,10.00,5183.00,55.00,221.00,-841.00,-260.00,206.00
96.00,420.00,9.00,5183.00,55.00,221.00,-841.00,-260.00,206.00
84.00,416.00,10.00,5083.00,124.00,300.00,-877.00,-128.00,-29.00
78.00,410.00,12.00,4976.00,-10.00,47.00,-873.00,-242.00,-2.00
68.00,406.00,10.00,4943.00,139.00,229.00,-788.00,-139.00,-156.00
62.00,402.00,10.00,4801.00,197.00,-2.00,-677.00,-199.00,-164.00
54.00,396.00,10.00,4763.00,224.00,21.00,-705.00,-163.00,-242.00
50.00,392.00,11.00,4671.00,266.00,-53.00,-684.00,-151.00,-224.00
44.00,384.00,10.00,4668.00,371.00,-108.00,-567.00,-125.00,-312.00
42.00,380.00,10.00,4598.00,356.00,-274.00,-572.00,-151.00,-357.00
38.00,374.00,10.00,4397.00,412.00,-196.00,-627.00,-106.00,-358.00
34.00,368.00,10.00,4499.00,580.00,-118.00,-484.00,-89.00,-364.00
30.00,362.00,10.00,4337.00,637.00,-193.00,-397.00,-117.00,-365.00
28.00,358.00,11.00,4310.00,769.00,-175.00,-316.00,-43.00,-392.00
26.00,354.00,11.00,4260.00,833.00,-148.00,-251.00,-49.00,-399.00
26.00,350.00,10.00,4133.00,861.00,-150.00,-155.00,-31.00,-324.00
26.00,348.00,10.00,4040.00,954.00,-126.00,-80.00,5.00,-237.00
26.00,346.00,9.00,4080.00,941.00,-157.00,-30.00,-2.00,-223.00
26.00,344.00,9.00,4078.00,995.00,-363.00,-36.00,-81.00,-276.00
28.00,344.00,10.00,3813.00,908.00,-230.00,-72.00,42.00,-184.00
28.00,344.00,9.00,3782.00,879.00,-304.00,-24.00,78.00,-49.00
28.00,346.00,9.00,3834.00,915.00,-326.00,-25.00,-15.00,-43.00
30.00,350.00,10.00,3655.00,851.00,-172.00,-34.00,93.00,31.00
32.00,354.00,10.00,3783.00,900.00,-162.00,4.00,185.00,249.00
34.00,360.00,9.00,4125.00,1003.00,-206.00,109.00,107.00,324.00
36.00,364.00,10.00,4230.00,969.00,-101.00,50.00,176.00,287.00
40.00,372.00,11.00,4295.00,989.00,25.00,4.00,275.00,281.00
44.00,378.00,12.00,4412.00,980.00,29.00,106.00,231.00,318.00
46.00,386.00,11.00,4430.00,919.00,315.00,111.00,271.00,321.00
50.00,392.00,10.00,4421.00,906.00,451.00,138.00,342.00,356.00
56.00,400.00,11.00,4617.00,879.00,282.00,293.00,251.00,392.00
66.00,408.00,10.00,4602.00,764.00,382.00,350.00,246.00,388.00
72.00,414.00,11.00,4808.00,762.00,346.00,241.00,371.00,340.00
78.00,418.00,12.00,4840.00,696.00,723.00,328.00,363.00,361.00
86.00,426.00,13.00,5024.00,652.00,966.00,477.00,372.00,498.00
98.00,432.00,12.00,5272.00,635.00,905.00,609.00,359.00,578.00
104.00,434.00,10.00,5632.00,623.00,801.00,645.00,334.00,490.00
122.00,438.00,11.00,5657.00,475.00,1136.00,663.00,437.00,494.00
132.00,438.00,12.00,5894.00,370.00,995.00,818.00,383.00,508.00
142.00,438.00,11.00,5964.00,152.00,938.00,891.00,251.00,465.00
152.00,434.00,9.00,5996.00,84.00,909.00,835.00,242.00,335.00
170.00,422.00,10.00,5969.00,-62.00,1073.00,840.00,234.00,152.00
174.00,416.00,11.00,5864.00,-299.00,1142.00,889.00,126.00,74.00
192.00,402.00,10.00,5463.00,-335.00,1067.00,963.00,106.00,202.00
202.00,388.00,10.00,5343.00,-323.00,1219.00,911.00,-79.00,-127.00
204.00,382.00,11.00,5019.00,-421.00,1100.00,926.00,-171.00,-57.00
214.00,370.00,10.00,5019.00,-421.00,1100.00,926.00,-171.00,-57.00
222.00,356.00,10.00,4953.00,-278.00,1049.00,948.00,-234.00,38.00
230.00,340.00,10.00,4928.00,-90.00,773.00,854.00,-169.00,-308.00
240.00,318.00,9.00,4715.00,-354.00,858.00,802.00,-302.00,-129.00
244.00,312.00,10.00,4417.00,16.00,532.00,781.00,-158.00,-440.00
248.00,294.00,11.00,4418.00,277.00,536.00,714.00,-494.00,-340.00
254.00,282.00,9.00,4416.00,536.00,710.00,723.00,-547.00,-470.00
260.00,270.00,10.00,4239.00,539.00,182.00,662.00,-330.00,-720.00
264.00,258.00,8.00,4036.00,636.00,-36.00,605.00,-494.00,-816.00
268.00,242.00,10.00,3822.00,839.00,-74.00,555.00,-401.00,-752.00
270.00,226.00,8.00,3822.00,839.00,-74.00,555.00,-401.00,-752.00
272.00,220.00,10.00,3769.00,1044.00,-331.00,534.00,-329.00,-763.00
274.00,210.00,10.00,3511.00,1242.00,-606.00,451.00,-396.00,-787.00
276.00,204.00,10.00,3432.00,1536.00,-692.00,443.00,-330.00,-783.00
278.00,198.00,10.00,3366.00,1677.00,-997.00,394.00,-235.00,-974.00
278.00,190.00,10.00,3188.00,1659.00,-1116.00,346.00,-294.00,-911.00
278.00,186.00,8.00,3146.00,2017.00,-1007.00,350.00,-317.00,-853.00
280.00,182.00,8.00,2820.00,2103.00,-1233.00,294.00,-126.00,-1002.00
280.00,180.00,7.00,2680.00,2035.00,-1491.00,292.00,-165.00,-937.00
278.00,178.00,9.00,2372.00,2142.00,-1510.00,197.00,-188.00,-805.00
278.00,176.00,7.00,2249.00,2350.00,-1610.00,153.00,-161.00,-798.00
278.00,176.00,8.00,1817.00,2293.00,-1624.00,81.00,-50.00,-746.00
280.00,178.00,7.00,1817.00,2293.00,-1624.00,81.00,-50.00,-746.00
278.00,178.00,7.00,1846.00,2328.00,-1697.00,55.00,-36.00,-520.00
276.00,180.00,7.00,2020.00,2539.00,-1686.00,-34.00,44.00,-197.00
278.00,186.00,7.00,2242.00,2749.00,-1671.00,-193.00,42.00,-122.00
278.00,188.00,8.00,2093.00,2878.00,-1382.00,-263.00,115.00,-159.00
276.00,194.00,10.00,2368.00,2818.00,-1423.00,-174.00,88.00,54.00
276.00,198.00,10.00,2482.00,3106.00,-1338.00,-308.00,91.00,143.00
276.00,204.00,10.00,2514.00,3035.00,-1165.00,-273.00,168.00,87.00
280.00,210.00,9.00,2525.00,2963.00,-1284.00,-292.00,161.00,298.00
280.00,218.00,9.00,2909.00,3172.00,-1111.00,-299.00,57.00,446.00
280.00,226.00,10.00,2994.00,2919.00,-996.00,-375.00,227.00,503.00
282.00,234.00,12.00,3226.00,2846.00,-866.00,-371.00,223.00,607.00
280.00,244.00,10.00,3316.00,3031.00,-798.00,-342.00,245.00,530.00
278.00,252.00,10.00,3154.00,2690.00,-722.00,-506.00,289.00,490.00
276.00,258.00,10.00,3322.00,2652.00,-395.00,-536.00,283.00,653.00
276.00,284.00,10.00,3720.00,2502.00,-446.00,-396.00,211.00,627.00
274.00,294.00,10.00,3807.00,2418.00,-186.00,-526.00,260.00,707.00
270.00,304.00,9.00,3998.00,2378.00,40.00,-471.00,270.00,644.00
268.00,314.00,9.00,4119.00,2335.00,7.00,-483.00,218.00,811.00
266.00,328.00,10.00,4354.00,2409.00,170.00,-361.00,173.00,787.00
264.00,334.00,9.00,4404.00,2150.00,117.00,-434.00,204.00,697.00
258.00,350.00,10.00,4659.00,2182.00,556.00,-455.00,163.00,695.00
256.00,354.00,10.00,4601.00,2022.00,399.00,-384.00,109.00,587.00
248.00,366.00,13.00,4487.00,1825.00,308.00,-424.00,80.00,636.00
246.00,378.00,10.00,4795.00,1806.00,616.00,-401.00,25.00,573.00
240.00,386.00,9.00,4711.00,1635.00,580.00,-467.00,119.00,498.00
236.00,392.00,10.00,4725.00,1508.00,529.00,-454.00,92.00,502.00
230.00,400.00,10.00,4787.00,1410.00,718.00,-402.00,-49.00,518.00
228.00,402.00,10.00,4756.00,1249.00,628.00,-435.00,37.00,483.00
220.00,412.00,10.00,4750.00,1153.00,596.00,-403.00,-39.00,459.00
216.00,414.00,10.00,4724.00,999.00,615.00,-411.00,-56.00,417.00
208.00,422.00,10.00,4781.00,965.00,773.00,-476.00,-24.00,466.00
202.00,424.00,12.00,4907.00,923.00,775.00,-478.00,-1.00,355.00
198.00,428.00,10.00,4750.00,686.00,621.00,-429.00,-94.00,410.00
192.00,432.00,10.00,4776.00,572.00,729.00,-449.00,-24.00,364.00
186.00,436.00,10.00,4729.00,356.00,544.00,-488.00,-74.00,384.00
178.00,440.00,10.00,4799.00,294.00,659.00,-455.00,-82.00,346.00
172.00,442.00,10.00,4769.00,139.00,558.00,-510.00,-55.00,349.00
162.00,446.00,10.00,4773.00,12.00,493.00,-562.00,-123.00,449.00
156.00,446.00,12.00,4920.00,76.00,639.00,-482.00,-106.00,317.00
148.00,450.00,12.00,4947.00,3.00,534.00,-527.00,-65.00,262.00
140.00,450.00,11.00,4913.00,-44.00,428.00,-596.00,-88.00,275.00
132.00,450.00,11.00,4945.00,-59.00,482.00,-530.00,-175.00,290.00
126.00,450.00,11.00,4923.00,-206.00,260.00,-619.00,-148.00,248.00
116.00,446.00,13.00,4998.00,-269.00,151.00,-640.00,-200.00,160.00
108.00,448.00,10.00,4929.00,-308.00,131.00,-657.00,-205.00,86.00
98.00,444.00,9.00,4995.00,-322.00,92.00,-621.00,-188.00,48.00
92.00,442.00,11.00,4992.00,-288.00,49.00,-633.00,-226.00,-20.00
84.00,438.00,10.00,4828.00,-252.00,41.00,-711.00,-180.00,-104.00
78.00,436.00,10.00,4790.00,-222.00,115.00,-681.00,-144.00,-75.00
70.00,430.00,10.00,4849.00,-120.00,17.00,-608.00,-156.00,-90.00
64.00,424.00,10.00,4855.00,-151.00,-132.00,-661.00,-164.00,-194.00
58.00,420.00,11.00,4704.00,-81.00,-129.00,-655.00,-126.00,-223.00
54.00,416.00,10.00,4745.00,-71.00,-191.00,-559.00,-114.00,-242.00
48.00,410.00,10.00,4743.00,23.00,-282.00,-485.00,-190.00,-225.00
44.00,406.00,10.00,4713.00,118.00,-224.00,-493.00,-162.00,-257.00
40.00,400.00,11.00,4678.00,141.00,-297.00,-465.00,-132.00,-260.00
36.00,394.00,11.00,4644.00,186.00,-378.00,-384.00,-153.00,-266.00
34.00,390.00,11.00,4595.00,292.00,-383.00,-359.00,-129.00,-278.00
30.00,384.00,11.00,4515.00,295.00,-435.00,-322.00,-159.00,-282.00
28.00,380.00,10.00,4382.00,363.00,-363.00,-287.00,-118.00,-239.00
26.00,376.00,10.00,4497.00,522.00,-602.00,-153.00,-152.00,-267.00
24.00,372.00,10.00,4497.00,522.00,-602.00,-153.00,-152.00,-267.00
24.00,368.00,9.00,4246.00,512.00,-460.00,-179.00,-51.00,-237.00
22.00,366.00,10.00,4212.00,543.00,-515.00,-139.00,-45.00,-170.00
22.00,364.00,10.00,4139.00,604.00,-510.00,2.00,-57.00,-50.00
22.00,364.00,9.00,4091.00,608.00,-495.00,-36.00,-5.00,-52.00
22.00,362.00,10.00,4046.00,616.00,-485.00,-9.00,25.00,-51.00
22.00,364.00,10.00,3969.00,576.00,-450.00,14.00,49.00,32.00
24.00,364.00,10.00,3969.00,577.00,-462.00,59.00,54.00,100.00
24.00,368.00,9.00,3974.00,552.00,-427.00,39.00,85.00,126.00
24.00,370.00,10.00,3998.00,524.00,-431.00,19.00,136.00,150.00
28.00,376.00,10.00,4030.00,500.00,-294.00,49.00,154.00,221.00
30.00,380.00,10.00,4145.00,510.00,-280.00,117.00,144.00,286.00
32.00,384.00,9.00,4144.00,395.00,-166.00,104.00,242.00,274.00
36.00,394.00,10.00,4122.00,363.00,-65.00,74.00,280.00,306.00
38.00,400.00,10.00,4237.00,321.00,26.00,176.00,241.00,385.00
44.00,410.00,12.00,4453.00,341.00,37.00,222.00,267.00,456.00
48.00,418.00,12.00,4546.00,302.00,184.00,201.00,314.00,444.00
56.00,426.00,12.00,4669.00,252.00,255.00,311.00,323.00,484.00
62.00,434.00,10.00,4852.00,173.00,362.00,389.00,317.00,559.00
70.00,444.00,10.00,4980.00,88.00,356.00,363.00,409.00,588.00
78.00,450.00,10.00,5196.00,85.00,794.00,451.00,519.00,594.00
92.00,460.00,12.00,5486.00,4.00,650.00,611.00,441.00,537.00
100.00,464.00,11.00,5509.00,-134.00,762.00,621.00,377.00,528.00
114.00,468.00,12.00,5876.00,-124.00,828.00,759.00,344.00,342.00
132.00,468.00,9.00,5716.00,-483.00,904.00,944.00,262.00,334.00
144.00,464.00,10.00,5704.00,-585.00,948.00,970.00,197.00,402.00
150.00,464.00,10.00,5927.00,-553.00,1103.00,1015.00,221.00,73.00
172.00,454.00,10.00,5722.00,-774.00,1131.00,1060.00,66.00,127.00
186.00,446.00,10.00,5650.00,-746.00,1110.00,1037.00,179.00,142.00
196.00,434.00,11.00,5431.00,-876.00,1046.00,1016.00,55.00,-159.00
202.00,430.00,9.00,5212.00,-825.00,1043.00,994.00,-13.00,-80.00
214.00,418.00,10.00,5106.00,-717.00,1094.00,971.00,-57.00,-230.00
230.00,398.00,10.00,5106.00,-717.00,1094.00,971.00,-57.00,-230.00
234.00,392.00,10.00,4920.00,-852.00,1072.00,881.00,-16.00,-261.00
248.00,370.00,10.00,4776.00,-533.00,1006.00,925.00,-131.00,-169.00
254.00,354.00,8.00,4690.00,-544.00,1074.00,810.00,-32.00,-451.00
256.00,348.00,11.00,4606.00,-399.00,1020.00,882.00,-267.00,-324.00
266.00,330.00,10.00,4478.00,-76.00,963.00,859.00,-223.00,-431.00
268.00,322.00,9.00,4421.00,310.00,872.00,805.00,-363.00,-598.00
274.00,302.00,10.00,4464.00,604.00,822.00,754.00,-260.00,-716.00
278.00,290.00,10.00,4415.00,761.00,558.00,741.00,-319.00,-846.00
282.00,276.00,9.00,4349.00,878.00,636.00,721.00,-329.00,-849.00
284.00,266.00,9.00,4225.00,1176.00,551.00,718.00,-341.00,-908.00
286.00,256.00,12.00,4059.00,1342.00,372.00,753.00,-372.00,-849.00
288.00,246.00,10.00,3826.00,1550.00,79.00,724.00,-342.00,-971.00
292.00,238.00,10.00,3690.00,1556.00,-168.00,752.00,-396.00,-935.00
292.00,230.00,9.00,3465.00,1695.00,-358.00,675.00,-323.00,-879.00
294.00,222.00,9.00,3383.00,1846.00,-550.00,704.00,-309.00,-885.00
296.00,216.00,10.00,3320.00,1914.00,-765.00,686.00,-294.00,-879.00
294.00,212.00,8.00,2921.00,1965.00,-1022.00,580.00,-262.00,-793.00
294.00,208.00,7.00,2838.00,2149.00,-1130.00,532.00,-220.00,-755.00
294.00,206.00,7.00,2641.00,2174.00,-1397.00,464.00,-196.00,-682.00
294.00,204.00,8.00,2551.00,2292.00,-1539.00,425.00,-167.00,-665.00
294.00,204.00,7.00,2362.00,2438.00,-1753.00,331.00,-128.00,-592.00
294.00,202.00,7.00,1949.00,2311.00,-1985.00,215.00,-110.00,-408.00
294.00,204.00,6.00,1935.00,2472.00,-2120.00,89.00,-44.00,-243.00
292.00,204.00,7.00,1904.00,2417.00,-2257.00,-48.00,41.00,-254.00
290.00,204.00,10.00,1892.00,2360.00,-2161.00,-210.00,14.00,-32.00
292.00,206.00,7.00,2100.00,2587.00,-1885.00,-208.00,-66.00,95.00
292.00,210.00,7.00,2217.00,2560.00,-1665.00,-297.00,55.00,162.00
292.00,212.00,8.00,2286.00,2581.00,-1718.00,-356.00,119.00,227.00
294.00,216.00,9.00,2381.00,2633.00,-1679.00,-518.00,130.00,339.00
290.00,222.00,10.00,2407.00,2780.00,-1198.00,-482.00,106.00,281.00
290.00,228.00,9.00,2481.00,2759.00,-943.00,-508.00,208.00,388.00
294.00,232.00,10.00,3034.00,2926.00,-931.00,-528.00,267.00,450.00
292.00,240.00,10.00,3073.00,2680.00,-759.00,-460.00,207.00,619.00
292.00,248.00,10.00,3531.00,2814.00,-616.00,-429.00,184.00,703.00
292.00,258.00,10.00,3562.00,2726.00,-623.00,-540.00,289.00,467.00
290.00,266.00,10.00,3508.00,2609.00,-323.00,-509.00,214.00,561.00
290.00,276.00,10.00,3976.00,2687.00,4.00,-400.00,153.00,678.00
288.00,282.00,10.00,4180.00,2753.00,31.00,-446.00,256.00,508.00
284.00,294.00,10.00,3961.00,2449.00,-115.00,-558.00,314.00,398.00
284.00,304.00,9.00,3945.00,2414.00,262.00,-525.00,168.00,607.00
280.00,314.00,9.00,4022.00,2458.00,299.00,-400.00,184.00,470.00
278.00,322.00,10.00,3942.00,2096.00,168.00,-557.00,260.00,515.00
278.00,330.00,9.00,4255.00,2210.00,732.00,-470.00,121.00,709.00
274.00,340.00,9.00,4308.00,2151.00,645.00,-380.00,211.00,534.00
270.00,354.00,10.00,4182.00,1763.00,179.00,-509.00,162.00,648.00
268.00,360.00,9.00,4501.00,1676.00,570.00,-555.00,106.00,755.00
264.00,370.00,9.00,4500.00,1425.00,457.00,-540.00,150.00,619.00
256.00,384.00,10.00,4637.00,1284.00,660.00,-658.00,86.00,774.00
252.00,394.00,11.00,4770.00,1225.00,837.00,-598.00,106.00,676.00
248.00,400.00,10.00,4678.00,924.00,669.00,-701.00,113.00,670.00
236.00,414.00,9.00,4913.00,873.00,1151.00,-752.00,69.00,777.00
230.00,422.00,9.00,4981.00,796.00,1288.00,-684.00,74.00,547.00
226.00,426.00,10.00,4732.00,558.00,1033.00,-732.00,2.00,691.00
216.00,436.00,12.00,4947.00,534.00,1122.00,-596.00,-2.00,560.00
206.00,444.00,10.00,4904.00,270.00,1015.00,-694.00,-53.00,585.00
200.00,448.00,10.00,5022.00,371.00,1371.00,-690.00,-54.00,643.00
196.00,450.00,10.00,5142.00,301.00,1357.00,-666.00,60.00,372.00
188.00,454.00,10.00,4763.00,9.00,1079.00,-710.00,-15.00,439.00
182.00,458.00,10.00,4761.00,-96.00,1208.00,-627.00,-25.00,346.00
170.00,462.00,10.00,4666.00,-307.00,989.00,-564.00,6.00,259.00
166.00,464.00,10.00,4509.00,-529.00,839.00,-613.00,-52.00,386.00
158.00,466.00,10.00,4616.00,-727.00,870.00,-618.00,-37.00,296.00
152.00,468.00,9.00,4643.00,-769.00,834.00,-630.00,-24.00,342.00
136.00,472.00,10.00,4880.00,-734.00,882.00,-606.00,-25.00,150.00
128.00,472.00,9.00,4844.00,-848.00,744.00,-635.00,4.00,100.00
116.00,472.00,10.00,4937.00,-820.00,750.00,-673.00,-58.00,75.00
112.00,470.00,10.00,4872.00,-826.00,815.00,-629.00,-3.00,-48.00
106.00,468.00,11.00,4789.00,-837.00,765.00,-590.00,13.00,-100.00
98.00,464.00,11.00,4703.00,-778.00,735.00,-545.00,9.00,-162.00
90.00,462.00,10.00,4700.00,-806.00,635.00,-511.00,-10.00,-180.00
88.00,460.00,10.00,4592.00,-785.00,677.00,-502.00,-5.00,-227.00
80.00,456.00,11.00,4609.00,-795.00,574.00,-437.00,-36.00,-182.00
74.00,452.00,10.00,4541.00,-722.00,642.00,-395.00,-4.00,-199.00
70.00,448.00,10.00,4534.00,-688.00,518.00,-319.00,-36.00,-171.00
68.00,444.00,10.00,4575.00,-654.00,463.00,-301.00,-49.00,-186.00
62.00,442.00,10.00,4507.00,-635.00,503.00,-293.00,-39.00,-174.00
60.00,440.00,10.00,4469.00,-611.00,491.00,-275.00,-30.00,-168.00
56.00,436.00,9.00,4655.00,-497.00,426.00,-205.00,-52.00,-137.00
54.00,432.00,11.00,4478.00,-484.00,451.00,-182.00,-40.00,-190.00
50.00,430.00,10.00,4362.00,-503.00,490.00,-160.00,-45.00,-152.00
50.00,426.00,10.00,4408.00,-411.00,392.00,-92.00,-71.00,-64.00
48.00,424.00,9.00,4279.00,-400.00,478.00,-75.00,-42.00,-108.00
46.00,422.00,10.00,4212.00,-433.00,442.00,-30.00,-32.00,-20.00
46.00,422.00,10.00,4238.00,-370.00,402.00,-26.00,-15.00,4.00
46.00,420.00,11.00,4323.00,-377.00,327.00,-10.00,13.00,-6.00
48.00,420.00,9.00,4391.00,-372.00,267.00,7.00,11.00,16.00
46.00,422.00,9.00,4435.00,-349.00,235.00,-19.00,50.00,13.00
46.00,422.00,9.00,4497.00,-394.00,175.00,-13.00,44.00,10.00
48.00,422.00,10.00,4525.00,-385.00,177.00,-14.00,49.00,20.00
46.00,422.00,10.00,4621.00,-371.00,167.00,14.00,30.00,15.00
48.00,422.00,10.00,4640.00,-343.00,166.00,40.00,36.00,-29.00
48.00,422.00,9.00,4656.00,-338.00,150.00,14.00,102.00,-50.00
48.00,422.00,9.00,4590.00,-323.00,136.00,-11.00,58.00,56.00
48.00,422.00,10.00,4673.00,-366.00,148.00,-5.00,18.00,72.00
48.00,424.00,9.00,4710.00,-410.00,135.00,24.00,-8.00,50.00
48.00,424.00,9.00,4657.00,-412.00,126.00,-24.00,15.00,13.00
48.00,422.00,11.00,4657.00,-412.00,126.00,-24.00,15.00,13.00
48.00,424.00,9.00,4651.00,-395.00,211.00,-33.00,40.00,-5.00
48.00,422.00,9.00,4703.00,-403.00,225.00,-7.00,44.00,-86.00
48.00,422.00,10.00,4662.00,-373.00,233.00,-50.00,105.00,-135.00
48.00,420.00,11.00,4537.00,-287.00,217.00,-1.00,66.00,-132.00
48.00,420.00,9.00,4512.00,-369.00,321.00,13.00,-89.00,-155.00
