272.00,118.00,15.55,-264.00,4207.00,1216.00,73.00,-21.00,87.00
273.00,117.00,15.65,-386.00,4239.00,1225.00,-111.00,-50.00,62.00
274.00,116.00,15.71,-419.00,4136.00,1324.00,-97.00,-96.00,92.00
276.00,115.00,15.81,-380.00,4074.00,1390.00,72.00,-53.00,135.00
280.00,114.00,15.82,-320.00,4040.00,1309.00,55.00,69.00,223.00
284.00,113.00,15.86,-222.00,4146.00,1412.00,43.00,119.00,252.00
288.00,112.00,15.67,-208.00,4108.00,1325.00,113.00,87.00,183.00
293.00,111.00,15.65,-215.00,4076.00,1320.00,133.00,65.00,252.00
298.00,110.00,15.63,-165.00,3989.00,1251.00,111.00,122.00,304.00
305.00,109.00,15.64,-78.00,4013.00,1187.00,117.00,182.00,332.00
311.00,109.00,15.70,8.00,3913.00,1102.00,126.00,152.00,306.00
319.00,109.00,15.75,1.00,3871.00,1052.00,124.00,111.00,358.00
327.00,110.00,15.74,59.00,3857.00,1081.00,124.00,157.00,414.00
335.00,111.00,15.66,273.00,3944.00,938.00,134.00,158.00,436.00
343.00,113.00,15.67,428.00,3848.00,907.00,103.00,90.00,489.00
352.00,115.00,15.73,820.00,3918.00,958.00,93.00,205.00,485.00
360.00,118.00,15.74,794.00,3754.00,823.00,64.00,198.00,436.00
368.00,121.00,15.78,829.00,3712.00,864.00,82.00,108.00,476.00
376.00,126.00,15.76,940.00,3699.00,804.00,90.00,117.00,587.00
384.00,131.00,15.84,1234.00,3749.00,741.00,46.00,181.00,547.00
392.00,136.00,15.54,1446.00,3672.00,721.00,31.00,114.00,585.00
398.00,143.00,15.67,1349.00,3615.00,702.00,-1.00,117.00,508.00
405.00,149.00,15.74,1515.00,3653.00,780.00,21.00,131.00,633.00
411.00,157.00,15.72,1752.00,3624.00,671.00,27.00,78.00,600.00
416.00,165.00,15.72,2003.00,3791.00,895.00,-47.00,115.00,588.00
421.00,172.00,15.79,2086.00,3626.00,874.00,-71.00,151.00,521.00
424.00,180.00,15.84,2263.00,3638.00,870.00,-64.00,57.00,463.00
426.00,188.00,15.88,2181.00,3677.00,927.00,-106.00,126.00,416.00
428.00,196.00,15.86,2379.00,3540.00,896.00,-127.00,95.00,435.00
429.00,204.00,15.80,2442.00,3540.00,920.00,-128.00,-6.00,426.00
429.00,212.00,15.66,2462.00,3621.00,1121.00,-185.00,85.00,303.00
428.00,220.00,15.67,2419.00,3517.00,1095.00,-186.00,135.00,320.00
428.00,228.00,15.55,2405.00,3429.00,1032.00,-139.00,-7.00,415.00
426.00,236.00,15.55,2508.00,3431.00,1204.00,-217.00,-11.00,404.00
424.00,244.00,15.68,2811.00,3263.00,1279.00,-216.00,70.00,277.00
421.00,252.00,15.68,2592.00,3178.00,1237.00,-204.00,26.00,275.00
418.00,260.00,15.69,2582.00,3223.00,1165.00,-275.00,21.00,364.00
414.00,268.00,15.68,2913.00,3259.00,1391.00,-282.00,43.00,227.00
409.00,276.00,15.80,2858.00,3041.00,1318.00,-252.00,-15.00,164.00
403.00,284.00,15.86,2715.00,2982.00,1277.00,-355.00,-6.00,190.00
397.00,292.00,15.89,2791.00,3041.00,1288.00,-410.00,31.00,190.00
390.00,300.00,16.02,2994.00,3169.00,1487.00,-420.00,-29.00,104.00
382.00,306.00,16.11,3262.00,3154.00,1645.00,-402.00,-134.00,44.00
372.00,312.00,16.12,3257.00,3222.00,1654.00,-484.00,-99.00,6.00
362.00,316.00,15.95,3323.00,3502.00,1997.00,-427.00,-200.00,-260.00
352.00,318.00,16.08,3418.00,3480.00,2163.00,-371.00,-232.00,-275.00
340.00,319.00,16.09,3135.00,3500.00,2014.00,-400.00,-151.00,-403.00
327.00,318.00,16.09,2947.00,3434.00,1972.00,-354.00,-232.00,-426.00
315.00,316.00,16.05,2848.00,3374.00,1908.00,-297.00,-327.00,-424.00
302.00,314.00,16.10,2600.00,3457.00,1835.00,-345.00,-269.00,-469.00
290.00,311.00,16.08,2487.00,3454.00,2040.00,-337.00,-245.00,-492.00
277.00,307.00,16.19,2487.00,3479.00,2138.00,-234.00,-308.00,-446.00
266.00,303.00,16.36,2196.00,3653.00,1949.00,-167.00,-343.00,-408.00
254.00,298.00,16.48,2161.00,3863.00,2112.00,-121.00,-262.00,-423.00
244.00,292.00,16.49,1989.00,3896.00,2144.00,-89.00,-264.00,-406.00
236.00,284.00,16.55,1993.00,3992.00,2091.00,8.00,-313.00,-349.00
228.00,276.00,16.30,1809.00,3981.00,2116.00,46.00,-220.00,-430.00
223.00,268.00,16.27,1672.00,3915.00,1921.00,114.00,-177.00,-326.00
219.00,259.00,16.26,1672.00,3942.00,1807.00,174.00,-198.00,-253.00
214.00,249.00,16.31,1730.00,4013.00,1678.00,144.00,-121.00,-327.00
212.00,239.00,16.25,1621.00,3933.00,1740.00,162.00,-92.00,-367.00
210.00,229.00,16.34,1503.00,3877.00,1665.00,217.00,-128.00,-260.00
209.00,219.00,16.30,1719.00,3909.00,1556.00,211.00,-88.00,-180.00
209.00,208.00,16.34,1590.00,3872.00,1409.00,268.00,-64.00,-351.00
210.00,198.00,16.25,1423.00,3693.00,1433.00,251.00,-45.00,-174.00
212.00,188.00,16.29,1361.00,3641.00,1373.00,180.00,63.00,-159.00
214.00,179.00,16.37,1297.00,3629.00,1257.00,244.00,52.00,-187.00
218.00,171.00,16.35,1209.00,3524.00,1135.00,343.00,-59.00,-8.00
222.00,163.00,16.40,1285.00,3530.00,1052.00,198.00,126.00,-16.00
227.00,156.00,16.32,1392.00,3575.00,1002.00,216.00,48.00,20.00
233.00,150.00,16.30,1392.00,3524.00,1127.00,285.00,-14.00,18.00
239.00,144.00,16.27,1510.00,3600.00,941.00,292.00,117.00,82.00
245.00,139.00,16.22,1617.00,3708.00,837.00,226.00,113.00,31.00
252.00,135.00,16.02,1452.00,3627.00,829.00,274.00,86.00,66.00
259.00,131.00,16.01,1602.00,3692.00,690.00,258.00,96.00,97.00
265.00,128.00,16.01,1537.00,3663.00,574.00,199.00,170.00,6.00
272.00,125.00,16.02,1527.00,3668.00,663.00,228.00,100.00,87.00
279.00,123.00,16.00,1617.00,3684.00,517.00,231.00,127.00,120.00
286.00,121.00,15.88,1635.00,3678.00,525.00,135.00,181.00,73.00
293.00,120.00,15.96,1524.00,3616.00,630.00,130.00,160.00,70.00
301.00,119.00,16.00,1452.00,3656.00,595.00,181.00,186.00,139.00
308.00,120.00,16.00,1637.00,3708.00,457.00,184.00,246.00,136.00
316.00,120.00,15.92,1835.00,3843.00,500.00,159.00,166.00,285.00
324.00,121.00,15.93,1889.00,3812.00,444.00,138.00,260.00,150.00
332.00,122.00,15.91,1853.00,3788.00,414.00,159.00,196.00,195.00
339.00,123.00,15.89,1806.00,3673.00,429.00,147.00,193.00,204.00
347.00,125.00,15.85,1826.00,3584.00,375.00,100.00,175.00,260.00
355.00,127.00,15.81,2010.00,3522.00,404.00,97.00,209.00,276.00
362.00,130.00,15.79,1965.00,3497.00,366.00,55.00,244.00,267.00
370.00,133.00,15.88,2204.00,3512.00,470.00,69.00,184.00,367.00
377.00,137.00,15.89,2121.00,3432.00,427.00,77.00,217.00,307.00
384.00,142.00,15.95,2252.00,3283.00,446.00,45.00,151.00,462.00
391.00,147.00,15.96,2474.00,3298.00,343.00,13.00,187.00,406.00
396.00,152.00,15.98,2714.00,3286.00,385.00,19.00,135.00,436.00
402.00,158.00,16.01,2814.00,3253.00,379.00,27.00,131.00,393.00
405.00,164.00,16.09,2715.00,3137.00,445.00,-44.00,159.00,320.00
409.00,171.00,16.08,2647.00,3301.00,489.00,-77.00,138.00,386.00
412.00,178.00,16.08,2672.00,3267.00,574.00,-40.00,85.00,462.00
414.00,185.00,16.27,3029.00,3290.00,726.00,-30.00,97.00,363.00
416.00,191.00,16.31,2777.00,3175.00,657.00,-118.00,156.00,261.00
417.00,199.00,16.35,2799.00,3131.00,670.00,-108.00,112.00,380.00
418.00,206.00,16.31,3006.00,3159.00,631.00,-86.00,71.00,371.00
418.00,214.00,16.30,3006.00,3147.00,805.00,-151.00,119.00,336.00
418.00,221.00,16.40,2980.00,3022.00,825.00,-156.00,161.00,323.00
418.00,228.00,16.34,2954.00,2904.00,824.00,-159.00,110.00,317.00
416.00,235.00,16.28,3222.00,2951.00,808.00,-216.00,130.00,193.00
414.00,242.00,16.29,3482.00,2934.00,1004.00,-208.00,40.00,192.00
412.00,248.00,16.28,3363.00,2911.00,1016.00,-229.00,83.00,81.00
408.00,255.00,16.26,2972.00,2761.00,1052.00,-320.00,206.00,23.00
404.00,261.00,16.25,3168.00,2869.00,1184.00,-252.00,35.00,117.00
400.00,268.00,16.13,3144.00,2794.00,1166.00,-308.00,59.00,79.00
396.00,274.00,16.15,3122.00,2798.00,1359.00,-352.00,132.00,89.00
391.00,281.00,16.15,3230.00,2705.00,1381.00,-308.00,74.00,98.00
385.00,287.00,16.21,3352.00,2612.00,1344.00,-302.00,50.00,131.00
379.00,293.00,16.34,3356.00,2969.00,1200.00,-386.00,57.00,43.00
372.00,298.00,16.28,3497.00,3120.00,1368.00,-404.00,-1.00,12.00
364.00,302.00,16.33,3575.00,2940.00,1784.00,-403.00,-8.00,-134.00
357.00,305.00,16.30,3221.00,2681.00,1858.00,-380.00,79.00,-214.00
348.00,309.00,16.28,3341.00,2913.00,1377.00,-380.00,-99.00,-130.00
339.00,312.00,16.36,3411.00,2951.00,1771.00,-461.00,-84.00,-142.00
329.00,314.00,16.37,3492.00,2952.00,1800.00,-391.00,-136.00,-168.00
319.00,315.00,16.45,3420.00,2850.00,1837.00,-360.00,-159.00,-256.00
308.00,315.00,16.51,3249.00,2997.00,1814.00,-399.00,-193.00,-279.00
297.00,314.00,16.36,3315.00,3167.00,1899.00,-380.00,-280.00,-295.00
285.00,312.00,16.52,3262.00,3263.00,2122.00,-334.00,-299.00,-311.00
274.00,309.00,16.52,3269.00,3243.00,2178.00,-282.00,-269.00,-276.00
264.00,304.00,16.38,3094.00,3339.00,2046.00,-253.00,-266.00,-414.00
254.00,298.00,16.48,2937.00,3397.00,2096.00,-184.00,-275.00,-387.00
244.00,291.00,16.63,2976.00,3442.00,2094.00,-127.00,-291.00,-403.00
236.00,282.00,16.57,2896.00,3505.00,2146.00,-82.00,-256.00,-475.00
228.00,273.00,16.61,2645.00,3490.00,2029.00,1.00,-246.00,-481.00
222.00,264.00,16.73,2468.00,3600.00,1872.00,81.00,-243.00,-423.00
217.00,253.00,16.61,2398.00,3639.00,1826.00,73.00,-188.00,-438.00
212.00,243.00,16.60,2189.00,3665.00,1847.00,131.00,-187.00,-443.00
210.00,232.00,16.59,2132.00,3720.00,1645.00,204.00,-188.00,-337.00
210.00,221.00,16.59,2086.00,3721.00,1602.00,238.00,-102.00,-274.00
210.00,210.00,16.57,2022.00,3627.00,1438.00,256.00,-89.00,-311.00
210.00,199.00,16.57,1977.00,3563.00,1163.00,274.00,-112.00,-224.00
212.00,188.00,16.53,1959.00,3486.00,1163.00,228.00,-59.00,-202.00
214.00,178.00,16.54,2005.00,3479.00,1181.00,257.00,-18.00,-248.00
218.00,168.00,16.63,1815.00,3381.00,1074.00,326.00,-98.00,-143.00
221.00,160.00,16.66,1910.00,3432.00,978.00,275.00,-36.00,-76.00
226.00,152.00,16.66,1816.00,3438.00,970.00,235.00,46.00,-128.00
231.00,144.00,16.63,1735.00,3359.00,1000.00,252.00,31.00,-84.00
237.00,138.00,16.50,1812.00,3366.00,799.00,275.00,89.00,-1.00
244.00,132.00,16.50,1737.00,3346.00,698.00,251.00,83.00,79.00
251.00,127.00,16.39,1737.00,3346.00,698.00,251.00,83.00,79.00
259.00,123.00,16.33,1819.00,3357.00,784.00,275.00,126.00,166.00
268.00,121.00,16.32,1819.00,3357.00,784.00,275.00,126.00,166.00
278.00,119.00,16.54,1874.00,3339.00,692.00,291.00,96.00,220.00
287.00,118.00,16.60,2216.00,3377.00,552.00,262.00,218.00,204.00
297.00,118.00,16.46,2178.00,3352.00,553.00,298.00,217.00,204.00
307.00,118.00,16.43,2114.00,3366.00,421.00,306.00,238.00,253.00
318.00,119.00,16.49,2393.00,3424.00,266.00,298.00,208.00,282.00
328.00,121.00,16.64,2518.00,3408.00,283.00,265.00,236.00,225.00
338.00,122.00,16.60,2421.00,3335.00,195.00,248.00,236.00,286.00
348.00,124.00,16.59,2746.00,3359.00,230.00,255.00,225.00,303.00
356.00,127.00,16.56,2554.00,3296.00,173.00,247.00,234.00,204.00
365.00,129.00,16.55,2640.00,3239.00,214.00,188.00,197.00,332.00
374.00,132.00,16.40,2856.00,3279.00,350.00,184.00,193.00,344.00
382.00,135.00,16.39,2864.00,3256.00,307.00,240.00,142.00,267.00
390.00,138.00,16.15,2807.00,3095.00,231.00,203.00,172.00,324.00
398.00,142.00,16.13,2823.00,3065.00,140.00,158.00,215.00,343.00
405.00,146.00,16.08,2967.00,2952.00,159.00,148.00,171.00,360.00
411.00,151.00,16.07,3036.00,2755.00,96.00,151.00,156.00,316.00
416.00,156.00,16.18,3051.00,2620.00,64.00,139.00,168.00,383.00
421.00,163.00,16.17,3053.00,2524.00,-117.00,56.00,178.00,374.00
425.00,170.00,16.14,3245.00,2465.00,103.00,-37.00,177.00,315.00
427.00,177.00,16.22,3329.00,2485.00,212.00,-34.00,116.00,381.00
428.00,185.00,16.25,3449.00,2600.00,259.00,-92.00,131.00,345.00
429.00,193.00,16.22,3429.00,2564.00,462.00,-125.00,157.00,282.00
429.00,201.00,16.27,3429.00,2564.00,462.00,-125.00,157.00,282.00
428.00,210.00,16.29,3426.00,2538.00,418.00,-147.00,146.00,314.00
426.00,218.00,16.30,3649.00,2658.00,463.00,-182.00,79.00,314.00
424.00,227.00,16.23,3715.00,2567.00,671.00,-207.00,103.00,243.00
422.00,235.00,16.19,3740.00,2668.00,570.00,-201.00,127.00,192.00
418.00,242.00,16.23,3523.00,2511.00,621.00,-235.00,96.00,152.00
415.00,250.00,16.22,3677.00,2468.00,764.00,-296.00,111.00,249.00
410.00,258.00,16.22,3496.00,2577.00,750.00,-317.00,178.00,89.00
406.00,266.00,16.21,3446.00,2473.00,888.00,-306.00,106.00,107.00
402.00,273.00,16.24,3641.00,2337.00,942.00,-249.00,94.00,185.00
397.00,282.00,16.23,3604.00,2451.00,787.00,-346.00,169.00,178.00
391.00,289.00,16.29,4062.00,2542.00,1003.00,-354.00,14.00,210.00
385.00,295.00,16.42,4113.00,2438.00,1118.00,-364.00,23.00,138.00
378.00,301.00,16.42,4146.00,2465.00,1171.00,-420.00,65.00,-9.00
370.00,305.00,16.58,4087.00,2340.00,1201.00,-401.00,-13.00,-5.00
361.00,308.00,16.51,4248.00,2453.00,1222.00,-443.00,-25.00,-104.00
352.00,311.00,16.57,4067.00,2443.00,1259.00,-431.00,-54.00,-139.00
342.00,312.00,16.69,4174.00,2474.00,1334.00,-436.00,-140.00,-126.00
331.00,312.00,16.78,4129.00,2532.00,1410.00,-452.00,-145.00,-212.00
319.00,310.00,16.83,3978.00,2418.00,1423.00,-465.00,-131.00,-310.00
307.00,309.00,16.83,3837.00,2410.00,1507.00,-439.00,-194.00,-348.00
295.00,307.00,16.88,3589.00,2404.00,1416.00,-415.00,-231.00,-278.00
283.00,304.00,16.77,3777.00,2557.00,1433.00,-410.00,-236.00,-342.00
270.00,300.00,16.69,3640.00,2580.00,1453.00,-423.00,-239.00,-366.00
257.00,296.00,16.83,3638.00,2717.00,1511.00,-405.00,-270.00,-345.00
245.00,291.00,16.78,3625.00,2985.00,1625.00,-384.00,-273.00,-395.00
235.00,284.00,16.88,3530.00,3167.00,1748.00,-280.00,-341.00,-372.00
225.00,275.00,17.10,3513.00,3293.00,1971.00,-232.00,-342.00,-416.00
216.00,266.00,17.02,3386.00,3415.00,2006.00,-195.00,-237.00,-533.00
210.00,255.00,17.02,3128.00,3519.00,1698.00,38.00,-247.00,-446.00
206.00,244.00,17.03,2949.00,3460.00,1472.00,44.00,-166.00,-510.00
202.00,233.00,17.04,2842.00,3408.00,1393.00,79.00,-184.00,-522.00
200.00,221.00,17.01,2770.00,3483.00,1349.00,192.00,-160.00,-424.00
200.00,209.00,16.98,2573.00,3429.00,1309.00,211.00,-108.00,-453.00
200.00,197.00,16.92,2573.00,3429.00,1309.00,211.00,-108.00,-453.00
202.00,185.00,16.96,2386.00,3334.00,1228.00,269.00,-71.00,-381.00
205.00,174.00,16.92,2226.00,3268.00,943.00,265.00,22.00,-284.00
209.00,164.00,16.99,2113.00,3205.00,857.00,317.00,-27.00,-239.00
215.00,155.00,17.01,2052.00,3147.00,799.00,330.00,16.00,-112.00
220.00,147.00,17.01,2201.00,3211.00,746.00,336.00,32.00,-115.00
227.00,141.00,16.87,2079.00,3155.00,606.00,360.00,7.00,-43.00
234.00,135.00,16.74,2212.00,3133.00,466.00,316.00,47.00,48.00
242.00,130.00,16.71,2230.00,3168.00,406.00,294.00,84.00,47.00
251.00,125.00,16.68,2366.00,3196.00,337.00,318.00,57.00,78.00
259.00,122.00,16.61,2364.00,3196.00,301.00,288.00,99.00,102.00
268.00,119.00,16.55,2510.00,3226.00,353.00,316.00,100.00,118.00
276.00,117.00,16.46,2528.00,3240.00,196.00,303.00,122.00,54.00
285.00,115.00,16.50,2434.00,3241.00,198.00,290.00,146.00,90.00
294.00,114.00,16.57,2530.00,3210.00,153.00,288.00,145.00,114.00
303.00,114.00,16.57,2526.00,3233.00,124.00,298.00,147.00,81.00
312.00,114.00,16.58,2569.00,3249.00,115.00,262.00,196.00,136.00
321.00,115.00,16.57,2737.00,3331.00,25.00,313.00,170.00,117.00
330.00,115.00,16.49,2719.00,3277.00,-57.00,273.00,187.00,110.00
339.00,116.00,16.48,2647.00,3227.00,-33.00,235.00,219.00,127.00
349.00,118.00,16.50,2776.00,3184.00,-59.00,263.00,194.00,197.00
358.00,120.00,16.50,2647.00,3042.00,-59.00,220.00,225.00,164.00
366.00,123.00,16.42,2717.00,3027.00,-70.00,248.00,188.00,275.00
375.00,126.00,16.35,2922.00,3013.00,-112.00,240.00,188.00,257.00
384.00,130.00,16.35,3074.00,2981.00,-239.00,225.00,232.00,240.00
391.00,134.00,16.36,2899.00,2811.00,-206.00,208.00,195.00,257.00
399.00,139.00,16.15,3175.00,2659.00,-186.00,189.00,192.00,323.00
406.00,144.00,16.26,3141.00,2504.00,-287.00,159.00,219.00,282.00
412.00,150.00,16.32,3261.00,2453.00,-356.00,125.00,165.00,382.00
416.00,157.00,16.48,3393.00,2443.00,-161.00,110.00,144.00,369.00
420.00,164.00,16.40,3241.00,2333.00,-133.00,82.00,215.00,354.00
424.00,172.00,16.34,3442.00,2358.00,-217.00,39.00,144.00,411.00
426.00,181.00,16.33,3320.00,2361.00,-98.00,34.00,169.00,368.00
428.00,190.00,16.26,3659.00,2475.00,-127.00,-54.00,199.00,409.00
428.00,199.00,16.20,3675.00,2468.00,-19.00,-57.00,182.00,350.00
429.00,209.00,16.20,3598.00,2470.00,88.00,-91.00,141.00,395.00
428.00,218.00,16.17,3884.00,2415.00,180.00,-118.00,202.00,318.00
427.00,227.00,16.14,3722.00,2379.00,151.00,-128.00,192.00,276.00
426.00,236.00,16.13,3882.00,2369.00,238.00,-150.00,145.00,362.00
424.00,245.00,16.14,4067.00,2263.00,258.00,-184.00,193.00,306.00
421.00,254.00,16.19,3739.00,2217.00,421.00,-255.00,219.00,159.00
418.00,263.00,16.18,3885.00,2155.00,378.00,-238.00,173.00,288.00
414.00,272.00,16.17,3983.00,2117.00,413.00,-274.00,193.00,276.00
409.00,280.00,16.19,4027.00,2182.00,612.00,-336.00,188.00,189.00
404.00,288.00,16.18,4195.00,2136.00,568.00,-308.00,97.00,156.00
397.00,296.00,16.18,4173.00,1976.00,790.00,-388.00,128.00,107.00
390.00,302.00,16.19,4216.00,2162.00,668.00,-449.00,123.00,22.00
382.00,308.00,16.18,4269.00,2193.00,693.00,-441.00,59.00,40.00
373.00,313.00,16.29,4376.00,2043.00,961.00,-455.00,-42.00,10.00
363.00,318.00,16.39,4336.00,1980.00,1076.00,-519.00,78.00,-88.00
352.00,321.00,16.48,4122.00,2048.00,996.00,-528.00,-9.00,-121.00
341.00,325.00,16.49,4216.00,2115.00,1017.00,-571.00,-57.00,-123.00
329.00,326.00,16.63,4451.00,2304.00,1168.00,-527.00,-148.00,-212.00
316.00,327.00,16.71,4347.00,2320.00,1198.00,-537.00,-199.00,-241.00
302.00,326.00,16.48,4456.00,2522.00,1241.00,-514.00,-237.00,-235.00
289.00,323.00,16.35,4480.00,2542.00,1251.00,-501.00,-336.00,-235.00
275.00,319.00,16.41,4312.00,2676.00,1469.00,-515.00,-292.00,-348.00
261.00,313.00,16.47,4063.00,2766.00,1547.00,-438.00,-333.00,-363.00
249.00,306.00,16.63,4006.00,2974.00,1515.00,-320.00,-425.00,-378.00
238.00,297.00,16.60,3934.00,3058.00,1565.00,-322.00,-320.00,-422.00
228.00,287.00,16.66,3687.00,3151.00,1619.00,-250.00,-342.00,-454.00
220.00,276.00,16.57,3453.00,3246.00,1396.00,-91.00,-325.00,-412.00
214.00,265.00,16.56,3298.00,3219.00,1425.00,-16.00,-242.00,-456.00
209.00,253.00,16.55,3172.00,3189.00,1209.00,92.00,-315.00,-393.00
206.00,240.00,16.54,3172.00,3189.00,1209.00,92.00,-315.00,-393.00
204.00,228.00,16.54,3080.00,3160.00,1104.00,84.00,-185.00,-379.00
204.00,215.00,16.55,2897.00,3186.00,950.00,143.00,-167.00,-375.00
205.00,204.00,16.61,2767.00,3163.00,880.00,216.00,-242.00,-340.00
207.00,193.00,16.60,2656.00,3117.00,809.00,250.00,-117.00,-225.00
210.00,182.00,16.64,2703.00,3071.00,655.00,278.00,-141.00,-220.00
215.00,172.00,16.60,2624.00,3043.00,577.00,273.00,-51.00,-217.00
220.00,163.00,16.63,2622.00,3033.00,370.00,255.00,11.00,-199.00
226.00,154.00,16.62,2553.00,2994.00,353.00,314.00,-60.00,-120.00
233.00,147.00,16.48,2594.00,2990.00,214.00,290.00,19.00,-114.00
241.00,140.00,16.50,2613.00,2996.00,109.00,290.00,30.00,-79.00
248.00,134.00,16.50,2655.00,2957.00,84.00,278.00,33.00,-50.00
257.00,129.00,16.51,2713.00,2975.00,175.00,313.00,41.00,-41.00
266.00,124.00,16.50,2707.00,2974.00,-11.00,345.00,80.00,-51.00
275.00,121.00,16.50,2699.00,2999.00,-111.00,339.00,86.00,-31.00
284.00,118.00,16.46,2613.00,2929.00,-134.00,298.00,147.00,10.00
294.00,116.00,16.47,2774.00,2968.00,-230.00,343.00,146.00,68.00
303.00,115.00,16.52,2747.00,2906.00,-288.00,335.00,115.00,83.00
313.00,114.00,16.43,2875.00,2915.00,-264.00,328.00,134.00,82.00
323.00,114.00,16.49,2844.00,2843.00,-378.00,263.00,266.00,2.00
332.00,115.00,16.50,2636.00,2764.00,-446.00,301.00,174.00,125.00
342.00,117.00,16.47,2971.00,2883.00,-501.00,285.00,172.00,194.00
351.00,119.00,16.50,2899.00,2767.00,-521.00,231.00,267.00,112.00
360.00,122.00,16.51,2908.00,2691.00,-483.00,264.00,188.00,219.00
369.00,125.00,16.51,2974.00,2726.00,-479.00,258.00,180.00,248.00
377.00,130.00,16.60,3288.00,2695.00,-459.00,217.00,205.00,288.00
385.00,134.00,16.64,3260.00,2481.00,-559.00,195.00,187.00,307.00
392.00,139.00,16.61,3293.00,2435.00,-501.00,161.00,229.00,262.00
399.00,145.00,16.68,3252.00,2266.00,-511.00,144.00,188.00,358.00
405.00,152.00,16.70,3535.00,2226.00,-433.00,161.00,168.00,386.00
410.00,159.00,16.69,3600.00,2235.00,-443.00,111.00,206.00,312.00
414.00,166.00,16.66,3466.00,2100.00,-346.00,71.00,186.00,307.00
417.00,175.00,16.66,3706.00,2147.00,-315.00,72.00,204.00,371.00
419.00,184.00,16.68,3605.00,2083.00,-343.00,44.00,217.00,339.00
421.00,193.00,16.66,3752.00,2168.00,-284.00,25.00,171.00,375.00
422.00,203.00,16.67,3745.00,2062.00,-323.00,2.00,223.00,358.00
422.00,213.00,16.67,3884.00,2127.00,-152.00,-23.00,207.00,401.00
422.00,223.00,16.67,3781.00,2087.00,-140.00,-52.00,231.00,385.00
421.00,233.00,16.67,4041.00,2065.00,34.00,-16.00,186.00,388.00
420.00,243.00,16.67,4058.00,2028.00,-125.00,-21.00,230.00,354.00
417.00,252.00,16.68,4152.00,2059.00,-190.00,-127.00,202.00,256.00
414.00,261.00,16.48,4326.00,1932.00,-67.00,-157.00,158.00,276.00
410.00,269.00,16.50,4532.00,1910.00,19.00,-206.00,181.00,241.00
405.00,277.00,16.48,4455.00,1971.00,146.00,-254.00,141.00,106.00
400.00,283.00,16.52,4273.00,1802.00,369.00,-264.00,125.00,103.00
394.00,290.00,16.50,4237.00,1796.00,382.00,-316.00,158.00,144.00
387.00,296.00,16.50,4167.00,1827.00,296.00,-333.00,100.00,111.00
380.00,303.00,16.52,4293.00,1748.00,314.00,-358.00,78.00,151.00
371.00,308.00,16.50,4438.00,1756.00,330.00,-387.00,28.00,146.00
362.00,313.00,16.60,4553.00,1850.00,341.00,-473.00,28.00,47.00
352.00,317.00,16.58,4556.00,1791.00,469.00,-508.00,-5.00,56.00
341.00,319.00,16.84,4659.00,1895.00,518.00,-494.00,-66.00,-1.00
329.00,320.00,16.85,4483.00,2031.00,698.00,-552.00,-76.00,-164.00
318.00,321.00,16.84,4255.00,1961.00,875.00,-549.00,-71.00,-63.00
306.00,321.00,16.80,4379.00,1992.00,745.00,-505.00,-157.00,-88.00
294.00,321.00,17.00,4302.00,1876.00,665.00,-511.00,-146.00,-170.00
281.00,320.00,17.08,4283.00,2064.00,676.00,-531.00,-250.00,-119.00
269.00,318.00,16.94,4554.00,2302.00,851.00,-502.00,-247.00,-161.00
256.00,314.00,16.93,4503.00,2474.00,928.00,-517.00,-235.00,-210.00
244.00,309.00,16.88,4620.00,2678.00,1219.00,-435.00,-336.00,-266.00
233.00,301.00,16.80,4620.00,2738.00,1467.00,-406.00,-313.00,-400.00
223.00,292.00,16.80,4255.00,2881.00,1578.00,-307.00,-251.00,-447.00
216.00,281.00,16.85,4263.00,3130.00,1388.00,-124.00,-249.00,-430.00
211.00,268.00,16.78,4213.00,3148.00,1095.00,-63.00,-262.00,-487.00
207.00,254.00,16.83,4006.00,3054.00,1002.00,9.00,-284.00,-580.00
206.00,240.00,16.86,3496.00,2926.00,902.00,57.00,-208.00,-554.00
205.00,225.00,16.89,3451.00,2965.00,821.00,199.00,-248.00,-477.00
206.00,210.00,17.01,3476.00,2985.00,651.00,191.00,-219.00,-524.00
208.00,196.00,17.05,3127.00,2892.00,370.00,191.00,-126.00,-515.00
210.00,183.00,16.83,3208.00,2955.00,242.00,251.00,-163.00,-389.00
214.00,170.00,16.83,3081.00,2894.00,155.00,217.00,-145.00,-438.00
217.00,157.00,16.93,2752.00,2732.00,112.00,274.00,-158.00,-318.00
222.00,146.00,17.00,2782.00,2824.00,196.00,252.00,-104.00,-273.00
227.00,136.00,16.91,2546.00,2787.00,47.00,226.00,-31.00,-275.00
234.00,127.00,16.95,2491.00,2821.00,-4.00,294.00,-116.00,-180.00
240.00,119.00,16.87,2773.00,2899.00,-180.00,307.00,-78.00,-115.00
248.00,112.00,16.84,2704.00,2887.00,-327.00,268.00,-23.00,-97.00
255.00,106.00,16.76,2634.00,2835.00,-257.00,300.00,-40.00,-60.00
264.00,100.00,16.66,2683.00,2857.00,-213.00,280.00,18.00,-59.00
272.00,96.00,16.60,2747.00,2859.00,-320.00,343.00,56.00,-68.00
282.00,92.00,16.56,2632.00,2844.00,-382.00,363.00,47.00,-10.00
292.00,90.00,16.57,2560.00,2793.00,-412.00,329.00,176.00,-52.00
302.00,89.00,16.52,2553.00,2745.00,-523.00,405.00,133.00,7.00
313.00,89.00,16.54,2607.00,2563.00,-529.00,402.00,214.00,-13.00
324.00,91.00,16.51,2490.00,2588.00,-686.00,369.00,256.00,44.00
335.00,93.00,16.49,2816.00,2566.00,-838.00,395.00,223.00,141.00
345.00,97.00,16.49,2971.00,2658.00,-1106.00,386.00,279.00,94.00
355.00,100.00,16.41,3017.00,2607.00,-1132.00,314.00,262.00,150.00
364.00,104.00,16.43,3283.00,2590.00,-1036.00,306.00,252.00,156.00
373.00,109.00,16.40,3154.00,2546.00,-979.00,289.00,270.00,90.00
382.50,114.00,16.36,3359.00,2549.00,-1117.00,295.00,231.00,182.00
388.00,118.00,16.32,3350.00,2519.00,-1130.00,252.00,244.00,118.00
394.00,123.00,16.36,3411.00,2412.00,-1007.00,185.00,238.00,222.00
400.00,129.00,16.28,3244.00,2342.00,-1029.00,159.00,188.00,265.00
404.00,135.00,16.22,3534.00,2292.00,-861.00,177.00,149.00,303.00
409.00,142.00,16.28,3426.00,2264.00,-887.00,159.00,211.00,281.00
413.00,149.00,16.33,3581.00,2348.00,-997.00,141.00,152.00,360.00
416.00,156.00,16.25,3700.00,2228.00,-812.00,132.00,161.00,331.00
419.00,163.00,16.14,3616.00,2203.00,-870.00,94.00,205.00,277.00
421.00,170.00,16.27,3704.00,2215.00,-835.00,81.00,177.00,272.00
423.00,178.00,16.35,3571.00,1982.00,-758.00,34.00,212.00,320.00
424.00,187.00,16.39,3819.00,2133.00,-686.00,54.00,155.00,353.00
425.00,195.00,16.38,3681.00,2076.00,-717.00,42.00,197.00,261.00
425.00,204.00,16.31,3831.00,1933.00,-680.00,12.00,197.00,370.00
425.00,213.00,16.29,3918.00,1937.00,-344.00,-2.00,175.00,361.00
424.00,222.00,16.24,3858.00,1907.00,-621.00,-19.00,292.00,265.00
423.00,231.00,16.25,4028.00,1827.00,-523.00,-44.00,171.00,324.00
422.00,240.00,16.26,3983.00,1725.00,-289.00,-99.00,256.00,250.00
419.00,250.00,16.25,4132.00,1707.00,-517.00,-107.00,242.00,304.00
416.00,260.00,16.35,4238.00,1599.00,-366.00,-145.00,193.00,309.00
413.00,269.00,16.34,4324.00,1775.00,-523.00,-212.00,176.00,345.00
408.00,277.00,16.24,4575.00,1790.00,-424.00,-260.00,138.00,254.00
403.00,285.00,16.20,4571.00,1488.00,-146.00,-304.00,137.00,176.00
397.00,292.00,16.31,4301.00,1532.00,-97.00,-398.00,215.00,130.00
391.00,300.00,16.38,4196.00,1631.00,-27.00,-401.00,159.00,152.00
383.00,306.00,16.36,4479.00,1586.00,-34.00,-415.00,26.00,204.00
375.00,313.00,16.42,4538.00,1495.00,76.00,-481.00,130.00,119.00
366.00,318.00,16.46,4675.00,1623.00,-21.00,-467.00,57.00,110.00
357.00,323.00,16.65,4891.00,1580.00,187.00,-550.00,-25.00,52.00
346.00,326.00,16.71,4615.00,1467.00,387.00,-580.00,45.00,-32.00
335.00,329.00,16.90,4556.00,1553.00,239.00,-542.00,-119.00,-60.00
322.00,330.00,16.92,4673.00,1605.00,266.00,-597.00,-140.00,-40.00
309.00,331.00,16.86,4522.00,1592.00,322.00,-673.00,-29.00,-75.00
296.00,332.00,16.90,4554.00,1611.00,392.00,-616.00,-236.00,-2.00
282.00,331.00,16.88,4746.00,1808.00,428.00,-612.00,-200.00,-51.00
268.00,330.00,16.93,4746.00,1808.00,428.00,-612.00,-200.00,-51.00
253.00,326.00,17.06,4680.00,1858.00,555.00,-640.00,-253.00,-54.00
240.00,321.00,17.03,4880.00,2139.00,811.00,-563.00,-336.00,-89.00
228.00,314.00,17.23,4854.00,2327.00,896.00,-528.00,-262.00,-213.00
218.00,304.00,17.11,4822.00,2464.00,1055.00,-405.00,-376.00,-188.00
210.00,293.00,17.16,4786.00,2573.00,1060.00,-333.00,-277.00,-330.00
204.00,280.00,17.26,4572.00,2603.00,1012.00,-202.00,-329.00,-437.00
200.00,266.00,17.29,4093.00,2580.00,684.00,-48.00,-284.00,-372.00
198.00,252.00,17.23,4114.00,2652.00,522.00,47.00,-317.00,-490.00
197.00,236.00,17.42,3918.00,2553.00,480.00,96.00,-248.00,-517.00
198.00,221.00,17.41,3732.00,2522.00,375.00,141.00,-201.00,-462.00
200.00,206.00,17.33,3671.00,2547.00,175.00,183.00,-247.00,-429.00
203.00,191.00,17.31,3526.00,2512.00,75.00,178.00,-196.00,-496.00
207.00,177.00,17.27,3154.00,2452.00,102.00,227.00,-179.00,-452.00
212.00,165.00,17.24,3055.00,2418.00,-57.00,247.00,-140.00,-365.00
218.00,154.00,17.24,2868.00,2434.00,-167.00,262.00,-113.00,-349.00
226.00,144.00,17.19,2978.00,2478.00,-260.00,304.00,-115.00,-274.00
234.00,135.00,17.17,2983.00,2452.00,-382.00,298.00,-26.00,-269.00
242.00,128.00,17.07,2851.00,2498.00,-435.00,308.00,-57.00,-260.00
250.00,121.00,16.85,2735.00,2453.00,-454.00,313.00,25.00,-195.00
260.00,116.00,16.94,2725.00,2505.00,-576.00,367.00,36.00,-187.00
270.00,113.00,16.72,2787.00,2548.00,-762.00,361.00,85.00,-132.00
280.00,110.00,16.68,2683.00,2533.00,-768.00,369.00,88.00,-95.00
291.00,108.00,16.62,2877.00,2613.00,-786.00,401.00,83.00,-8.00
302.00,107.00,16.69,3036.00,2607.00,-1031.00,418.00,127.00,-11.00
313.00,107.00,16.67,3139.00,2635.00,-1026.00,392.00,128.00,-7.00
324.00,107.00,16.52,3125.00,2531.00,-973.00,410.00,173.00,-23.00
335.00,108.00,16.54,3142.00,2441.00,-1183.00,407.00,176.00,29.00
346.00,109.00,16.36,3227.00,2345.00,-1226.00,397.00,192.00,61.00
356.00,111.00,16.23,3157.00,2256.00,-1279.00,404.00,205.00,-1.00
367.00,114.00,16.25,3193.00,2053.00,-1156.00,406.00,191.00,109.00
376.00,117.00,16.24,3193.00,2053.00,-1156.00,406.00,191.00,109.00
385.00,121.00,16.24,3274.00,2070.00,-1244.00,350.00,288.00,100.00
394.00,126.00,16.26,3357.00,1833.00,-1265.00,393.00,196.00,205.00
402.00,132.00,16.28,3292.00,1725.00,-1477.00,342.00,254.00,176.00
411.50,140.00,16.24,3364.00,1626.00,-1397.00,333.00,208.00,332.00
415.00,148.00,16.24,3584.00,1568.00,-1300.00,337.00,146.00,343.00
420.00,157.00,16.31,3320.00,1398.00,-983.00,367.00,67.00,342.00
424.00,167.00,16.34,3320.00,1398.00,-983.00,367.00,67.00,342.00
428.00,177.00,16.12,3595.00,1642.00,-1592.00,392.00,158.00,432.00
430.00,188.00,16.13,3964.00,1554.00,-1685.00,281.00,-5.00,431.00
431.00,197.00,16.02,4123.00,1622.00,-1592.00,191.00,215.00,327.00
431.00,207.00,15.94,3939.00,1514.00,-1827.00,102.00,288.00,279.00
431.00,215.00,15.85,4176.00,1328.00,-1506.00,36.00,97.00,311.00
429.00,224.00,15.87,4137.00,1339.00,-1566.00,-96.00,367.00,214.00
426.00,232.00,15.80,3995.00,1200.00,-1427.00,-137.00,201.00,304.00
423.00,241.00,15.54,4189.00,1391.00,-1145.00,-184.00,265.00,299.00
419.00,249.00,15.54,4135.00,1404.00,-1130.00,-236.00,334.00,202.00
415.00,257.00,15.59,4231.00,1287.00,-1047.00,-228.00,169.00,317.00
410.00,266.00,15.56,4101.00,1158.00,-848.00,-249.00,134.00,340.00
404.00,275.00,15.74,4391.00,1187.00,-1100.00,-301.00,269.00,414.00
397.00,284.00,15.83,4752.00,1280.00,-1035.00,-380.00,132.00,321.00
389.00,291.00,16.05,4570.00,1061.00,-905.00,-452.00,140.00,246.00
380.00,298.00,16.10,4784.00,1007.00,-910.00,-507.00,158.00,306.00
370.00,304.00,16.13,4882.00,1150.00,-826.00,-591.00,46.00,265.00
359.00,309.00,16.51,5072.00,1164.00,-460.00,-632.00,9.00,114.00
347.00,313.00,16.46,4935.00,1042.00,-469.00,-614.00,-51.00,143.00
335.00,315.00,16.48,4782.00,1115.00,-389.00,-655.00,-22.00,138.00
321.00,317.00,16.66,4676.00,1133.00,-393.00,-685.00,-21.00,68.00
307.00,318.00,16.76,4806.00,1218.00,-338.00,-658.00,-160.00,148.00
293.00,318.00,16.99,4956.00,1309.00,-257.00,-687.00,-128.00,116.00
279.00,317.00,16.91,5117.00,1409.00,-198.00,-650.00,-171.00,31.00
266.00,313.00,16.95,5039.00,1591.00,-317.00,-636.00,-241.00,33.00
252.00,308.00,17.21,5229.00,1740.00,-262.00,-609.00,-306.00,-36.00
240.00,300.00,17.17,5105.00,1801.00,-32.00,-624.00,-224.00,-171.00
229.00,291.00,17.21,5132.00,1987.00,112.00,-496.00,-410.00,-199.00
220.00,279.00,17.24,4931.00,2093.00,198.00,-447.00,-230.00,-405.00
214.00,266.00,17.43,4781.00,2141.00,167.00,-408.00,-155.00,-460.00
209.00,253.00,17.32,4545.00,2302.00,123.00,-254.00,-336.00,-495.00
207.00,238.00,17.37,4374.00,2317.00,187.00,-198.00,-222.00,-596.00
206.00,224.00,17.38,4049.00,2349.00,61.00,-101.00,-113.00,-591.00
207.00,209.00,17.30,3915.00,2384.00,-209.00,28.00,-252.00,-586.00
210.00,195.00,17.16,3766.00,2330.00,-379.00,35.00,-229.00,-563.00
213.00,182.00,17.17,3601.00,2362.00,-467.00,46.00,-133.00,-602.00
218.00,169.00,17.18,3413.00,2353.00,-605.00,138.00,-181.00,-544.00
223.00,158.00,17.14,3107.00,2380.00,-589.00,199.00,-44.00,-541.00
229.00,147.00,17.12,3107.00,2380.00,-589.00,199.00,-44.00,-541.00
236.00,138.00,16.98,2920.00,2410.00,-728.00,195.00,-43.00,-403.00
243.00,130.00,16.83,2862.00,2462.00,-843.00,222.00,-12.00,-347.00
250.00,123.00,16.76,2821.00,2420.00,-966.00,234.00,28.00,-351.00
258.00,118.00,16.70,2769.00,2443.00,-1033.00,303.00,1.00,-166.00
266.00,113.00,16.65,2841.00,2443.00,-985.00,290.00,111.00,-144.00
275.00,110.00,16.62,2776.00,2469.00,-1036.00,343.00,83.00,-127.00
284.00,108.00,16.56,2931.00,2519.00,-1146.00,381.00,59.00,-34.00
293.00,107.00,16.57,3038.00,2505.00,-1226.00,386.00,88.00,-64.00
303.00,106.00,16.39,2974.00,2405.00,-1342.00,368.00,155.00,-90.00
313.00,106.00,16.38,2907.00,2377.00,-1429.00,365.00,108.00,-44.00
323.00,107.00,16.28,3032.00,2407.00,-1452.00,392.00,159.00,-17.00
332.00,108.00,16.43,2956.00,2374.00,-1676.00,379.00,177.00,-12.00
341.00,110.00,16.41,3130.00,2305.00,-1701.00,385.00,114.00,113.00
350.00,112.00,16.35,3346.00,2248.00,-1690.00,333.00,165.00,59.00
358.00,114.00,16.33,3217.00,2168.00,-1512.00,300.00,221.00,-26.00
366.00,117.00,16.27,3304.00,2080.00,-1564.00,338.00,140.00,57.00
373.00,121.00,16.25,3199.00,1985.00,-1736.00,243.00,238.00,63.00
380.00,125.00,16.09,3254.00,2087.00,-1785.00,267.00,231.00,53.00
386.00,129.00,15.99,3241.00,2027.00,-1898.00,238.00,198.00,16.00
392.00,133.00,16.02,3134.00,1942.00,-1712.00,227.00,171.00,119.00
397.00,139.00,16.02,3277.00,2000.00,-1564.00,237.00,183.00,127.00
402.00,145.00,15.95,3319.00,1923.00,-1502.00,216.00,203.00,133.00
406.00,152.00,16.20,3241.00,1874.00,-1637.00,229.00,233.00,221.00
410.00,159.00,16.41,3518.00,1851.00,-1745.00,182.00,245.00,279.00
414.00,167.00,16.35,3539.00,1821.00,-1500.00,146.00,227.00,227.00
417.00,175.00,16.38,3526.00,1771.00,-1322.00,169.00,292.00,268.00
420.00,184.00,16.43,3715.00,1732.00,-1452.00,169.00,291.00,355.00
423.00,194.00,16.47,3905.00,1597.00,-1373.00,162.00,171.00,401.00
424.00,203.00,16.35,4104.00,1534.00,-1437.00,148.00,267.00,316.00
425.00,212.00,16.36,3783.00,1382.00,-1533.00,61.00,268.00,280.00
425.00,222.00,16.35,3956.00,1330.00,-1456.00,30.00,206.00,457.00
424.00,231.00,16.29,4143.00,1370.00,-1425.00,-2.00,191.00,424.00
423.00,241.00,16.34,3961.00,1246.00,-1459.00,-85.00,280.00,343.00
421.00,251.00,16.30,4073.00,1175.00,-1499.00,-98.00,203.00,462.00
417.00,261.00,16.34,4141.00,932.00,-1325.00,-232.00,240.00,427.00
413.00,271.00,16.36,3994.00,786.00,-1076.00,-335.00,273.00,337.00
407.00,282.00,16.44,4384.00,792.00,-1027.00,-346.00,159.00,511.00
401.00,294.00,16.53,4593.00,914.00,-1025.00,-450.00,213.00,448.00
392.00,304.00,16.99,4818.00,850.00,-938.00,-469.00,162.00,469.00
384.00,314.00,17.00,5238.00,930.00,-897.00,-528.00,93.00,335.00
374.00,321.00,17.02,5244.00,1053.00,-615.00,-570.00,59.00,292.00
363.00,327.00,17.10,5561.00,1093.00,-514.00,-574.00,61.00,208.00
352.00,330.00,17.18,5332.00,898.00,-451.00,-628.00,56.00,51.00
340.00,331.00,17.19,5199.00,972.00,-447.00,-564.00,-19.00,0.00
328.00,331.00,17.43,5199.00,972.00,-447.00,-564.00,-19.00,0.00
315.00,330.00,17.33,4762.00,836.00,-627.00,-615.00,-45.00,3.00
301.00,329.00,17.32,4852.00,959.00,-554.00,-617.00,-96.00,-22.00
288.00,325.00,17.31,5058.00,1245.00,-573.00,-601.00,-174.00,33.00
274.00,320.00,17.42,5285.00,1383.00,-471.00,-591.00,-264.00,13.00
260.00,313.00,17.62,5381.00,1543.00,-321.00,-599.00,-272.00,-104.00
247.00,304.00,17.63,5265.00,1644.00,-268.00,-553.00,-333.00,-196.00
236.00,292.00,17.74,4984.00,1679.00,-334.00,-473.00,-396.00,-189.00
226.00,279.00,17.85,5074.00,1913.00,-137.00,-490.00,-274.00,-299.00
217.00,265.00,17.99,4733.00,1917.00,-34.00,-370.00,-347.00,-384.00
211.00,249.00,18.02,4582.00,1997.00,-116.00,-301.00,-331.00,-376.00
208.00,234.00,17.96,4245.00,1976.00,-117.00,-238.00,-272.00,-435.00
205.00,218.00,17.97,4103.00,2028.00,-305.00,-170.00,-336.00,-397.00
205.00,203.00,17.96,3958.00,2064.00,-380.00,-112.00,-253.00,-462.00
206.00,188.00,17.97,3717.00,2050.00,-559.00,-63.00,-177.00,-466.00
209.00,174.00,17.93,3610.00,2122.00,-666.00,-13.00,-245.00,-444.00
212.00,161.00,17.63,3413.00,2065.00,-417.00,51.00,-154.00,-464.00
217.00,149.00,17.71,3239.00,2067.00,-452.00,94.00,-58.00,-468.00
224.00,139.00,17.67,3004.00,2104.00,-708.00,140.00,-17.00,-387.00
231.00,131.00,17.57,3119.00,2200.00,-822.00,231.00,-140.00,-334.00
239.00,123.00,17.43,3035.00,2140.00,-824.00,234.00,15.00,-362.00
249.00,117.00,17.22,2917.00,2103.00,-828.00,273.00,27.00,-317.00
259.00,113.00,17.22,3015.00,2188.00,-995.00,365.00,-36.00,-234.00
269.00,109.00,16.93,3074.00,2202.00,-1155.00,328.00,101.00,-263.00
280.00,107.00,17.10,2883.00,2148.00,-1112.00,420.00,50.00,-235.00
292.00,106.00,17.03,2813.00,2175.00,-1308.00,465.00,8.00,-158.00
303.00,106.00,17.04,3205.00,2194.00,-1649.00,413.00,83.00,-134.00
314.00,106.00,16.99,3155.00,2080.00,-1588.00,432.00,34.00,-94.00
325.00,107.00,16.95,3198.00,2086.00,-1656.00,437.00,74.00,-64.00
336.00,108.00,16.96,3324.00,2010.00,-1851.00,413.00,170.00,-115.00
346.00,110.00,16.88,3197.00,1963.00,-1910.00,442.00,130.00,-156.00
356.00,112.00,16.85,3223.00,1846.00,-1933.00,420.00,113.00,-44.00
365.00,115.00,16.72,3198.00,1805.00,-1877.00,396.00,211.00,-30.00
374.00,119.00,16.61,3283.00,1751.00,-2059.00,398.00,186.00,-22.00
382.00,123.00,16.33,3220.00,1568.00,-1961.00,413.00,112.00,12.00
389.00,128.00,16.38,3299.00,1561.00,-1986.00,384.00,189.00,36.00
396.00,133.00,16.36,3211.00,1464.00,-2006.00,325.00,193.00,83.00
400.00,140.00,16.39,3280.00,1430.00,-2081.00,330.00,168.00,101.00
405.00,146.00,16.44,3278.00,1414.00,-2039.00,305.00,196.00,152.00
408.00,154.00,16.32,3301.00,1392.00,-2286.00,262.00,215.00,175.00
411.00,162.00,16.33,3576.00,1432.00,-2010.00,186.00,167.00,246.00
412.00,170.00,16.29,3673.00,1480.00,-2088.00,173.00,271.00,182.00
413.00,177.00,16.34,3563.00,1435.00,-1759.00,130.00,187.00,181.00
414.00,185.00,16.36,3636.00,1471.00,-1766.00,133.00,269.00,222.00
414.00,194.00,16.20,3589.00,1448.00,-1917.00,85.00,287.00,198.00
413.00,203.00,16.16,3589.00,1448.00,-1917.00,85.00,287.00,198.00
412.00,212.00,16.13,3637.00,1395.00,-1885.00,80.00,198.00,353.00
411.00,222.00,16.10,3975.00,1389.00,-1846.00,14.00,237.00,313.00
410.00,230.00,16.05,4100.00,1315.00,-1944.00,-36.00,229.00,328.00
407.00,239.00,15.90,4223.00,1348.00,-1879.00,-83.00,146.00,278.00
404.00,247.00,15.91,3740.00,1139.00,-1477.00,-175.00,264.00,263.00
400.00,256.00,15.92,4228.00,1080.00,-1544.00,-191.00,143.00,439.00
396.00,264.00,15.93,4096.00,1160.00,-1373.00,-186.00,151.00,371.00
392.00,273.00,16.10,4040.00,1035.00,-1412.00,-267.00,314.00,276.00
387.00,282.00,16.21,4250.00,1008.00,-1287.00,-281.00,154.00,423.00
381.00,291.00,16.31,4336.00,909.00,-1080.00,-303.00,190.00,394.00
375.00,300.00,16.34,4462.00,980.00,-1174.00,-300.00,243.00,322.00
368.00,309.00,16.60,4731.00,661.00,-1293.00,-343.00,43.00,406.00
360.00,317.00,16.67,4779.00,674.00,-1290.00,-369.00,57.00,398.00
351.00,324.00,16.79,4783.00,766.00,-1234.00,-438.00,165.00,343.00
340.00,330.00,16.84,4704.00,706.00,-1086.00,-494.00,120.00,271.00
329.00,335.00,16.83,4999.00,706.00,-1065.00,-479.00,6.00,374.00
317.00,339.00,17.04,5195.00,755.00,-1209.00,-530.00,23.00,325.00
304.00,339.00,17.14,5515.00,851.00,-1147.00,-599.00,-125.00,194.00
291.00,337.00,17.25,5580.00,929.00,-835.00,-596.00,-176.00,153.00
278.00,333.00,17.36,5652.00,985.00,-828.00,-616.00,-181.00,32.00
266.00,325.00,17.57,5557.00,1145.00,-795.00,-617.00,-229.00,-94.00
254.00,316.00,17.57,5162.00,1317.00,-615.00,-573.00,-265.00,-189.00
244.00,304.00,17.57,5130.00,1521.00,-718.00,-469.00,-354.00,-265.00
235.00,291.00,17.60,4956.00,1579.00,-653.00,-457.00,-384.00,-350.00
228.00,277.00,17.59,4612.00,1691.00,-502.00,-434.00,-281.00,-368.00
222.00,263.00,17.76,4494.00,1875.00,-539.00,-295.00,-336.00,-362.00
218.00,248.00,17.78,4211.00,1933.00,-617.00,-228.00,-280.00,-417.00
217.00,233.00,17.79,4023.00,1912.00,-723.00,-199.00,-274.00,-392.00
216.00,219.00,17.78,3775.00,1914.00,-813.00,-137.00,-284.00,-358.00
217.00,206.00,17.72,3770.00,2047.00,-862.00,-103.00,-198.00,-366.00
219.00,193.00,17.68,3563.00,1996.00,-933.00,-29.00,-139.00,-405.00
224.00,180.00,17.58,3493.00,1998.00,-1043.00,24.00,-172.00,-345.00
228.00,169.00,17.51,3512.00,2018.00,-1107.00,34.00,-153.00,-339.00
234.00,158.00,17.51,3288.00,1942.00,-1053.00,51.00,-112.00,-384.00
240.00,149.00,17.53,3270.00,1952.00,-1245.00,138.00,-102.00,-326.00
248.00,140.00,17.42,3179.00,1944.00,-1244.00,141.00,-89.00,-320.00
256.00,133.00,17.44,3245.00,1996.00,-1220.00,208.00,-29.00,-329.00
265.00,127.00,17.46,3108.00,1878.00,-1262.00,257.00,-16.00,-340.00
274.00,122.00,17.41,3042.00,1887.00,-1305.00,245.00,54.00,-294.00
285.00,119.00,17.49,3088.00,1964.00,-1312.00,349.00,34.00,-262.00
295.00,117.00,17.49,3091.00,1969.00,-1621.00,395.00,87.00,-252.00
305.00,116.00,17.32,3050.00,2051.00,-1737.00,364.00,94.00,-184.00
316.00,115.00,17.26,3045.00,2084.00,-1772.00,388.00,128.00,-202.00
326.00,115.00,17.20,3156.00,1966.00,-1874.00,373.00,138.00,-200.00
337.00,116.00,17.09,3089.00,1989.00,-1789.00,396.00,145.00,-159.00
347.00,118.00,17.09,3230.00,1912.00,-2046.00,423.00,123.00,-140.00
356.00,120.00,17.09,3203.00,1865.00,-2075.00,398.00,184.00,-135.00
363.00,123.50,16.96,3266.00,1785.00,-2103.00,369.00,185.00,-68.00
375.00,125.00,16.86,3272.00,1793.00,-2086.00,387.00,200.00,-39.00
383.00,128.00,16.73,3328.00,1755.00,-2197.00,376.00,187.00,-87.00
390.00,131.00,16.68,3361.00,1620.00,-2236.00,360.00,123.00,-4.00
397.00,135.00,16.46,3299.00,1506.00,-2225.00,305.00,268.00,-61.00
403.00,139.00,16.46,3220.00,1462.00,-2218.00,287.00,242.00,-35.00
408.00,143.00,16.43,3210.00,1431.00,-2158.00,297.00,155.00,48.00
412.00,148.00,16.36,3302.00,1487.00,-2197.00,226.00,218.00,85.00
416.00,154.00,16.40,3282.00,1516.00,-2048.00,224.00,244.00,100.00
419.00,160.00,16.35,3247.00,1425.00,-2063.00,207.00,164.00,164.00
421.00,167.00,16.38,3391.00,1409.00,-1984.00,196.00,215.00,218.00
424.00,174.00,16.37,3330.00,1493.00,-1775.00,196.00,252.00,165.00
425.00,182.00,16.31,3352.00,1376.00,-1842.00,215.00,213.00,179.00
427.00,191.00,16.30,3406.00,1385.00,-1964.00,166.00,244.00,307.00
428.00,201.00,16.24,3698.00,1315.00,-1924.00,148.00,246.00,333.00
429.00,210.00,16.17,3767.00,1268.00,-1961.00,145.00,203.00,309.00
429.00,219.00,16.25,3710.00,1083.00,-1795.00,72.00,249.00,355.00
428.00,230.00,16.18,3752.00,975.00,-1808.00,33.00,270.00,436.00
426.00,240.00,16.15,4118.00,960.00,-1950.00,3.00,223.00,409.00
424.00,250.00,16.19,4048.00,761.00,-1775.00,-111.00,273.00,339.00
420.00,259.00,16.23,4171.00,811.00,-1896.00,-141.00,216.00,380.00
415.00,269.00,16.29,4137.00,703.00,-1724.00,-249.00,294.00,352.00
409.00,279.00,16.40,4210.00,687.00,-1622.00,-259.00,248.00,361.00
402.00,289.00,16.46,4028.00,571.00,-1480.00,-399.00,275.00,444.00
394.00,300.00,16.64,4490.00,561.00,-1530.00,-417.00,166.00,472.00
385.00,310.00,16.80,4889.00,467.00,-1727.00,-438.00,139.00,471.00
374.00,319.00,16.87,4889.00,467.00,-1727.00,-438.00,139.00,471.00
361.00,326.00,17.08,5180.00,433.00,-1364.00,-612.00,101.00,359.00
348.00,331.00,17.13,5269.00,499.00,-1084.00,-582.00,-68.00,382.00
333.00,335.00,17.20,5352.00,584.00,-909.00,-647.00,-56.00,308.00
319.00,337.00,17.25,5223.00,676.00,-875.00,-646.00,10.00,208.00
304.00,337.00,17.41,5198.00,676.00,-968.00,-601.00,-182.00,238.00
290.00,336.00,17.31,5044.00,822.00,-1095.00,-599.00,-253.00,308.00
275.00,332.00,17.51,5162.00,885.00,-1116.00,-627.00,-187.00,174.00
261.00,327.00,17.67,5163.00,874.00,-1062.00,-627.00,-275.00,125.00
247.00,320.00,17.70,5157.00,1043.00,-1048.00,-618.00,-260.00,118.00
235.00,311.00,18.00,5157.00,1043.00,-1048.00,-618.00,-260.00,118.00
225.00,300.00,18.01,5245.00,1169.00,-837.00,-616.00,-235.00,-18.00
218.00,286.00,18.12,5086.00,1306.00,-551.00,-460.00,-299.00,-260.00
213.00,273.00,18.11,4752.00,1490.00,-924.00,-352.00,-239.00,-372.00
209.00,258.00,18.11,4459.00,1540.00,-937.00,-306.00,-384.00,-423.00
208.00,243.00,18.23,4324.00,1531.00,-985.00,-232.00,-270.00,-484.00
207.00,227.00,18.41,4185.00,1506.00,-1009.00,-237.00,-139.00,-505.00
208.00,212.00,18.31,4009.00,1613.00,-1111.00,-132.00,-260.00,-464.00
210.00,198.00,18.35,3938.00,1649.00,-1177.00,-90.00,-157.00,-581.00
214.00,183.00,18.30,3598.00,1613.00,-1263.00,-67.00,-116.00,-560.00
218.00,170.00,18.24,3507.00,1753.00,-1245.00,-20.00,-161.00,-418.00
224.00,158.00,18.31,3544.00,1816.00,-1391.00,27.00,-143.00,-463.00
230.00,147.00,18.20,3370.00,1806.00,-1389.00,38.00,-105.00,-476.00
237.00,137.00,18.12,3336.00,1840.00,-1513.00,50.00,-97.00,-396.00
244.00,127.00,18.10,3313.00,1940.00,-1470.00,50.00,-143.00,-407.00
252.00,119.00,18.09,3120.00,1890.00,-1400.00,160.00,-135.00,-447.00
261.00,112.00,18.06,3002.00,1802.00,-1659.00,241.00,-98.00,-349.00
270.00,106.00,17.79,2850.00,2040.00,-1851.00,170.00,-82.00,-366.00
279.00,102.00,17.75,2735.00,1860.00,-1773.00,144.00,-24.00,-325.00
287.00,98.00,17.61,2794.00,1858.00,-2024.00,235.00,25.00,-286.00
296.00,96.00,17.58,2325.00,1943.00,-1861.00,138.00,-33.00,-257.00
304.00,95.00,17.53,1878.00,2303.00,-2022.00,236.00,-118.00,-114.00
