208.00,322.00,6.00,4026.00,1274.00,549.00,-158.00,118.00,104.00
208.00,326.00,8.00,3749.00,1253.00,517.00,-257.00,133.00,262.00
206.00,328.00,8.00,3901.00,1162.00,671.00,-189.00,108.00,169.00
208.00,334.00,8.00,3654.00,1057.00,618.00,-300.00,149.00,283.00
204.00,340.00,8.00,3998.00,1038.00,864.00,-291.00,107.00,502.00
202.00,346.00,9.00,4265.00,1104.00,724.00,-240.00,78.00,504.00
204.00,352.00,9.00,4537.00,1100.00,652.00,-343.00,112.00,544.00
198.00,358.00,8.00,4792.00,1146.00,659.00,-429.00,150.00,580.00
196.00,362.00,8.00,5415.00,1377.00,875.00,-412.00,83.00,605.00
192.00,366.00,8.00,5555.00,1338.00,902.00,-453.00,91.00,406.00
188.00,368.00,9.00,5929.00,1394.00,1128.00,-457.00,52.00,479.00
182.00,368.00,9.00,6126.00,1345.00,1036.00,-568.00,39.00,379.00
176.00,362.00,9.00,6098.00,1276.00,1316.00,-581.00,53.00,250.00
172.00,356.00,9.00,6056.00,1109.00,1598.00,-611.00,99.00,-211.00
166.00,346.00,10.00,5705.00,941.00,1947.00,-551.00,103.00,-297.00
162.00,340.00,8.00,5459.00,907.00,2183.00,-480.00,221.00,-726.00
156.00,326.00,10.00,5144.00,775.00,2343.00,-357.00,202.00,-800.00
154.00,316.00,7.00,4695.00,858.00,2525.00,-233.00,273.00,-1060.00
152.00,300.00,9.00,4071.00,814.00,2628.00,51.00,211.00,-1115.00
##0.00,0.00,0.00,3510.00,798.00,2645.00,165.00,328.00,-1201.00
160.00,270.00,12.00,2908.00,943.00,2504.00,483.00,146.00,-1064.00
162.00,258.00,8.00,2009.00,799.00,2126.00,562.00,172.00,-800.00
168.00,248.00,8.00,1966.00,866.00,2088.00,655.00,116.00,-740.00
176.00,242.00,8.00,1885.00,1133.00,1643.00,764.00,178.00,-435.00
182.00,238.00,8.00,1845.00,1018.00,1392.00,694.00,215.00,-286.00
190.00,238.00,10.00,1808.00,1191.00,1494.00,692.00,213.00,-113.00
214.00,242.00,7.00,2165.00,1375.00,1259.00,683.00,261.00,225.00
228.00,252.00,10.00,2864.00,1651.00,1309.00,571.00,280.00,530.00
260.00,276.00,7.00,3961.00,1744.00,1351.00,414.00,356.00,746.00
272.00,284.00,8.00,3963.00,1694.00,1549.00,414.00,315.00,882.00
286.00,296.00,9.00,4290.00,1769.00,1653.00,418.00,348.00,908.00
296.00,304.00,8.00,4317.00,1572.00,1657.00,505.00,311.00,982.00
308.00,314.00,8.00,4720.00,1635.00,1695.00,597.00,210.00,1099.00
324.00,326.00,6.00,4891.00,1566.00,1849.00,637.00,274.00,1055.00
#0.00,0.00,0.00,5032.00,1491.00,1584.00,765.00,160.00,1033.00
340.00,334.00,10.00,5383.00,1334.00,1592.00,818.00,227.00,1052.00
346.00,342.00,11.00,5489.00,1370.00,1583.00,888.00,128.00,894.00
356.00,342.00,10.00,5443.00,1221.00,1566.00,898.00,141.00,840.00
364.00,344.00,11.00,5750.00,1095.00,1532.00,898.00,170.00,920.00
368.00,340.00,8.00,6195.00,1064.00,1295.00,877.00,115.00,664.00
374.00,336.00,8.00,6155.00,847.00,1446.00,863.00,163.00,562.00
382.00,330.00,10.00,6155.00,813.00,1223.00,873.00,52.00,313.00
384.00,318.00,6.00,5686.00,452.00,1254.00,773.00,-26.00,-116.00
384.00,302.00,9.00,5018.00,479.00,1497.00,854.00,-151.00,-442.00
390.00,292.00,10.00,4333.00,206.00,1166.00,847.00,-333.00,-497.00
390.00,282.00,10.00,4220.00,507.00,1056.00,880.00,-449.00,-676.00
384.00,264.00,7.00,2921.00,552.00,-587.00,578.00,-455.00,-1042.00
378.00,256.00,6.00,2782.00,707.00,-801.00,496.00,-533.00,-1138.00
376.00,252.00,6.00,2158.00,553.00,-1016.00,230.00,-451.00,-1100.00
374.00,250.00,6.00,2122.00,982.00,-851.00,-13.00,-350.00,-770.00
368.00,250.00,7.00,2322.00,991.00,-778.00,-133.00,-301.00,-831.00
364.00,252.00,7.00,2110.00,921.00,-1022.00,-452.00,-409.00,-339.00
360.00,256.00,6.00,3014.00,1553.00,78.00,-864.00,-150.00,82.00
354.00,262.00,6.00,3243.00,1807.00,-62.00,-891.00,-199.00,436.00
348.00,270.00,9.00,3569.00,1770.00,112.00,-944.00,-201.00,643.00
344.00,278.00,8.00,4235.00,2083.00,702.00,-986.00,-85.00,658.00
330.00,294.00,6.00,4340.00,2087.00,541.00,-965.00,-79.00,612.00
330.00,294.00,6.00,4693.00,2037.00,758.00,-781.00,-220.00,738.00
314.00,312.00,6.00,4881.00,2081.00,787.00,-892.00,-123.00,668.00
312.00,314.00,7.00,4750.00,1875.00,536.00,-932.00,-125.00,650.00
300.00,322.00,7.00,5113.00,1817.00,792.00,-714.00,-280.00,664.00
290.00,330.00,10.00,4877.00,1667.00,664.00,-789.00,-227.00,676.00
278.00,338.00,8.00,5137.00,1676.00,681.00,-780.00,-213.00,627.00
272.00,340.00,8.00,5096.00,1408.00,682.00,-803.00,-169.00,516.00
258.00,348.00,8.00,5151.00,1233.00,490.00,-913.00,-79.00,482.00
#0.00,0.00,0.00,5367.00,1134.00,824.00,-870.00,-127.00,367.00
238.00,354.00,10.00,5310.00,962.00,533.00,-762.00,-199.00,370.00
234.00,354.00,7.00,5310.00,962.00,533.00,-762.00,-199.00,370.00
218.00,352.00,10.00,5273.00,856.00,365.00,-867.00,-170.00,288.00
212.00,352.00,6.00,5277.00,764.00,440.00,-903.00,-169.00,217.00
194.00,348.00,10.00,5253.00,761.00,319.00,-943.00,-144.00,125.00
184.00,344.00,10.00,5276.00,697.00,508.00,-1011.00,-204.00,26.00
172.00,342.00,8.00,5354.00,844.00,611.00,-919.00,-208.00,-116.00
166.00,336.00,10.00,5288.00,799.00,413.00,-965.00,-230.00,-209.00
152.00,330.00,7.00,5078.00,879.00,542.00,-885.00,-258.00,-168.00
144.00,324.00,8.00,5012.00,822.00,348.00,-943.00,-220.00,-418.00
136.00,318.00,10.00,4893.00,841.00,445.00,-981.00,-251.00,-344.00
132.00,310.00,10.00,4991.00,1182.00,846.00,-764.00,-273.00,-454.00
122.00,302.00,10.00,4661.00,1022.00,511.00,-731.00,-215.00,-646.00
118.00,292.00,9.00,4287.00,1168.00,681.00,-573.00,-253.00,-644.00
116.00,284.00,10.00,3997.00,1214.00,726.00,-513.00,-210.00,-679.00
112.00,278.00,8.00,3742.00,1243.00,565.00,-298.00,-294.00,-648.00
110.00,272.00,7.00,3336.00,1255.00,591.00,-258.00,-214.00,-525.00
108.00,266.00,7.00,3097.00,1232.00,526.00,-251.00,-147.00,-494.00
108.00,264.00,7.00,2650.00,1108.00,630.00,-221.00,-53.00,-381.00
108.00,262.00,7.00,2166.00,997.00,529.00,-172.00,-26.00,-201.00
108.00,266.00,7.00,1992.00,943.00,654.00,-27.00,32.00,44.00
106.00,270.00,10.00,2160.00,830.00,277.00,-100.00,147.00,216.00
110.00,278.00,10.00,2174.00,752.00,454.00,-122.00,177.00,424.00
108.00,288.00,9.00,2768.00,765.00,423.00,-108.00,345.00,642.00
108.00,298.00,7.00,3354.00,867.00,734.00,-224.00,431.00,711.00
114.00,310.00,9.00,3934.00,978.00,1093.00,-143.00,447.00,834.00
118.00,324.00,11.00,4278.00,991.00,1166.00,-132.00,465.00,873.00
120.00,338.00,10.00,5150.00,1066.00,1301.00,53.00,476.00,877.00
130.00,350.00,9.00,5347.00,931.00,1329.00,111.00,384.00,948.00
140.00,364.00,11.00,5574.00,1022.00,1412.00,138.00,426.00,890.00
146.00,376.00,8.00,5760.00,941.00,1354.00,255.00,357.00,867.00
156.00,384.00,8.00,6202.00,901.00,1231.00,362.00,324.00,828.00
164.00,388.00,10.00,6160.00,824.00,1507.00,494.00,370.00,566.00
172.00,390.00,9.00,6511.00,718.00,1154.00,717.00,98.00,637.00
180.00,390.00,10.00,6572.00,660.00,1332.00,727.00,133.00,515.00
188.00,390.00,8.00,6948.00,626.00,947.00,699.00,101.00,306.00
194.00,386.00,6.00,7138.00,446.00,1316.00,765.00,-53.00,98.00
208.00,346.00,9.00,6421.00,-29.00,931.00,851.00,-281.00,-725.00
250.00,174.00,6.00,2649.00,1386.00,-370.00,760.00,-545.00,-1454.00
252.00,170.00,9.00,2269.00,1611.00,-466.00,709.00,-467.00,-1545.00
258.00,162.00,6.00,1708.00,1688.00,-940.00,654.00,-388.00,-1462.00
258.00,158.00,6.00,819.00,1714.00,-1465.00,451.00,-344.00,-1176.00
260.00,156.00,7.00,424.00,1768.00,-1636.00,291.00,-211.00,-943.00
262.00,154.00,6.00,24.00,1710.00,-1711.00,114.00,-91.00,-669.00
262.00,154.00,6.00,-118.00,1721.00,-1663.00,-1.00,-37.00,-329.00
262.00,156.00,7.00,-240.00,1755.00,-1696.00,-199.00,175.00,41.00
260.00,160.00,6.00,54.00,1892.00,-1792.00,-313.00,241.00,332.00
260.00,160.00,6.00,660.00,2044.00,-1673.00,-393.00,213.00,480.00
256.00,168.00,7.00,954.00,2156.00,-1461.00,-573.00,330.00,825.00
252.00,176.00,6.00,1816.00,2327.00,-1349.00,-744.00,407.00,996.00
238.00,208.00,6.00,3000.00,2902.00,-146.00,-872.00,452.00,1146.00
#0.00,0.00,0.00,3640.00,2596.00,198.00,-931.00,451.00,1432.00
#0.00,0.00,0.00,4168.00,2414.00,883.00,-898.00,499.00,1267.00
214.00,354.00,8.00,5352.00,1695.00,1105.00,-430.00,68.00,1028.00
216.00,364.00,10.00,5363.00,1458.00,761.00,-384.00,113.00,717.00
210.00,372.00,11.00,5382.00,1380.00,885.00,-360.00,42.00,743.00
210.00,378.00,8.00,5810.00,1330.00,1271.00,-340.00,109.00,537.00
208.00,382.00,8.00,5760.00,1221.00,1127.00,-251.00,12.00,522.00
206.00,384.00,8.00,5929.00,1247.00,1058.00,-215.00,-15.00,537.00
202.00,384.00,8.00,6406.00,1273.00,902.00,-228.00,-15.00,242.00
198.00,380.00,8.00,6636.00,1003.00,1182.00,-551.00,-18.00,452.00
194.00,376.00,8.00,7099.00,1379.00,1488.00,-437.00,-93.00,318.00
192.00,366.00,10.00,7342.00,1540.00,1688.00,-293.00,-94.00,-32.00
182.00,332.00,10.00,5550.00,760.00,2053.00,-109.00,-80.00,-1137.00
180.00,312.00,6.00,4346.00,359.00,1936.00,96.00,-64.00,-1247.00
182.00,270.00,10.00,2792.00,484.00,1646.00,502.00,-166.00,-1093.00
186.00,258.00,10.00,2531.00,712.00,1645.00,544.00,-65.00,-972.00
192.00,250.00,9.00,2468.00,854.00,1454.00,626.00,21.00,-865.00
202.00,244.00,8.00,2356.00,1009.00,1089.00,651.00,106.00,-644.00
206.00,240.00,9.00,2456.00,1382.00,926.00,666.00,135.00,-415.00
214.00,240.00,10.00,2482.00,1566.00,492.00,588.00,303.00,-244.00
222.00,238.00,9.00,2582.00,1662.00,417.00,566.00,205.00,-66.00
228.00,240.00,10.00,2691.00,1735.00,467.00,514.00,291.00,20.00
236.00,244.00,11.00,2691.00,1735.00,467.00,514.00,291.00,20.00
246.00,246.00,10.00,3117.00,1832.00,317.00,417.00,390.00,137.00
254.00,250.00,10.00,3399.00,1918.00,414.00,403.00,297.00,275.00
258.00,256.00,8.00,3535.00,1970.00,650.00,345.00,332.00,316.00
266.00,264.00,8.00,3730.00,2017.00,688.00,347.00,344.00,365.00
276.00,270.00,10.00,4232.00,2116.00,623.00,384.00,307.00,483.00
284.00,280.00,8.00,4024.00,1953.00,843.00,298.00,364.00,428.00
286.00,284.00,8.00,4033.00,2012.00,766.00,356.00,359.00,601.00
296.00,292.00,10.00,4114.00,1911.00,779.00,430.00,262.00,614.00
302.00,302.00,10.00,4334.00,1829.00,1016.00,447.00,313.00,714.00
310.00,306.00,10.00,4699.00,1798.00,673.00,481.00,229.00,751.00
314.00,314.00,10.00,4513.00,1718.00,921.00,407.00,293.00,629.00
320.00,320.00,10.00,4520.00,1642.00,1022.00,415.00,294.00,710.00
326.00,326.00,8.00,4751.00,1636.00,940.00,554.00,208.00,758.00
330.00,330.00,7.00,4882.00,1514.00,864.00,590.00,211.00,729.00
336.00,334.00,8.00,5056.00,1405.00,700.00,616.00,199.00,732.00
338.00,338.00,6.00,5154.00,1400.00,788.00,656.00,201.00,784.00
344.00,340.00,7.00,5515.00,1350.00,474.00,661.00,138.00,799.00
350.00,340.00,7.00,6311.00,1329.00,561.00,670.00,18.00,705.00
350.00,328.00,9.00,6224.00,1081.00,911.00,651.00,-106.00,332.00
352.00,318.00,8.00,5516.00,782.00,1234.00,517.00,-295.00,-659.00
352.00,308.00,9.00,4996.00,1023.00,1125.00,639.00,-391.00,-690.00
354.00,302.00,6.00,4331.00,755.00,725.00,652.00,-408.00,-904.00
354.00,290.00,6.00,4331.00,755.00,725.00,652.00,-408.00,-904.00
350.00,278.00,10.00,3989.00,751.00,500.00,635.00,-391.00,-872.00
354.00,270.00,6.00,3236.00,1036.00,-217.00,544.00,-445.00,-1024.00
352.00,262.00,6.00,2638.00,755.00,-731.00,309.00,-287.00,-1049.00
348.00,256.00,6.00,2482.00,995.00,-1048.00,178.00,-377.00,-925.00
346.00,252.00,6.00,2075.00,966.00,-1336.00,-31.00,-358.00,-931.00
342.00,250.00,6.00,1768.00,944.00,-1419.00,-285.00,-270.00,-429.00
340.00,252.00,6.00,2271.00,1127.00,-1283.00,-503.00,-221.00,-169.00
336.00,254.00,7.00,2341.00,1236.00,-1094.00,-719.00,-201.00,49.00
330.00,260.00,6.00,2557.00,1398.00,-736.00,-916.00,-52.00,369.00
330.00,262.00,6.00,3201.00,1520.00,-323.00,-946.00,-31.00,642.00
324.00,270.00,6.00,3813.00,1872.00,183.00,-875.00,-35.00,682.00
320.00,278.00,6.00,3749.00,1758.00,-50.00,-1015.00,136.00,651.00
308.00,294.00,6.00,4211.00,1693.00,139.00,-886.00,-36.00,746.00
302.00,304.00,7.00,4688.00,1904.00,423.00,-845.00,-26.00,775.00
296.00,310.00,11.00,4832.00,1732.00,414.00,-1036.00,109.00,687.00
292.00,316.00,6.00,5057.00,1719.00,637.00,-885.00,-24.00,630.00
280.00,326.00,7.00,4999.00,1699.00,693.00,-908.00,-80.00,761.00
274.00,332.00,7.00,5118.00,1713.00,666.00,-893.00,36.00,581.00
260.00,344.00,7.00,5025.00,1230.00,730.00,-879.00,-72.00,647.00
250.00,350.00,7.00,5137.00,1217.00,814.00,-824.00,-6.00,499.00
242.00,356.00,7.00,4963.00,867.00,471.00,-738.00,-212.00,525.00
236.00,356.00,8.00,5076.00,901.00,767.00,-738.00,-186.00,607.00
228.00,360.00,7.00,5431.00,843.00,531.00,-883.00,11.00,297.00
214.00,366.00,7.00,5441.00,722.00,468.00,-806.00,-110.00,282.00
206.00,366.00,10.00,5560.00,669.00,396.00,-842.00,-142.00,260.00
186.00,362.00,10.00,5529.00,590.00,366.00,-846.00,-218.00,-94.00
164.00,358.00,10.00,5710.00,822.00,341.00,-964.00,-219.00,-151.00
156.00,350.00,8.00,5512.00,748.00,371.00,-938.00,-287.00,-265.00
148.00,344.00,8.00,5500.00,856.00,549.00,-945.00,-283.00,-285.00
136.00,332.00,7.00,5567.00,1038.00,567.00,-813.00,-301.00,-440.00
130.00,324.00,8.00,5221.00,906.00,391.00,-747.00,-327.00,-591.00
126.00,314.00,10.00,4978.00,1050.00,525.00,-704.00,-298.00,-589.00
116.00,294.00,11.00,4379.00,1154.00,544.00,-485.00,-294.00,-740.00
112.00,284.00,9.00,4296.00,1210.00,573.00,-471.00,-233.00,-654.00
110.00,276.00,8.00,3834.00,1254.00,398.00,-254.00,-258.00,-818.00
108.00,266.00,10.00,3579.00,1480.00,298.00,-161.00,-251.00,-671.00
108.00,260.00,8.00,3332.00,1517.00,258.00,-105.00,-258.00,-724.00
108.00,252.00,8.00,3049.00,1482.00,263.00,2.00,-287.00,-658.00
108.00,248.00,7.00,2612.00,1442.00,1.00,-63.00,-169.00,-438.00
108.00,244.00,7.00,2262.00,1330.00,176.00,-51.00,-84.00,-361.00
108.00,244.00,7.00,1879.00,1170.00,357.00,-16.00,-30.00,-123.00
110.00,246.00,7.00,1796.00,1151.00,241.00,43.00,57.00,103.00
112.00,250.00,8.00,1935.00,1119.00,56.00,-11.00,144.00,331.00
112.00,260.00,7.00,2113.00,1060.00,155.00,-97.00,262.00,496.00
110.00,268.00,9.00,2603.00,1108.00,123.00,-190.00,384.00,715.00
114.00,300.00,7.00,3882.00,1272.00,369.00,-195.00,476.00,939.00
114.00,314.00,10.00,4417.00,1454.00,989.00,-232.00,504.00,1033.00
124.00,336.00,10.00,5178.00,1469.00,916.00,-199.00,556.00,971.00
132.00,352.00,12.00,5214.00,1277.00,1517.00,104.00,468.00,1125.00
138.00,364.00,10.00,5601.00,1309.00,1235.00,214.00,505.00,1094.00
150.00,378.00,12.00,5676.00,1172.00,1458.00,315.00,419.00,1066.00
158.00,386.00,10.00,6240.00,1174.00,945.00,530.00,393.00,1116.00
166.00,392.00,8.00,5963.00,1048.00,1323.00,356.00,470.00,829.00
178.00,400.00,10.00,6380.00,816.00,1150.00,1003.00,120.00,1153.00
186.00,398.00,11.00,7423.00,1152.00,662.00,966.00,59.00,1057.00
194.00,396.00,9.00,7467.00,871.00,1128.00,653.00,340.00,521.00
204.00,390.00,9.00,7615.00,474.00,1162.00,1058.00,-9.00,630.00
#0.00,0.00,0.00,7705.00,328.00,1078.00,917.00,48.00,215.00
214.00,368.00,10.00,7205.00,-422.00,1330.00,938.00,-247.00,-429.00
250.00,184.00,6.00,2536.00,968.00,-231.00,772.00,-685.00,-1681.00
256.00,162.00,6.00,1388.00,1419.00,-750.00,662.00,-598.00,-1437.00
260.00,154.00,6.00,1091.00,1630.00,-919.00,602.00,-450.00,-1300.00
262.00,152.00,6.00,369.00,1649.00,-1305.00,613.00,-437.00,-912.00
264.00,150.00,6.00,123.00,1586.00,-1415.00,480.00,-179.00,-692.00
266.00,152.00,6.00,138.00,1785.00,-1895.00,145.00,117.00,-685.00
268.00,154.00,6.00,51.00,1854.00,-1990.00,46.00,72.00,-615.00
268.00,156.00,6.00,150.00,1952.00,-2137.00,-86.00,71.00,-72.00
268.00,158.00,6.00,420.00,2196.00,-2156.00,-233.00,130.00,12.00
266.00,168.00,6.00,872.00,1711.00,-1755.00,-661.00,294.00,478.00
258.00,190.00,6.00,2483.00,2677.00,-860.00,-979.00,623.00,976.00
246.00,256.00,9.00,4207.00,2931.00,520.00,-814.00,358.00,1318.00
240.00,290.00,10.00,4556.00,2728.00,446.00,-803.00,433.00,1001.00
232.00,328.00,10.00,5432.00,2455.00,855.00,-463.00,227.00,1220.00
234.00,344.00,9.00,5580.00,2302.00,828.00,-392.00,186.00,1247.00
230.00,352.00,9.00,5659.00,2156.00,692.00,-393.00,227.00,978.00
228.00,360.00,9.00,5922.00,2046.00,893.00,-249.00,94.00,1043.00
226.00,368.00,7.00,6131.00,2038.00,865.00,-163.00,124.00,851.00
224.00,370.00,7.00,6468.00,1758.00,571.00,-266.00,9.00,973.00
220.00,370.00,10.00,6622.00,1637.00,517.00,-654.00,50.00,881.00
212.00,366.00,9.00,7629.00,1535.00,743.00,-1027.00,58.00,534.00
206.00,360.00,8.00,7585.00,1353.00,1187.00,-1015.00,-155.00,35.00
204.00,348.00,10.00,6607.00,987.00,1332.00,-575.00,-263.00,-551.00
192.00,316.00,9.00,5152.00,356.00,1940.00,-176.00,-272.00,-882.00
#0.00,0.00,0.00,4802.00,341.00,1763.00,-21.00,-210.00,-1032.00
192.00,246.00,10.00,3475.00,714.00,1378.00,244.00,-154.00,-1293.00
196.00,220.00,10.00,2610.00,1098.00,944.00,490.00,52.00,-1195.00
202.00,214.00,8.00,2272.00,1255.00,794.00,508.00,49.00,-983.00
208.00,208.00,9.00,1926.00,1427.00,930.00,536.00,163.00,-839.00
214.00,202.00,9.00,1908.00,1570.00,467.00,682.00,180.00,-536.00
220.00,204.00,9.00,2080.00,1768.00,-8.00,613.00,88.00,-318.00
228.00,204.00,8.00,2191.00,1922.00,-124.00,570.00,102.00,-185.00
234.00,206.00,8.00,2525.00,1998.00,-176.00,404.00,221.00,-81.00
240.00,210.00,9.00,2608.00,2193.00,-188.00,355.00,228.00,15.00
244.00,216.00,9.00,2821.00,2155.00,-287.00,218.00,381.00,109.00
250.00,220.00,7.00,3034.00,2260.00,-348.00,125.00,371.00,201.00
256.00,232.00,9.00,2981.00,2260.00,208.00,73.00,313.00,369.00
260.00,236.00,8.00,3482.00,2352.00,343.00,110.00,390.00,500.00
264.00,246.00,8.00,3655.00,2470.00,306.00,94.00,395.00,552.00
272.00,256.00,10.00,3694.00,2297.00,416.00,161.00,333.00,635.00
280.00,274.00,7.00,4226.00,2249.00,565.00,148.00,315.00,827.00
294.00,300.00,8.00,4658.00,1894.00,883.00,378.00,296.00,996.00
310.00,320.00,7.00,4984.00,1811.00,641.00,432.00,318.00,919.00
314.00,326.00,9.00,4995.00,1688.00,872.00,486.00,306.00,977.00
320.00,332.00,10.00,5318.00,1700.00,945.00,573.00,337.00,846.00
326.00,336.00,8.00,5407.00,1606.00,981.00,660.00,289.00,892.00
330.00,342.00,7.00,5604.00,1598.00,586.00,705.00,227.00,782.00
336.00,344.00,8.00,5730.00,1278.00,508.00,665.00,211.00,679.00
338.00,342.00,7.00,6047.00,1332.00,738.00,710.00,89.00,504.00
342.00,340.00,7.00,6121.00,1150.00,1031.00,710.00,75.00,295.00
346.00,336.00,7.00,6050.00,1156.00,1051.00,817.00,-9.00,194.00
350.00,330.00,7.00,5703.00,1018.00,978.00,799.00,-159.00,-190.00
356.00,308.00,6.00,5526.00,1059.00,989.00,769.00,-342.00,-621.00
358.00,304.00,6.00,4965.00,983.00,979.00,861.00,-358.00,-854.00
362.00,292.00,9.00,4448.00,886.00,324.00,830.00,-353.00,-860.00
360.00,278.00,6.00,4165.00,852.00,51.00,811.00,-403.00,-948.00
356.00,272.00,9.00,3612.00,873.00,-291.00,743.00,-420.00,-1008.00
356.00,258.00,6.00,2829.00,1060.00,-936.00,487.00,-248.00,-1040.00
354.00,254.00,6.00,2637.00,1146.00,-1354.00,366.00,-251.00,-1012.00
352.00,250.00,6.00,2318.00,1234.00,-1515.00,233.00,-272.00,-789.00
350.00,248.00,5.00,2205.00,1437.00,-1751.00,66.00,-277.00,-601.00
348.00,248.00,6.00,1993.00,1207.00,-2023.00,-177.00,-276.00,-413.00
#0.00,0.00,0.00,1872.00,1064.00,-2023.00,-368.00,-304.00,-10.00
340.00,254.00,4.00,1831.00,1182.00,-1992.00,-609.00,-317.00,390.00
338.00,260.00,6.00,2448.00,1115.00,-1468.00,-801.00,-281.00,766.00
336.00,264.00,7.00,3247.00,1511.00,-781.00,-939.00,-226.00,1104.00
332.00,270.00,6.00,3910.00,1853.00,-368.00,-913.00,-70.00,930.00
326.00,278.00,6.00,4313.00,1842.00,-123.00,-1047.00,-49.00,1030.00
318.00,288.00,7.00,4740.00,1891.00,-45.00,-962.00,102.00,730.00
306.00,304.00,6.00,4597.00,1700.00,-142.00,-889.00,-122.00,1069.00
300.00,308.00,10.00,5140.00,1898.00,116.00,-902.00,14.00,901.00
286.00,322.00,6.00,4677.00,1210.00,-415.00,-907.00,-59.00,909.00
278.00,330.00,6.00,5322.00,1415.00,237.00,-788.00,-249.00,1250.00
270.00,336.00,8.00,5585.00,1530.00,506.00,-771.00,-59.00,911.00
260.00,342.00,7.00,5311.00,1021.00,-121.00,-890.00,9.00,843.00
252.00,346.00,9.00,5654.00,1010.00,-34.00,-769.00,-180.00,936.00
244.00,352.00,10.00,5710.00,910.00,-199.00,-906.00,5.00,519.00
234.00,354.00,7.00,5585.00,742.00,-424.00,-936.00,-53.00,518.00
218.00,354.00,9.00,5499.00,709.00,-460.00,-976.00,-207.00,643.00
192.00,354.00,10.00,5775.00,766.00,-306.00,-1401.00,-284.00,59.00
182.00,346.00,10.00,5470.00,903.00,-51.00,-1313.00,-155.00,-29.00
170.00,344.00,10.00,5397.00,757.00,-216.00,-1244.00,-168.00,-234.00
164.00,336.00,10.00,5171.00,701.00,-71.00,-1208.00,-183.00,-161.00
150.00,328.00,8.00,5171.00,918.00,72.00,-1054.00,-106.00,-342.00
142.00,320.00,8.00,5262.00,886.00,-308.00,-987.00,-151.00,-480.00
138.00,312.00,10.00,5200.00,959.00,-264.00,-1006.00,-150.00,-505.00
132.00,304.00,9.00,5038.00,1064.00,-15.00,-933.00,-75.00,-701.00
126.00,294.00,11.00,5067.00,1287.00,116.00,-852.00,-5.00,-891.00
120.00,284.00,8.00,4717.00,1441.00,556.00,-824.00,179.00,-1144.00
118.00,274.00,9.00,4342.00,1516.00,372.00,-556.00,68.00,-1093.00
114.00,264.00,10.00,4154.00,1601.00,438.00,-397.00,-58.00,-1002.00
116.00,254.00,8.00,3629.00,1724.00,661.00,-277.00,19.00,-971.00
116.00,246.00,7.00,3374.00,1804.00,442.00,-100.00,-10.00,-839.00
116.00,240.00,7.00,2746.00,1764.00,349.00,-7.00,-24.00,-707.00
118.00,236.00,7.00,2236.00,1681.00,308.00,32.00,-11.00,-515.00
118.00,232.00,7.00,1964.00,1612.00,349.00,36.00,44.00,-378.00
120.00,232.00,7.00,1841.00,1510.00,205.00,17.00,127.00,-175.00
120.00,236.00,7.00,1677.00,1485.00,264.00,-20.00,200.00,82.00
120.00,238.00,7.00,1808.00,1408.00,271.00,-74.00,322.00,179.00
118.00,246.00,9.00,1836.00,1324.00,271.00,-279.00,496.00,403.00
120.00,258.00,10.00,2231.00,1258.00,332.00,-415.00,575.00,641.00
116.00,266.00,10.00,2719.00,1357.00,758.00,-508.00,525.00,817.00
120.00,286.00,9.00,3538.00,1329.00,1476.00,-568.00,512.00,1024.00
120.00,302.00,9.00,3740.00,1458.00,1996.00,-457.00,414.00,1106.00
124.00,312.00,9.00,4361.00,1541.00,2044.00,-279.00,357.00,1166.00
136.00,348.00,9.00,4963.00,1682.00,2546.00,-176.00,349.00,1174.00
148.00,360.00,9.00,4951.00,1549.00,2642.00,114.00,235.00,1148.00
158.00,370.00,10.00,5253.00,1434.00,2606.00,478.00,126.00,1322.00
166.00,376.00,10.00,5999.00,1629.00,2250.00,617.00,169.00,1287.00
176.00,382.00,10.00,6095.00,1430.00,1899.00,583.00,371.00,872.00
186.00,384.00,10.00,6055.00,1082.00,1995.00,1207.00,107.00,1114.00
212.00,386.00,8.00,6870.00,657.00,1643.00,1714.00,102.00,1078.00
222.00,382.00,8.00,7132.00,324.00,1281.00,1611.00,-34.00,791.00
234.00,366.00,7.00,7630.00,594.00,1738.00,1361.00,-312.00,398.00
254.00,288.00,10.00,6373.00,31.00,2117.00,1280.00,-792.00,-937.00
274.00,198.00,6.00,3373.00,416.00,419.00,1080.00,-1053.00,-1706.00
280.00,174.00,6.00,2052.00,742.00,-360.00,898.00,-915.00,-1780.00
284.00,168.00,8.00,1584.00,998.00,-874.00,1023.00,-1053.00,-1782.00
#0.00,0.00,0.00,1090.00,898.00,-1113.00,974.00,-1149.00,-1661.00
284.00,158.00,6.00,490.00,1030.00,-1771.00,781.00,-1017.00,-1280.00
284.00,156.00,6.00,-42.00,968.00,-2202.00,266.00,-491.00,-1097.00
#0.00,0.00,0.00,-271.00,1264.00,-2194.00,-35.00,-276.00,-682.00
282.00,158.00,5.00,-399.00,1370.00,-2032.00,-262.00,-151.00,-553.00
280.00,160.00,6.00,-300.00,1466.00,-2101.00,-390.00,81.00,-130.00
276.00,170.00,6.00,512.00,2076.00,-1908.00,-678.00,256.00,270.00
272.00,178.00,6.00,1610.00,2822.00,-1203.00,-957.00,512.00,786.00
264.00,204.00,6.00,2658.00,3020.00,-553.00,-1020.00,579.00,1101.00
260.00,216.00,7.00,3221.00,2919.00,-527.00,-1053.00,488.00,1304.00
258.00,230.00,6.00,3645.00,3320.00,-119.00,-1021.00,496.00,1170.00
254.00,244.00,6.00,3551.00,2915.00,66.00,-870.00,466.00,1224.00
246.00,280.00,10.00,4848.00,2857.00,576.00,-709.00,291.00,1325.00
244.00,320.00,9.00,4969.00,2370.00,602.00,-493.00,177.00,1502.00
242.00,334.00,10.00,5414.00,2534.00,1038.00,-371.00,127.00,1467.00
236.00,354.00,10.00,5818.00,2182.00,821.00,-276.00,158.00,1189.00
236.00,364.00,10.00,5853.00,1948.00,708.00,-349.00,204.00,1023.00
230.00,368.00,9.00,6273.00,1907.00,698.00,-219.00,126.00,1017.00
230.00,372.00,8.00,6594.00,1606.00,506.00,-204.00,53.00,1032.00
226.00,372.00,8.00,6946.00,1573.00,510.00,-340.00,36.00,956.00
220.00,370.00,9.00,7121.00,1356.00,523.00,-543.00,15.00,641.00
214.00,360.00,9.00,6679.00,1036.00,1055.00,-747.00,-179.00,85.00
212.00,346.00,10.00,6463.00,696.00,1342.00,-420.00,-269.00,-1041.00
208.00,340.00,7.00,5981.00,633.00,1556.00,-322.00,-373.00,-1263.00
206.00,312.00,9.00,5273.00,729.00,1694.00,-101.00,-322.00,-1439.00
206.00,260.00,10.00,3663.00,969.00,1067.00,260.00,-204.00,-1520.00
212.00,252.00,10.00,3285.00,1022.00,918.00,353.00,-195.00,-1364.00
220.00,226.00,10.00,2302.00,1345.00,636.00,448.00,5.00,-1230.00
222.00,220.00,7.00,2102.00,1517.00,603.00,560.00,11.00,-992.00
232.00,212.00,9.00,2013.00,1653.00,499.00,561.00,92.00,-922.00
236.00,210.00,8.00,1791.00,1782.00,123.00,481.00,250.00,-604.00
246.00,208.00,7.00,1984.00,1933.00,-84.00,552.00,224.00,-484.00
252.00,208.00,7.00,1913.00,1932.00,-166.00,497.00,295.00,-473.00
256.00,212.00,9.00,2021.00,2100.00,-217.00,315.00,367.00,-124.00
260.00,214.00,7.00,2300.00,2241.00,-221.00,289.00,410.00,-31.00
272.00,224.00,8.00,2293.00,2213.00,-253.00,181.00,495.00,143.00
276.00,232.00,9.00,3046.00,2416.00,142.00,262.00,442.00,433.00
282.00,240.00,10.00,2989.00,2117.00,502.00,154.00,517.00,535.00
298.00,258.00,10.00,3445.00,1938.00,708.00,218.00,548.00,845.00
312.00,284.00,10.00,4118.00,1988.00,416.00,291.00,512.00,975.00
324.00,318.00,6.00,4680.00,1963.00,288.00,283.00,503.00,1069.00
334.00,348.00,9.00,5208.00,1782.00,487.00,458.00,345.00,1177.00
340.00,354.00,10.00,5546.00,1637.00,368.00,594.00,282.00,1277.00
340.00,364.00,8.00,6077.00,1520.00,640.00,902.00,311.00,1238.00
344.00,366.00,8.00,6657.00,1218.00,-148.00,1083.00,96.00,1335.00
344.00,368.00,7.00,7070.00,1401.00,225.00,1152.00,10.00,1069.00
344.00,366.00,7.00,7068.00,1093.00,114.00,1272.00,251.00,707.00
344.00,360.00,10.00,7140.00,1273.00,-200.00,1006.00,-16.00,601.00
346.00,348.00,6.00,6972.00,1349.00,1127.00,411.00,-239.00,-206.00
348.00,336.00,6.00,5901.00,1077.00,1049.00,658.00,-495.00,-439.00
348.00,332.00,6.00,5500.00,930.00,1098.00,541.00,-619.00,-673.00
348.00,318.00,6.00,4782.00,775.00,833.00,512.00,-644.00,-844.00
348.00,304.00,6.00,4308.00,620.00,530.00,528.00,-691.00,-916.00
348.00,282.00,7.00,4039.00,545.00,197.00,528.00,-847.00,-822.00
338.00,242.00,6.00,2650.00,740.00,-1180.00,-36.00,-681.00,-632.00
334.00,236.00,5.00,2583.00,952.00,-1222.00,-184.00,-555.00,-496.00
330.00,232.00,6.00,2527.00,1112.00,-1415.00,-306.00,-474.00,-484.00
326.00,228.00,6.00,2309.00,1242.00,-1670.00,-574.00,-384.00,-463.00
322.00,226.00,6.00,2171.00,1258.00,-1715.00,-728.00,-284.00,-271.00
318.00,226.00,7.00,2165.00,1476.00,-1547.00,-876.00,-295.00,-59.00
312.00,226.00,6.00,2247.00,1657.00,-1259.00,-964.00,-177.00,147.00
308.00,226.00,7.00,2397.00,1709.00,-1266.00,-1058.00,-58.00,196.00
300.00,230.00,7.00,2541.00,1937.00,-1015.00,-1172.00,-84.00,287.00
294.00,234.00,7.00,2883.00,1959.00,-668.00,-1161.00,-96.00,454.00
284.00,244.00,7.00,3290.00,2165.00,-449.00,-1189.00,42.00,614.00
278.00,248.00,7.00,3545.00,2144.00,-325.00,-1222.00,187.00,543.00
274.00,254.00,8.00,3711.00,2015.00,-239.00,-1141.00,222.00,616.00
264.00,264.00,8.00,4081.00,1882.00,-188.00,-1085.00,56.00,1059.00
256.00,274.00,7.00,4711.00,2215.00,280.00,-873.00,33.00,983.00
246.00,284.00,8.00,4607.00,1764.00,-77.00,-1153.00,282.00,839.00
#0.00,0.00,0.00,5066.00,1716.00,170.00,-966.00,21.00,1030.00
216.00,318.00,10.00,5112.00,1423.00,406.00,-1019.00,82.00,763.00
206.00,324.00,8.00,5310.00,1569.00,681.00,-743.00,-229.00,889.00
196.00,330.00,8.00,5411.00,1386.00,581.00,-922.00,16.00,737.00
188.00,332.00,10.00,5727.00,1213.00,571.00,-773.00,-165.00,835.00
180.00,338.00,10.00,5921.00,1368.00,624.00,-734.00,-159.00,584.00
172.00,336.00,9.00,5671.00,985.00,276.00,-861.00,-188.00,566.00
140.00,334.00,10.00,5986.00,702.00,303.00,-1676.00,-530.00,113.00
126.00,328.00,10.00,5676.00,778.00,668.00,-1420.00,-259.00,-486.00
120.00,318.00,8.00,5124.00,737.00,824.00,-942.00,-279.00,-631.00
116.00,310.00,9.00,4787.00,821.00,512.00,-548.00,-227.00,-637.00
112.00,302.00,9.00,4599.00,895.00,141.00,-485.00,-278.00,-600.00
110.00,294.00,10.00,4574.00,1017.00,201.00,-415.00,-238.00,-699.00
106.00,286.00,10.00,4348.00,1022.00,228.00,-358.00,-221.00,-716.00
104.00,276.00,8.00,4345.00,1237.00,173.00,-223.00,-295.00,-694.00
104.00,270.00,8.00,4099.00,1277.00,204.00,-185.00,-225.00,-716.00
104.00,262.00,8.00,3899.00,1364.00,10.00,-80.00,-222.00,-710.00
106.00,256.00,8.00,3612.00,1490.00,-74.00,-66.00,-266.00,-682.00
106.00,252.00,7.00,3310.00,1463.00,-164.00,2.00,-213.00,-692.00
106.00,246.00,8.00,3087.00,1505.00,-51.00,8.00,-188.00,-667.00
110.00,246.00,7.00,2528.00,1438.00,-3.00,128.00,-197.00,-516.00
112.00,244.00,7.00,2380.00,1383.00,-107.00,214.00,-63.00,-334.00
114.00,246.00,7.00,2224.00,1344.00,-339.00,179.00,68.00,-191.00
116.00,250.00,9.00,2229.00,1351.00,-335.00,168.00,122.00,-44.00
116.00,256.00,10.00,2516.00,1267.00,-672.00,60.00,291.00,282.00
116.00,266.00,9.00,3239.00,1432.00,34.00,-32.00,396.00,566.00
120.00,278.00,9.00,3900.00,1504.00,70.00,-64.00,509.00,647.00
122.00,284.00,10.00,3865.00,1517.00,260.00,-92.00,526.00,698.00
126.00,298.00,10.00,4322.00,1490.00,416.00,59.00,482.00,825.00
#0.00,0.00,0.00,4649.00,1500.00,593.00,77.00,581.00,846.00
140.00,332.00,10.00,4975.00,1295.00,534.00,141.00,543.00,949.00
146.00,344.00,8.00,5382.00,1377.00,798.00,269.00,501.00,980.00
154.00,352.00,8.00,5680.00,1382.00,1020.00,246.00,570.00,906.00
164.00,360.00,8.00,6035.00,1304.00,780.00,420.00,542.00,513.00
178.00,364.00,10.00,6129.00,1256.00,526.00,664.00,376.00,496.00
184.00,368.00,9.00,6276.00,1189.00,337.00,679.00,322.00,328.00
194.00,368.00,10.00,6132.00,958.00,537.00,691.00,291.00,350.00
202.00,366.00,10.00,6515.00,860.00,518.00,771.00,213.00,459.00
210.00,362.00,8.00,6548.00,621.00,586.00,832.00,221.00,466.00
216.00,354.00,10.00,6775.00,293.00,686.00,846.00,191.00,647.00
232.00,304.00,6.00,6809.00,6.00,1485.00,1001.00,-366.00,-578.00
248.00,240.00,7.00,4573.00,410.00,1175.00,1091.00,-718.00,-1589.00
256.00,206.00,7.00,3569.00,766.00,458.00,1047.00,-749.00,-1650.00
266.00,182.00,6.00,2532.00,1058.00,-352.00,884.00,-739.00,-1675.00
266.00,178.00,7.00,1424.00,1489.00,-1183.00,632.00,-429.00,-1628.00
270.00,170.00,7.00,959.00,1545.00,-1556.00,505.00,-342.00,-1738.00
272.00,164.00,6.00,707.00,1400.00,-1762.00,416.00,-234.00,-1716.00
#0.00,0.00,0.00,242.00,1530.00,-1808.00,230.00,-133.00,-1311.00
272.00,162.00,6.00,247.00,1752.00,-1712.00,300.00,-301.00,-936.00
274.00,164.00,4.00,-56.00,1642.00,-1636.00,27.00,-3.00,-506.00
272.00,164.00,6.00,49.00,1922.00,-1793.00,-233.00,173.00,-24.00
272.00,168.00,4.00,679.00,2388.00,-1784.00,-349.00,308.00,-1.00
268.00,174.00,6.00,1071.00,2505.00,-1589.00,-616.00,244.00,809.00
266.00,178.00,6.00,1460.00,2910.00,-1408.00,-578.00,247.00,732.00
266.00,184.00,7.00,1452.00,2659.00,-1411.00,-814.00,383.00,640.00
262.00,192.00,8.00,2045.00,2600.00,-978.00,-865.00,240.00,1138.00
256.00,208.00,6.00,2347.00,2722.00,-546.00,-858.00,377.00,880.00
244.00,274.00,10.00,4411.00,2860.00,753.00,-607.00,371.00,1084.00
242.00,288.00,9.00,4765.00,2673.00,753.00,-488.00,197.00,1335.00
240.00,304.00,9.00,5247.00,2826.00,1173.00,-566.00,212.00,1377.00
232.00,346.00,10.00,5669.00,1991.00,921.00,-299.00,154.00,1140.00
228.00,354.00,8.00,6056.00,1923.00,1036.00,-307.00,60.00,1089.00
224.00,360.00,10.00,6062.00,1845.00,1106.00,-285.00,77.00,1096.00
220.00,364.00,10.00,5937.00,1635.00,1128.00,-314.00,196.00,1137.00
220.00,366.00,8.00,7220.00,1516.00,1251.00,-617.00,344.00,921.00
214.00,358.00,8.00,6734.00,1000.00,1696.00,-680.00,255.00,187.00
208.00,354.00,10.00,6033.00,585.00,2112.00,-614.00,133.00,-302.00
208.00,342.00,9.00,5455.00,275.00,2223.00,-655.00,195.00,-488.00
202.00,310.00,9.00,4257.00,202.00,2313.00,-57.00,-122.00,-1091.00
202.00,294.00,10.00,3732.00,303.00,2129.00,157.00,-68.00,-1148.00
202.00,286.00,10.00,3590.00,422.00,2048.00,253.00,-78.00,-1287.00
202.00,272.00,9.00,3038.00,371.00,1814.00,308.00,95.00,-1322.00
206.00,260.00,10.00,2802.00,683.00,1801.00,497.00,-10.00,-1104.00
210.00,248.00,11.00,2460.00,815.00,1734.00,572.00,111.00,-1190.00
214.00,240.00,10.00,2168.00,918.00,1611.00,571.00,198.00,-873.00
#0.00,0.00,0.00,2542.00,1237.00,1653.00,782.00,55.00,-758.00
228.00,228.00,10.00,2340.00,1262.00,1250.00,729.00,136.00,-461.00
236.00,230.00,9.00,2572.00,1584.00,1028.00,773.00,143.00,-300.00
242.00,230.00,8.00,2817.00,1678.00,777.00,697.00,91.00,-219.00
252.00,232.00,9.00,3080.00,1968.00,742.00,639.00,156.00,-140.00
258.00,234.00,8.00,3215.00,2216.00,745.00,443.00,373.00,-132.00
266.00,238.00,8.00,3461.00,2309.00,507.00,453.00,349.00,-154.00
274.00,240.00,10.00,3278.00,2284.00,490.00,377.00,199.00,-35.00
280.00,246.00,9.00,3234.00,2356.00,827.00,270.00,360.00,29.00
286.00,250.00,9.00,3442.00,2445.00,557.00,304.00,294.00,173.00
292.00,258.00,9.00,3278.00,2380.00,855.00,217.00,277.00,215.00
300.00,264.00,8.00,3339.00,2326.00,770.00,171.00,324.00,258.00
302.00,268.00,7.00,3392.00,2294.00,974.00,69.00,347.00,470.00
310.00,280.00,8.00,3393.00,2255.00,1173.00,109.00,310.00,569.00
314.00,286.00,8.00,4004.00,2162.00,1137.00,227.00,239.00,855.00
320.00,294.00,9.00,4185.00,2168.00,1201.00,196.00,288.00,833.00
324.00,302.00,9.00,4371.00,2069.00,1154.00,410.00,160.00,955.00
328.00,310.00,9.00,4760.00,2089.00,1333.00,566.00,88.00,1169.00
332.00,316.00,8.00,5147.00,2114.00,1282.00,572.00,148.00,1100.00
338.00,322.00,9.00,5229.00,1942.00,1030.00,587.00,132.00,976.00
342.00,326.00,7.00,5020.00,1726.00,1074.00,561.00,223.00,1152.00
344.00,330.00,7.00,5449.00,1733.00,937.00,581.00,262.00,1054.00
348.00,330.00,7.00,5246.00,1375.00,1085.00,548.00,179.00,913.00
350.00,332.00,7.00,5433.00,1323.00,1087.00,578.00,108.00,956.00
350.00,330.00,8.00,5520.00,1267.00,1195.00,500.00,98.00,713.00
352.00,328.00,6.00,5531.00,985.00,1263.00,532.00,-28.00,646.00
356.00,324.00,8.00,5622.00,921.00,1364.00,553.00,-49.00,577.00
354.00,318.00,6.00,5268.00,862.00,1215.00,501.00,-45.00,166.00
356.00,312.00,6.00,4898.00,547.00,1291.00,553.00,-201.00,45.00
356.00,306.00,6.00,4893.00,942.00,1109.00,719.00,-330.00,-501.00
360.00,294.00,10.00,4422.00,923.00,850.00,769.00,-522.00,-1102.00
354.00,268.00,6.00,3407.00,984.00,34.00,831.00,-505.00,-1065.00
354.00,264.00,6.00,2729.00,769.00,-571.00,586.00,-394.00,-1044.00
352.00,262.00,6.00,2339.00,821.00,-957.00,369.00,-355.00,-681.00
352.00,260.00,5.00,2242.00,823.00,-1184.00,49.00,-186.00,-679.00
350.00,260.00,5.00,2242.00,823.00,-1184.00,49.00,-186.00,-679.00
344.00,268.00,9.00,2773.00,735.00,-937.00,-649.00,-151.00,153.00
338.00,286.00,7.00,4049.00,1626.00,-201.00,-853.00,-42.00,477.00
336.00,290.00,6.00,4299.00,1588.00,45.00,-1041.00,-1.00,698.00
326.00,306.00,6.00,4915.00,1960.00,457.00,-956.00,-54.00,863.00
324.00,308.00,7.00,5094.00,2090.00,450.00,-878.00,-7.00,609.00
316.00,320.00,7.00,5000.00,1749.00,212.00,-1033.00,-23.00,663.00
310.00,324.00,7.00,5265.00,1875.00,528.00,-925.00,-123.00,784.00
300.00,334.00,11.00,5119.00,1673.00,265.00,-880.00,-142.00,447.00
290.00,338.00,8.00,4959.00,1337.00,264.00,-933.00,-199.00,504.00
278.00,346.00,6.00,5162.00,1356.00,525.00,-984.00,-5.00,316.00
264.00,352.00,9.00,5401.00,1258.00,603.00,-711.00,-119.00,599.00
256.00,356.00,10.00,5336.00,1015.00,217.00,-836.00,-112.00,526.00
246.00,358.00,10.00,5451.00,934.00,114.00,-866.00,-283.00,664.00
234.00,356.00,9.00,5618.00,994.00,216.00,-785.00,-210.00,374.00
224.00,360.00,10.00,5291.00,696.00,37.00,-998.00,-262.00,449.00
214.00,358.00,10.00,5312.00,733.00,186.00,-886.00,-480.00,574.00
202.00,354.00,8.00,5298.00,627.00,111.00,-1000.00,-531.00,386.00
194.00,350.00,10.00,5264.00,505.00,-12.00,-1131.00,-416.00,401.00
186.00,346.00,9.00,5389.00,547.00,-175.00,-1038.00,-456.00,298.00
176.00,340.00,10.00,5232.00,448.00,-159.00,-990.00,-293.00,89.00
168.00,334.00,10.00,5010.00,373.00,-289.00,-985.00,-248.00,117.00
160.00,326.00,10.00,5151.00,453.00,-345.00,-893.00,-301.00,64.00
152.00,318.00,8.00,4937.00,465.00,-118.00,-829.00,-171.00,-279.00
148.00,310.00,10.00,4745.00,549.00,-266.00,-746.00,-181.00,-314.00
142.00,302.00,8.00,4570.00,594.00,-232.00,-576.00,-214.00,-508.00
140.00,294.00,9.00,4395.00,634.00,-157.00,-544.00,-191.00,-518.00
136.00,288.00,9.00,4271.00,767.00,-306.00,-446.00,-152.00,-610.00
134.00,280.00,8.00,3902.00,736.00,-280.00,-324.00,-231.00,-591.00
134.00,274.00,8.00,3639.00,853.00,-275.00,-307.00,-101.00,-562.00
134.00,270.00,7.00,3079.00,781.00,-186.00,-143.00,-51.00,-475.00
134.00,268.00,8.00,2760.00,784.00,-113.00,-208.00,88.00,-348.00
132.00,270.00,7.00,2527.00,691.00,7.00,-182.00,170.00,-131.00
134.00,274.00,8.00,2566.00,718.00,68.00,-16.00,261.00,140.00
134.00,278.00,9.00,2772.00,696.00,-68.00,-42.00,319.00,269.00
136.00,286.00,10.00,3183.00,754.00,22.00,-120.00,382.00,458.00
138.00,294.00,10.00,3651.00,876.00,341.00,-160.00,535.00,491.00
140.00,308.00,10.00,3855.00,773.00,453.00,-166.00,598.00,555.00
144.00,324.00,7.00,4313.00,863.00,774.00,-153.00,567.00,708.00
148.00,334.00,10.00,4667.00,1028.00,1172.00,-211.00,744.00,511.00
154.00,346.00,9.00,4914.00,1104.00,898.00,-112.00,701.00,587.00
162.00,354.00,8.00,5318.00,1129.00,1063.00,-11.00,639.00,624.00
172.00,364.00,10.00,5624.00,1007.00,866.00,116.00,610.00,621.00
180.00,372.00,9.00,5759.00,893.00,835.00,167.00,558.00,658.00
188.00,378.00,10.00,5936.00,938.00,771.00,258.00,497.00,574.00
196.00,384.00,8.00,5745.00,688.00,801.00,344.00,371.00,528.00
204.00,386.00,9.00,5895.00,522.00,590.00,437.00,291.00,767.00
208.00,388.00,8.00,6614.00,509.00,717.00,397.00,242.00,692.00
214.00,386.00,9.00,6934.00,320.00,1045.00,445.00,-4.00,516.00
220.00,382.00,10.00,7053.00,321.00,1094.00,526.00,-111.00,293.00
220.00,370.00,10.00,6901.00,14.00,1573.00,653.00,-217.00,57.00
228.00,340.00,9.00,6709.00,-220.00,1553.00,836.00,-436.00,-362.00
#0.00,0.00,0.00,6487.00,-252.00,1896.00,886.00,-567.00,-969.00
#0.00,0.00,0.00,6063.00,-396.00,1854.00,901.00,-521.00,-1188.00
246.00,250.00,7.00,5146.00,-79.00,1251.00,939.00,-838.00,-1704.00
250.00,242.00,10.00,4476.00,222.00,1040.00,955.00,-887.00,-1720.00
254.00,210.00,6.00,4155.00,607.00,602.00,913.00,-897.00,-1953.00
268.00,170.00,7.00,1655.00,1202.00,-841.00,717.00,-667.00,-1772.00
270.00,166.00,7.00,1189.00,1315.00,-1222.00,682.00,-633.00,-1622.00
272.00,162.00,5.00,1067.00,1331.00,-1328.00,656.00,-619.00,-1567.00
274.00,156.00,6.00,674.00,1449.00,-1562.00,512.00,-478.00,-1358.00
276.00,154.00,5.00,506.00,1587.00,-1771.00,470.00,-420.00,-1322.00
278.00,156.00,6.00,-110.00,1245.00,-2180.00,143.00,-218.00,-996.00
278.00,156.00,5.00,-368.00,1536.00,-2126.00,-53.00,-66.00,-622.00
#0.00,0.00,0.00,-433.00,1610.00,-2290.00,-201.00,96.00,-209.00
274.00,164.00,6.00,16.00,1888.00,-2083.00,-497.00,208.00,329.00
#0.00,0.00,0.00,657.00,2069.00,-1848.00,-660.00,336.00,733.00
266.00,174.00,5.00,1181.00,2494.00,-1474.00,-793.00,414.00,851.00
256.00,204.00,6.00,2543.00,3051.00,-712.00,-961.00,508.00,1019.00
#0.00,0.00,0.00,2831.00,2790.00,-676.00,-915.00,453.00,1141.00
246.00,232.00,7.00,3956.00,2852.00,-39.00,-806.00,341.00,1321.00
236.00,266.00,10.00,4976.00,3123.00,639.00,-753.00,419.00,1230.00
#0.00,0.00,0.00,4830.00,2726.00,417.00,-538.00,218.00,1261.00
228.00,310.00,9.00,4974.00,2501.00,384.00,-410.00,137.00,1440.00
226.00,338.00,9.00,5894.00,2131.00,338.00,-163.00,-93.00,1132.00
224.00,342.00,9.00,5791.00,1627.00,170.00,-295.00,-78.00,1107.00
218.00,350.00,10.00,5826.00,1587.00,217.00,-286.00,-104.00,1183.00
216.00,352.00,8.00,5826.00,1587.00,217.00,-286.00,-104.00,1183.00
210.00,356.00,10.00,6111.00,1006.00,38.00,-527.00,56.00,807.00
206.00,352.00,10.00,6188.00,1049.00,708.00,-452.00,-44.00,937.00
204.00,350.00,7.00,6256.00,996.00,689.00,-491.00,41.00,460.00
198.00,342.00,8.00,6022.00,540.00,719.00,-563.00,68.00,8.00
196.00,336.00,8.00,5815.00,682.00,1132.00,-441.00,-56.00,-255.00
194.00,306.00,10.00,5046.00,396.00,1345.00,-17.00,128.00,-1064.00
198.00,300.00,10.00,4536.00,554.00,1218.00,141.00,-57.00,-1003.00
202.00,286.00,10.00,4273.00,739.00,1202.00,186.00,100.00,-1258.00
204.00,272.00,8.00,3799.00,622.00,1184.00,295.00,62.00,-1315.00
208.00,260.00,10.00,3109.00,1059.00,1133.00,521.00,143.00,-1163.00
216.00,252.00,10.00,2762.00,1130.00,801.00,592.00,119.00,-1003.00
224.00,246.00,10.00,2635.00,1265.00,422.00,553.00,176.00,-825.00
230.00,238.00,8.00,2620.00,1449.00,427.00,523.00,227.00,-695.00
236.00,238.00,10.00,2519.00,1559.00,277.00,531.00,314.00,-544.00
244.00,236.00,7.00,2519.00,1559.00,277.00,531.00,314.00,-544.00
248.00,236.00,8.00,2522.00,1661.00,94.00,478.00,266.00,-301.00
258.00,240.00,7.00,2745.00,1862.00,268.00,361.00,307.00,-85.00
260.00,242.00,8.00,3057.00,1973.00,201.00,327.00,345.00,154.00
268.00,248.00,10.00,3233.00,1976.00,253.00,244.00,326.00,239.00
274.00,256.00,10.00,3541.00,2057.00,617.00,287.00,293.00,577.00
282.00,262.00,11.00,3892.00,2057.00,567.00,280.00,282.00,719.00
286.00,270.00,8.00,4081.00,1928.00,795.00,293.00,314.00,677.00
292.00,280.00,8.00,4186.00,1795.00,920.00,274.00,347.00,836.00
300.00,288.00,9.00,4472.00,1684.00,1100.00,330.00,336.00,917.00
304.00,296.00,8.00,4860.00,1740.00,1223.00,384.00,382.00,942.00
316.00,310.00,6.00,4895.00,1658.00,1054.00,416.00,367.00,966.00
316.00,312.00,7.00,4895.00,1658.00,1054.00,416.00,367.00,966.00
322.00,322.00,10.00,5112.00,1566.00,961.00,610.00,308.00,906.00
328.00,326.00,8.00,5113.00,1299.00,895.00,693.00,230.00,953.00
336.00,332.00,7.00,5322.00,1392.00,890.00,702.00,183.00,978.00
340.00,334.00,8.00,5605.00,1317.00,980.00,713.00,218.00,685.00
344.00,336.00,8.00,5730.00,1137.00,995.00,765.00,168.00,650.00
348.00,336.00,7.00,5787.00,1073.00,886.00,822.00,100.00,608.00
352.00,332.00,7.00,5990.00,1087.00,808.00,739.00,25.00,310.00
354.00,328.00,7.00,5680.00,810.00,907.00,759.00,-24.00,175.00
358.00,320.00,6.00,5585.00,710.00,964.00,801.00,-108.00,140.00
362.00,316.00,8.00,5319.00,764.00,754.00,795.00,-162.00,-157.00
362.00,306.00,6.00,4846.00,664.00,952.00,717.00,-285.00,-383.00
360.00,300.00,10.00,4739.00,730.00,1221.00,732.00,-259.00,-468.00
362.00,294.00,6.00,4559.00,1042.00,880.00,767.00,-227.00,-834.00
#0.00,0.00,0.00,4067.00,738.00,185.00,799.00,-379.00,-1130.00
364.00,276.00,6.00,3625.00,645.00,-81.00,718.00,-456.00,-936.00
360.00,262.00,6.00,2966.00,824.00,-1014.00,498.00,-370.00,-1098.00
358.00,258.00,5.00,2537.00,942.00,-1631.00,257.00,-470.00,-896.00
356.00,256.00,6.00,2316.00,1075.00,-1913.00,-31.00,-550.00,-667.00
352.00,256.00,5.00,2228.00,1087.00,-1747.00,-109.00,-531.00,-616.00
352.00,256.00,7.00,2219.00,1092.00,-1692.00,-438.00,-412.00,-108.00
348.00,258.00,6.00,2672.00,1573.00,-1242.00,-626.00,-413.00,108.00
344.00,264.00,6.00,3221.00,1608.00,-375.00,-901.00,-163.00,467.00
342.00,266.00,6.00,3312.00,1708.00,-212.00,-946.00,-89.00,659.00
336.00,276.00,6.00,4043.00,1906.00,51.00,-1153.00,258.00,532.00
334.00,280.00,7.00,4134.00,1996.00,189.00,-1048.00,160.00,704.00
328.00,290.00,7.00,4309.00,2007.00,217.00,-940.00,84.00,695.00
320.00,298.00,7.00,4590.00,1880.00,424.00,-870.00,25.00,606.00
314.00,306.00,5.00,4446.00,1768.00,301.00,-987.00,157.00,591.00
308.00,312.00,7.00,4728.00,1661.00,400.00,-895.00,37.00,508.00
304.00,316.00,10.00,4704.00,1582.00,423.00,-843.00,-32.00,535.00
300.00,320.00,7.00,4720.00,1344.00,437.00,-840.00,-47.00,623.00
286.00,332.00,7.00,4897.00,1333.00,606.00,-755.00,-97.00,580.00
278.00,338.00,7.00,4839.00,1151.00,520.00,-773.00,-77.00,550.00
274.00,342.00,8.00,4914.00,906.00,412.00,-835.00,-44.00,610.00
256.00,352.00,10.00,5220.00,577.00,305.00,-869.00,-60.00,566.00
238.00,358.00,9.00,5462.00,657.00,455.00,-732.00,-243.00,475.00
224.00,358.00,10.00,5302.00,499.00,297.00,-902.00,-80.00,363.00
212.00,358.00,9.00,5482.00,461.00,134.00,-931.00,-227.00,270.00
206.00,356.00,10.00,5503.00,472.00,474.00,-822.00,-415.00,289.00
194.00,356.00,10.00,5356.00,523.00,671.00,-968.00,-177.00,106.00
186.00,352.00,9.00,5531.00,621.00,684.00,-799.00,-282.00,-17.00
176.00,348.00,10.00,5326.00,644.00,512.00,-722.00,-194.00,-293.00
170.00,340.00,8.00,5153.00,577.00,374.00,-737.00,-167.00,-323.00
162.00,334.00,10.00,5031.00,639.00,493.00,-526.00,-307.00,-310.00
158.00,328.00,8.00,4871.00,642.00,461.00,-528.00,-184.00,-417.00
152.00,318.00,8.00,4742.00,672.00,116.00,-483.00,-189.00,-437.00
150.00,312.00,9.00,4637.00,768.00,224.00,-358.00,-239.00,-519.00
146.00,304.00,10.00,4451.00,773.00,180.00,-384.00,-147.00,-579.00
142.00,298.00,9.00,4391.00,875.00,38.00,-321.00,-157.00,-600.00
140.00,290.00,10.00,3995.00,1008.00,90.00,-265.00,-118.00,-654.00
140.00,284.00,8.00,3684.00,1052.00,-12.00,-166.00,-107.00,-599.00
140.00,280.00,8.00,3291.00,965.00,35.00,-140.00,-88.00,-568.00
138.00,276.00,7.00,2937.00,921.00,136.00,-139.00,8.00,-361.00
140.00,276.00,8.00,2835.00,972.00,70.00,-108.00,37.00,-224.00
140.00,278.00,8.00,2734.00,918.00,86.00,-74.00,33.00,-42.00
140.00,282.00,9.00,2827.00,928.00,234.00,-81.00,175.00,165.00
142.00,286.00,10.00,3077.00,962.00,187.00,-93.00,263.00,316.00
142.00,294.00,10.00,3510.00,1067.00,38.00,-80.00,255.00,367.00
144.00,300.00,10.00,3788.00,1045.00,403.00,-110.00,378.00,491.00
146.00,310.00,9.00,4060.00,984.00,410.00,-191.00,420.00,520.00
150.00,332.00,9.00,4545.00,963.00,727.00,-10.00,427.00,702.00
156.00,340.00,10.00,4783.00,999.00,867.00,-96.00,486.00,642.00
160.00,352.00,8.00,4812.00,941.00,917.00,-94.00,496.00,627.00
166.00,360.00,11.00,5154.00,931.00,1167.00,115.00,402.00,708.00
170.00,368.00,8.00,5384.00,883.00,1034.00,125.00,381.00,678.00
178.00,378.00,10.00,5353.00,859.00,1242.00,150.00,361.00,617.00
186.00,380.00,10.00,5360.00,743.00,1341.00,322.00,334.00,609.00
194.00,386.00,9.00,5420.00,621.00,1242.00,450.00,318.00,722.00
198.00,390.00,8.00,5728.00,723.00,1024.00,508.00,201.00,628.00
206.00,392.00,8.00,5807.00,500.00,1167.00,553.00,172.00,567.00
212.00,388.00,9.00,6273.00,622.00,1067.00,623.00,103.00,559.00
216.00,386.00,11.00,6409.00,366.00,1165.00,610.00,19.00,357.00
222.00,378.00,9.00,6746.00,421.00,1379.00,702.00,-133.00,346.00
260.00,238.00,9.00,4548.00,208.00,757.00,948.00,-771.00,-1743.00
274.00,180.00,6.00,2107.00,1254.00,-781.00,760.00,-620.00,-1836.00
276.00,172.00,6.00,1547.00,1391.00,-1157.00,651.00,-510.00,-1567.00
280.00,164.00,7.00,1547.00,1391.00,-1157.00,651.00,-510.00,-1567.00
282.00,162.00,6.00,1092.00,1665.00,-1581.00,560.00,-430.00,-1598.00
282.00,160.00,7.00,313.00,1722.00,-1952.00,407.00,-266.00,-1095.00
284.00,160.00,6.00,85.00,1879.00,-2226.00,222.00,-214.00,-1113.00
284.00,160.00,5.00,-503.00,1758.00,-2252.00,58.00,-105.00,-778.00
284.00,164.00,6.00,-374.00,2019.00,-2380.00,-19.00,25.00,-227.00
286.00,166.00,6.00,-120.00,2178.00,-2548.00,-148.00,90.00,-123.00
284.00,168.00,6.00,39.00,2196.00,-2528.00,-364.00,207.00,191.00
286.00,174.00,3.00,551.00,2304.00,-2374.00,-615.00,356.00,687.00
284.00,174.00,6.00,965.00,2584.00,-2198.00,-687.00,373.00,696.00
280.00,178.00,6.00,1194.00,2723.00,-1948.00,-658.00,295.00,950.00
278.00,184.00,6.00,1857.00,3080.00,-1479.00,-639.00,276.00,1175.00
278.00,188.00,6.00,2086.00,3322.00,-1377.00,-766.00,457.00,898.00
276.00,194.00,6.00,2110.00,3124.00,-1164.00,-793.00,499.00,1068.00
270.00,202.00,9.00,2621.00,3304.00,-932.00,-669.00,411.00,1134.00
274.00,212.00,9.00,2823.00,3355.00,-831.00,-694.00,448.00,989.00
272.00,222.00,10.00,3513.00,3115.00,-170.00,-515.00,375.00,1077.00
268.00,236.00,6.00,3647.00,3005.00,-323.00,-474.00,379.00,959.00
#0.00,0.00,0.00,3805.00,2636.00,-266.00,-653.00,395.00,1017.00
266.00,264.00,10.00,4376.00,2737.00,-102.00,-511.00,256.00,934.00
262.00,282.00,10.00,4266.00,2482.00,7.00,-577.00,280.00,883.00
#0.00,0.00,0.00,4481.00,2273.00,281.00,-500.00,206.00,813.00
254.00,302.00,9.00,4471.00,2161.00,284.00,-514.00,192.00,792.00
250.00,318.00,8.00,4516.00,1939.00,482.00,-503.00,144.00,887.00
252.00,326.00,9.00,4443.00,1846.00,686.00,-477.00,272.00,819.00
246.00,334.00,10.00,4876.00,1556.00,1132.00,-302.00,127.00,927.00
246.00,342.00,10.00,4903.00,1540.00,1163.00,-304.00,160.00,940.00
246.00,350.00,7.00,5706.00,1687.00,1304.00,-174.00,160.00,446.00
246.00,354.00,8.00,5600.00,1673.00,1300.00,-197.00,129.00,268.00
246.00,356.00,8.00,5325.00,1661.00,1220.00,-65.00,76.00,102.00
246.00,356.00,8.00,4864.00,1437.00,984.00,-31.00,65.00,-2.00
246.00,354.00,7.00,4779.00,1341.00,956.00,-20.00,66.00,-16.00
246.00,356.00,7.00,4581.00,1190.00,893.00,24.00,16.00,-21.00
248.00,354.00,8.00,4318.00,1015.00,825.00,0.00,39.00,-74.00
248.00,350.00,7.00,4222.00,913.00,942.00,39.00,10.00,3.00
248.00,352.00,7.00,4233.00,896.00,865.00,14.00,22.00,10.00
248.00,352.00,8.00,4352.00,888.00,891.00,5.00,27.00,34.00
248.00,352.00,8.00,4352.00,888.00,891.00,5.00,27.00,34.00
248.00,350.00,8.00,4368.00,913.00,877.00,-10.00,27.00,11.00
248.00,352.00,7.00,4361.00,941.00,942.00,22.00,-8.00,75.00
248.00,352.00,7.00,4418.00,995.00,927.00,4.00,22.00,86.00
250.00,352.00,7.00,4426.00,1007.00,852.00,15.00,23.00,52.00
250.00,352.00,7.00,4400.00,1003.00,885.00,-11.00,11.00,34.00
250.00,352.00,7.00,4400.00,989.00,913.00,10.00,6.00,65.00
248.00,352.00,7.00,4437.00,1005.00,879.00,-8.00,-14.00,38.00
248.00,350.00,8.00,4441.00,993.00,1060.00,-93.00,44.00,-59.00
248.00,350.00,7.00,4441.00,959.00,1174.00,-281.00,336.00,-288.00
248.00,350.00,7.00,4158.00,1049.00,1138.00,-145.00,-72.00,-35.00
140.00,310.00,6.00,4346.00,776.00,-8.00,63.00,100.00,59.00
142.00,310.00,6.00,4406.00,543.00,85.00,-40.00,91.00,92.00
140.00,310.00,6.00,4437.00,578.00,168.00,-35.00,-1.00,133.00
142.00,312.00,6.00,4540.00,581.00,317.00,12.00,9.00,44.00
142.00,312.00,7.00,4407.00,555.00,228.00,17.00,50.00,47.00
142.00,312.00,6.00,4455.00,571.00,232.00,18.00,52.00,109.00
142.00,314.00,7.00,4498.00,581.00,247.00,31.00,56.00,115.00
144.00,316.00,7.00,4428.00,504.00,298.00,50.00,73.00,158.00
146.00,318.00,7.00,4593.00,553.00,299.00,99.00,71.00,197.00
148.00,318.00,6.00,4634.00,587.00,309.00,104.00,86.00,157.00
148.00,320.00,7.00,4594.00,574.00,311.00,106.00,103.00,126.00
150.00,320.00,7.00,4676.00,485.00,523.00,128.00,100.00,158.00
152.00,320.00,7.00,4691.00,519.00,500.00,178.00,140.00,93.00
154.00,322.00,7.00,4611.00,507.00,388.00,196.00,116.00,43.00
160.00,320.00,8.00,4568.00,381.00,434.00,204.00,119.00,108.00
162.00,322.00,7.00,4648.00,363.00,542.00,214.00,130.00,126.00
166.00,324.00,7.00,4703.00,391.00,539.00,245.00,154.00,67.00
170.00,324.00,7.00,4604.00,320.00,536.00,245.00,159.00,62.00
172.00,326.00,7.00,4602.00,275.00,644.00,277.00,152.00,167.00
178.00,322.00,10.00,4637.00,355.00,671.00,306.00,153.00,159.00
182.00,326.00,7.00,4683.00,235.00,474.00,337.00,174.00,114.00
188.00,328.00,10.00,4849.00,250.00,484.00,300.00,172.00,107.00
196.00,324.00,6.00,5054.00,269.00,574.00,332.00,158.00,0.00
200.00,322.00,7.00,5054.00,184.00,503.00,313.00,150.00,-43.00
202.00,322.00,7.00,5157.00,207.00,504.00,303.00,125.00,-57.00
206.00,320.00,7.00,5264.00,256.00,671.00,297.00,122.00,-124.00
210.00,316.00,7.00,5349.00,333.00,667.00,350.00,91.00,-217.00
216.00,312.00,7.00,5421.00,346.00,423.00,341.00,45.00,-258.00
220.00,308.00,8.00,5498.00,419.00,559.00,317.00,31.00,-330.00
224.00,298.00,8.00,5211.00,488.00,480.00,326.00,-38.00,-499.00
226.00,292.00,8.00,5201.00,660.00,431.00,317.00,-66.00,-534.00
230.00,276.00,9.00,5130.00,716.00,431.00,294.00,-77.00,-603.00
232.00,264.00,10.00,4960.00,806.00,487.00,314.00,-154.00,-587.00
238.00,256.00,10.00,5022.00,875.00,401.00,291.00,-162.00,-563.00
240.00,246.00,9.00,5019.00,1022.00,304.00,265.00,-191.00,-647.00
238.00,224.00,9.00,4299.00,1314.00,172.00,228.00,-226.00,-784.00
244.00,216.00,9.00,4076.00,1550.00,145.00,238.00,-240.00,-814.00
244.00,204.00,7.00,3849.00,1681.00,47.00,232.00,-253.00,-784.00
246.00,198.00,10.00,3742.00,1797.00,7.00,221.00,-234.00,-727.00
242.00,190.00,10.00,3557.00,2114.00,-202.00,192.00,-202.00,-720.00
244.00,184.00,8.00,3557.00,2114.00,-202.00,192.00,-202.00,-720.00
#0.00,0.00,0.00,3389.00,2374.00,-266.00,205.00,-221.00,-749.00
248.00,170.00,6.00,3130.00,2528.00,-407.00,151.00,-172.00,-702.00
248.00,168.00,7.00,3044.00,2553.00,-447.00,133.00,-144.00,-695.00
250.00,162.00,8.00,2650.00,2643.00,-498.00,100.00,-98.00,-608.00
250.00,158.00,7.00,1937.00,2555.00,-746.00,35.00,-24.00,-371.00
250.00,154.00,6.00,1861.00,2506.00,-736.00,-52.00,19.00,-161.00
250.00,154.00,6.00,1753.00,2400.00,-538.00,-120.00,48.00,-43.00
248.00,152.00,7.00,1685.00,2379.00,-348.00,-113.00,92.00,51.00
248.00,152.00,6.00,1632.00,2121.00,-330.00,-130.00,135.00,205.00
248.00,156.00,7.00,1767.00,1946.00,-245.00,-147.00,176.00,428.00
248.00,162.00,6.00,2140.00,1768.00,0.00,-192.00,280.00,635.00
248.00,176.00,6.00,2521.00,1695.00,-122.00,-220.00,310.00,795.00
248.00,188.00,6.00,2850.00,1819.00,124.00,-279.00,339.00,887.00
#0.00,0.00,0.00,3365.00,1535.00,215.00,-283.00,352.00,955.00
250.00,220.00,10.00,4285.00,1694.00,553.00,-314.00,378.00,1056.00
250.00,258.00,6.00,4846.00,1497.00,1019.00,-342.00,334.00,926.00
250.00,284.00,6.00,5476.00,1330.00,832.00,-294.00,287.00,772.00
252.00,306.00,6.00,5432.00,1177.00,1099.00,-209.00,180.00,734.00
254.00,312.00,9.00,5607.00,1020.00,975.00,-202.00,177.00,637.00
254.00,320.00,10.00,5377.00,981.00,937.00,-274.00,176.00,523.00
248.00,326.00,9.00,5255.00,842.00,1057.00,-198.00,110.00,528.00
250.00,332.00,8.00,5199.00,590.00,705.00,-232.00,93.00,520.00
246.00,340.00,7.00,5037.00,682.00,693.00,-295.00,32.00,453.00
242.00,344.00,10.00,5049.00,619.00,715.00,-288.00,2.00,475.00
240.00,348.00,8.00,5567.00,433.00,805.00,-361.00,-62.00,447.00
236.00,352.00,7.00,5658.00,366.00,941.00,-325.00,-133.00,227.00
230.00,352.00,8.00,5721.00,304.00,1064.00,-296.00,-157.00,188.00
226.00,352.00,8.00,5842.00,324.00,983.00,-330.00,-142.00,40.00
220.00,348.00,8.00,5764.00,407.00,920.00,-320.00,-205.00,-119.00
216.00,342.00,9.00,5907.00,359.00,1156.00,-311.00,-259.00,-200.00
210.00,336.00,8.00,6018.00,483.00,1256.00,-320.00,-244.00,-311.00
204.00,328.00,10.00,5791.00,526.00,1511.00,-265.00,-253.00,-573.00
200.00,304.00,10.00,5240.00,634.00,1882.00,-23.00,-234.00,-799.00
198.00,282.00,9.00,4246.00,570.00,1818.00,164.00,-170.00,-910.00
204.00,270.00,10.00,3740.00,589.00,1695.00,275.00,-88.00,-851.00
208.00,256.00,8.00,3251.00,615.00,1363.00,426.00,-114.00,-718.00
216.00,248.00,8.00,2921.00,669.00,1254.00,485.00,-109.00,-609.00
220.00,246.00,8.00,2722.00,778.00,1040.00,602.00,-39.00,-434.00
230.00,240.00,10.00,2866.00,889.00,614.00,606.00,35.00,-307.00
240.00,238.00,10.00,2912.00,1054.00,437.00,591.00,65.00,-182.00
244.00,236.00,7.00,3117.00,939.00,504.00,574.00,149.00,-29.00
258.00,240.00,10.00,3456.00,897.00,194.00,586.00,171.00,171.00
276.00,244.00,7.00,3550.00,770.00,287.00,606.00,187.00,288.00
284.00,250.00,9.00,3837.00,785.00,-28.00,604.00,206.00,409.00
294.00,254.00,8.00,3837.00,785.00,-28.00,604.00,206.00,409.00
308.00,270.00,6.00,4036.00,640.00,-490.00,571.00,155.00,685.00
314.00,274.00,8.00,4032.00,470.00,-43.00,517.00,106.00,714.00
330.00,300.00,6.00,4473.00,308.00,-329.00,476.00,152.00,836.00
334.00,304.00,8.00,4523.00,41.00,448.00,436.00,104.00,791.00
340.00,312.00,7.00,4750.00,162.00,76.00,561.00,115.00,897.00
352.00,334.00,9.00,5437.00,-140.00,340.00,620.00,50.00,846.00
356.00,342.00,7.00,5614.00,-141.00,-10.00,741.00,-25.00,828.00
362.00,350.00,7.00,5933.00,-377.00,78.00,674.00,111.00,640.00
368.00,354.00,7.00,5862.00,-403.00,-165.00,787.00,-80.00,582.00
372.00,358.00,7.00,6056.00,-408.00,-250.00,779.00,-108.00,449.00
376.00,358.00,7.00,6096.00,-606.00,-339.00,681.00,85.00,286.00
380.00,358.00,7.00,6219.00,-541.00,-460.00,713.00,-197.00,150.00
384.00,352.00,7.00,5896.00,-791.00,-318.00,533.00,30.00,-124.00
386.00,348.00,7.00,5927.00,-616.00,-826.00,510.00,-87.00,-312.00
386.00,340.00,9.00,5725.00,-526.00,-590.00,358.00,-182.00,-428.00
392.00,334.00,7.00,5608.00,-342.00,-564.00,282.00,-209.00,-559.00
394.00,324.00,8.00,5448.00,-467.00,-271.00,213.00,-289.00,-670.00
390.00,314.00,10.00,5221.00,-338.00,-118.00,186.00,-202.00,-737.00
394.00,300.00,6.00,5059.00,-270.00,-199.00,179.00,-167.00,-767.00
394.00,296.00,6.00,4779.00,-161.00,-469.00,182.00,-255.00,-812.00
394.00,284.00,6.00,4779.00,-161.00,-469.00,182.00,-255.00,-812.00
392.00,266.00,6.00,4380.00,34.00,-613.00,108.00,-319.00,-931.00
390.00,256.00,6.00,3727.00,82.00,-910.00,19.00,-288.00,-966.00
382.00,236.00,6.00,2662.00,196.00,-1559.00,-397.00,-269.00,-737.00
378.00,230.00,6.00,2304.00,243.00,-1558.00,-594.00,-124.00,-588.00
362.00,228.00,10.00,2211.00,422.00,-728.00,-1026.00,86.00,20.00
334.00,236.00,6.00,2698.00,557.00,-146.00,-1003.00,-24.00,272.00
330.00,240.00,7.00,3103.00,717.00,241.00,-1105.00,226.00,572.00
314.00,256.00,6.00,3608.00,948.00,430.00,-1084.00,174.00,718.00
310.00,260.00,6.00,4315.00,644.00,873.00,-999.00,125.00,681.00
300.00,272.00,6.00,4745.00,1009.00,1098.00,-989.00,204.00,799.00
284.00,292.00,6.00,5332.00,910.00,1038.00,-865.00,133.00,776.00
280.00,294.00,6.00,5520.00,447.00,890.00,-911.00,238.00,654.00
266.00,312.00,8.00,5447.00,602.00,842.00,-874.00,138.00,641.00
260.00,318.00,7.00,5495.00,538.00,587.00,-852.00,91.00,616.00
234.00,336.00,7.00,5603.00,182.00,505.00,-836.00,-34.00,422.00
198.00,348.00,7.00,5445.00,-214.00,413.00,-948.00,-107.00,319.00
188.00,348.00,10.00,5423.00,-206.00,399.00,-935.00,-209.00,320.00
174.00,352.00,6.00,5497.00,-300.00,381.00,-987.00,-93.00,180.00
162.00,352.00,6.00,5537.00,-395.00,287.00,-991.00,-155.00,115.00
#0.00,0.00,0.00,5604.00,-572.00,182.00,-997.00,-269.00,-34.00
132.00,342.00,10.00,5641.00,-581.00,-23.00,-1016.00,-251.00,-164.00
120.00,340.00,7.00,5449.00,-397.00,110.00,-1004.00,-335.00,-239.00
114.00,334.00,8.00,5341.00,-247.00,298.00,-951.00,-302.00,-323.00
106.00,330.00,7.00,5327.00,-58.00,-60.00,-849.00,-419.00,-369.00
100.00,324.00,7.00,5327.00,-58.00,-60.00,-849.00,-419.00,-369.00
92.00,314.00,7.00,5382.00,160.00,289.00,-828.00,-334.00,-479.00
86.00,306.00,7.00,5195.00,318.00,120.00,-760.00,-321.00,-563.00
84.00,298.00,7.00,5035.00,439.00,80.00,-718.00,-340.00,-566.00
80.00,290.00,7.00,4805.00,613.00,185.00,-643.00,-350.00,-662.00
80.00,286.00,6.00,4429.00,740.00,331.00,-520.00,-362.00,-657.00
78.00,278.00,6.00,4076.00,898.00,391.00,-438.00,-313.00,-640.00
78.00,268.00,7.00,3675.00,1078.00,332.00,-307.00,-271.00,-535.00
78.00,264.00,6.00,3446.00,1177.00,281.00,-195.00,-189.00,-483.00
78.00,260.00,6.00,3069.00,1123.00,444.00,-54.00,-107.00,-396.00
78.00,256.00,6.00,2931.00,1114.00,403.00,15.00,-21.00,-329.00
80.00,256.00,6.00,2801.00,1104.00,257.00,107.00,94.00,-251.00
80.00,256.00,6.00,2724.00,1037.00,274.00,230.00,124.00,-130.00
82.00,258.00,7.00,3113.00,992.00,13.00,397.00,277.00,107.00
84.00,260.00,6.00,3574.00,1078.00,-268.00,498.00,300.00,247.00
88.00,266.00,6.00,3947.00,1067.00,-440.00,540.00,337.00,317.00
88.00,268.00,6.00,4570.00,955.00,-680.00,576.00,317.00,348.00
94.00,276.00,7.00,4777.00,936.00,-743.00,546.00,345.00,280.00
98.00,278.00,7.00,4751.00,914.00,-727.00,559.00,309.00,274.00
102.00,284.00,7.00,4824.00,792.00,-672.00,516.00,418.00,211.00
106.00,288.00,6.00,4887.00,792.00,-597.00,534.00,341.00,231.00
114.00,292.00,8.00,4838.00,719.00,-526.00,570.00,312.00,226.00
118.00,298.00,9.00,4826.00,679.00,-700.00,504.00,406.00,198.00
122.00,300.00,6.00,4971.00,658.00,-659.00,521.00,275.00,230.00
132.00,302.00,9.00,4729.00,589.00,-584.00,483.00,299.00,172.00
136.00,306.00,6.00,4789.00,494.00,-307.00,451.00,310.00,245.00
142.00,312.00,7.00,4903.00,616.00,-400.00,350.00,390.00,185.00
152.00,316.00,6.00,4746.00,488.00,65.00,300.00,338.00,123.00
158.00,316.00,9.00,4746.00,488.00,65.00,300.00,338.00,123.00
164.00,320.00,9.00,4423.00,445.00,436.00,333.00,364.00,192.00
170.00,326.00,10.00,4601.00,444.00,447.00,330.00,437.00,252.00
178.00,328.00,10.00,4786.00,489.00,446.00,352.00,394.00,243.00
186.00,332.00,9.00,5041.00,414.00,854.00,425.00,419.00,347.00
196.00,336.00,9.00,5563.00,482.00,601.00,522.00,282.00,275.00
204.00,336.00,10.00,5784.00,448.00,390.00,518.00,249.00,213.00
212.00,334.00,9.00,6274.00,361.00,250.00,472.00,300.00,82.00
220.00,330.00,9.00,6637.00,431.00,124.00,461.00,96.00,-125.00
228.00,322.00,7.00,6697.00,452.00,192.00,452.00,88.00,-202.00
230.00,320.00,7.00,6660.00,451.00,215.00,443.00,87.00,-347.00
236.00,304.00,8.00,6640.00,395.00,228.00,437.00,-11.00,-556.00
240.00,290.00,10.00,6175.00,443.00,343.00,404.00,-52.00,-756.00
250.00,252.00,10.00,4924.00,859.00,510.00,388.00,-243.00,-1057.00
252.00,226.00,6.00,4648.00,1051.00,506.00,410.00,-274.00,-1052.00
254.00,212.00,6.00,4261.00,1503.00,253.00,401.00,-273.00,-1126.00
#0.00,0.00,0.00,3681.00,1803.00,129.00,339.00,-299.00,-1102.00
260.00,158.00,7.00,2937.00,2114.00,-223.00,326.00,-228.00,-1055.00
258.00,154.00,9.00,2532.00,2184.00,-378.00,284.00,-263.00,-958.00
262.00,148.00,7.00,2177.00,2314.00,-478.00,237.00,-157.00,-802.00
264.00,142.00,7.00,1996.00,2345.00,-640.00,216.00,-121.00,-703.00
264.00,138.00,7.00,1659.00,2420.00,-969.00,140.00,-148.00,-598.00
266.00,134.00,6.00,1168.00,2469.00,-877.00,51.00,-56.00,-453.00
266.00,134.00,6.00,912.00,2367.00,-875.00,19.00,-5.00,-248.00
264.00,134.00,6.00,969.00,2362.00,-1034.00,-33.00,4.00,-29.00
264.00,134.00,7.00,847.00,2002.00,-690.00,-171.00,129.00,267.00
264.00,136.00,6.00,1045.00,1981.00,-605.00,-237.00,162.00,555.00
262.00,142.00,7.00,1339.00,2083.00,-469.00,-237.00,209.00,707.00
262.00,148.00,6.00,1575.00,2033.00,-457.00,-296.00,288.00,790.00
260.00,158.00,7.00,1837.00,1933.00,-342.00,-364.00,308.00,912.00
258.00,168.00,6.00,2559.00,2091.00,-182.00,-384.00,367.00,1075.00
256.00,254.00,7.00,5053.00,1689.00,985.00,-337.00,331.00,936.00
254.00,306.00,6.00,5033.00,1156.00,945.00,-408.00,201.00,681.00
252.00,310.00,9.00,5124.00,1072.00,1152.00,-374.00,188.00,736.00
#0.00,0.00,0.00,5558.00,951.00,762.00,-335.00,48.00,747.00
250.00,330.00,9.00,5738.00,1027.00,870.00,-453.00,102.00,547.00
244.00,338.00,8.00,5933.00,868.00,1231.00,-415.00,-25.00,356.00
242.00,342.00,7.00,5933.00,868.00,1231.00,-415.00,-25.00,356.00
236.00,344.00,8.00,5761.00,640.00,1344.00,-338.00,-110.00,50.00
232.00,344.00,7.00,5761.00,640.00,1344.00,-338.00,-110.00,50.00
226.00,342.00,9.00,5482.00,574.00,1373.00,-306.00,-150.00,-81.00
220.00,340.00,8.00,5519.00,655.00,1461.00,-268.00,-156.00,-109.00
214.00,334.00,8.00,5710.00,751.00,1358.00,-190.00,-216.00,-252.00
210.00,328.00,10.00,5710.00,751.00,1358.00,-190.00,-216.00,-252.00
204.00,322.00,10.00,5223.00,651.00,1487.00,-210.00,-234.00,-503.00
200.00,314.00,7.00,5108.00,701.00,1553.00,-135.00,-278.00,-555.00
198.00,302.00,11.00,4743.00,729.00,1615.00,-87.00,-267.00,-624.00
196.00,292.00,10.00,4473.00,723.00,1699.00,-12.00,-236.00,-613.00
194.00,284.00,10.00,4243.00,782.00,1707.00,109.00,-194.00,-632.00
196.00,274.00,11.00,3675.00,795.00,1460.00,245.00,-119.00,-567.00
194.00,264.00,10.00,3675.00,795.00,1460.00,245.00,-119.00,-567.00
198.00,258.00,8.00,3395.00,814.00,1334.00,351.00,-122.00,-452.00
202.00,252.00,8.00,3226.00,906.00,1200.00,409.00,-67.00,-356.00
208.00,246.00,8.00,3168.00,987.00,828.00,447.00,-12.00,-219.00
214.00,242.00,8.00,3163.00,1003.00,722.00,438.00,-5.00,-175.00
220.00,238.00,10.00,3108.00,1027.00,665.00,425.00,78.00,-72.00
228.00,240.00,7.00,3269.00,1035.00,545.00,438.00,133.00,44.00
234.00,240.00,10.00,3290.00,999.00,449.00,421.00,111.00,127.00
240.00,244.00,9.00,3301.00,1021.00,409.00,422.00,129.00,199.00
250.00,250.00,8.00,3601.00,973.00,202.00,409.00,203.00,369.00
256.00,254.00,10.00,3712.00,901.00,315.00,362.00,193.00,420.00
264.00,260.00,10.00,3856.00,853.00,476.00,360.00,258.00,491.00
270.00,266.00,8.00,4219.00,820.00,225.00,372.00,201.00,596.00
276.00,274.00,8.00,4366.00,624.00,466.00,382.00,188.00,575.00
284.00,282.00,7.00,4540.00,552.00,363.00,351.00,229.00,623.00
294.00,292.00,10.00,4485.00,377.00,661.00,360.00,197.00,620.00
300.00,304.00,7.00,4533.00,441.00,641.00,461.00,156.00,710.00
304.00,308.00,7.00,4855.00,336.00,478.00,453.00,118.00,742.00
312.00,316.00,7.00,4928.00,182.00,821.00,488.00,87.00,710.00
318.00,324.00,7.00,5004.00,262.00,571.00,532.00,49.00,705.00
326.00,332.00,7.00,4961.00,20.00,827.00,622.00,-26.00,701.00
332.00,340.00,8.00,5079.00,-99.00,820.00,707.00,-68.00,738.00
340.00,350.00,7.00,5339.00,47.00,307.00,606.00,71.00,671.00
346.00,352.00,8.00,5260.00,-197.00,776.00,715.00,-113.00,610.00
352.00,356.00,7.00,5456.00,-226.00,566.00,878.00,-61.00,648.00
360.00,358.00,10.00,5689.00,-333.00,54.00,821.00,9.00,578.00
364.00,362.00,7.00,5788.00,-453.00,275.00,958.00,-383.00,463.00
370.00,360.00,7.00,5799.00,-671.00,290.00,990.00,-255.00,349.00
374.00,358.00,7.00,6309.00,-534.00,-808.00,799.00,-129.00,184.00
380.00,352.00,6.00,6246.00,-524.00,-436.00,638.00,-239.00,-208.00
384.00,346.00,7.00,5711.00,-777.00,-127.00,585.00,-184.00,-310.00
382.00,340.00,9.00,5842.00,-630.00,-204.00,608.00,-267.00,-297.00
392.00,332.00,10.00,5974.00,-515.00,-485.00,503.00,-234.00,-497.00
390.00,318.00,6.00,5893.00,-479.00,-495.00,448.00,-383.00,-593.00
394.00,310.00,9.00,5463.00,-407.00,-345.00,363.00,-288.00,-766.00
#0.00,0.00,0.00,4939.00,-218.00,-691.00,227.00,-409.00,-827.00
394.00,276.00,9.00,3970.00,11.00,-860.00,48.00,-284.00,-934.00
390.00,262.00,7.00,3632.00,258.00,-828.00,-18.00,-410.00,-915.00
386.00,256.00,9.00,3227.00,310.00,-976.00,-92.00,-283.00,-919.00
386.00,248.00,6.00,3227.00,310.00,-976.00,-92.00,-283.00,-919.00
382.00,240.00,6.00,2799.00,433.00,-1318.00,-204.00,-227.00,-837.00
378.00,234.00,7.00,2222.00,466.00,-1424.00,-494.00,-106.00,-567.00
374.00,230.00,6.00,2116.00,653.00,-1562.00,-717.00,6.00,-307.00
370.00,228.00,7.00,2096.00,690.00,-835.00,-933.00,159.00,-34.00
364.00,226.00,6.00,2391.00,717.00,-526.00,-996.00,145.00,288.00
356.00,232.00,6.00,2959.00,791.00,-321.00,-1033.00,183.00,447.00
352.00,234.00,6.00,2959.00,791.00,-321.00,-1033.00,183.00,447.00
346.00,240.00,6.00,3198.00,811.00,32.00,-1084.00,256.00,477.00
338.00,246.00,6.00,3712.00,668.00,316.00,-1014.00,176.00,650.00
330.00,256.00,6.00,4351.00,822.00,441.00,-983.00,180.00,684.00
#0.00,0.00,0.00,4455.00,895.00,682.00,-1016.00,206.00,657.00
310.00,280.00,7.00,4663.00,684.00,728.00,-928.00,124.00,726.00
294.00,300.00,8.00,5118.00,726.00,1013.00,-919.00,147.00,668.00
280.00,314.00,7.00,5273.00,728.00,1011.00,-838.00,51.00,642.00
270.00,324.00,6.00,5358.00,289.00,1210.00,-790.00,156.00,498.00
268.00,326.00,7.00,4957.00,387.00,701.00,-739.00,127.00,517.00
258.00,334.00,7.00,5214.00,375.00,566.00,-739.00,3.00,515.00
248.00,340.00,7.00,5447.00,-50.00,737.00,-787.00,77.00,347.00
236.00,344.00,10.00,5232.00,-218.00,427.00,-737.00,-40.00,293.00
226.00,348.00,10.00,5277.00,-439.00,284.00,-816.00,26.00,261.00
212.00,356.00,6.00,5357.00,-448.00,177.00,-824.00,-49.00,226.00
198.00,358.00,6.00,5224.00,-550.00,-19.00,-987.00,-107.00,107.00
176.00,360.00,6.00,5215.00,-623.00,2.00,-1003.00,-174.00,127.00
142.00,358.00,10.00,5646.00,-571.00,477.00,-1076.00,-189.00,-162.00
114.00,338.00,8.00,5450.00,-334.00,551.00,-985.00,-262.00,-364.00
106.00,334.00,7.00,5408.00,-224.00,435.00,-928.00,-243.00,-444.00
98.00,326.00,7.00,5450.00,-61.00,293.00,-871.00,-287.00,-502.00
94.00,318.00,7.00,5393.00,149.00,379.00,-851.00,-273.00,-606.00
88.00,310.00,7.00,5278.00,287.00,490.00,-782.00,-242.00,-680.00
82.00,298.00,6.00,5105.00,523.00,613.00,-699.00,-278.00,-688.00
82.00,292.00,6.00,4672.00,762.00,796.00,-495.00,-262.00,-826.00
80.00,284.00,6.00,4162.00,911.00,904.00,-342.00,-257.00,-804.00
78.00,272.00,7.00,3668.00,1081.00,847.00,-203.00,-204.00,-682.00
78.00,264.00,7.00,3381.00,1201.00,847.00,-80.00,-202.00,-669.00
80.00,258.00,7.00,2950.00,1196.00,974.00,74.00,-136.00,-567.00
82.00,254.00,6.00,2698.00,1083.00,843.00,201.00,-49.00,-359.00
84.00,250.00,6.00,2654.00,1147.00,860.00,358.00,81.00,-246.00
86.00,248.00,6.00,2618.00,1042.00,849.00,444.00,193.00,-203.00
88.00,248.00,6.00,3055.00,1059.00,286.00,656.00,242.00,138.00
92.00,250.00,6.00,3545.00,917.00,-233.00,672.00,380.00,202.00
96.00,254.00,6.00,3545.00,917.00,-233.00,672.00,380.00,202.00
102.00,258.00,7.00,3709.00,862.00,-351.00,673.00,321.00,290.00
108.00,264.00,8.00,4050.00,864.00,-396.00,707.00,397.00,345.00
112.00,268.00,7.00,4396.00,716.00,-668.00,670.00,361.00,435.00
120.00,276.00,7.00,4779.00,778.00,-733.00,566.00,476.00,347.00
126.00,282.00,7.00,4807.00,573.00,-390.00,471.00,437.00,333.00
132.00,288.00,8.00,4747.00,583.00,65.00,530.00,455.00,406.00
138.00,296.00,10.00,5010.00,576.00,0.00,569.00,435.00,403.00
148.00,302.00,9.00,5010.00,576.00,0.00,569.00,435.00,403.00
162.00,308.00,6.00,5010.00,434.00,-285.00,557.00,430.00,368.00
178.00,318.00,7.00,4785.00,211.00,519.00,483.00,482.00,375.00
184.00,324.00,10.00,4862.00,246.00,249.00,478.00,470.00,363.00
194.00,330.00,9.00,4970.00,240.00,654.00,415.00,508.00,392.00
210.00,336.00,6.00,5013.00,339.00,759.00,442.00,464.00,404.00
216.00,336.00,10.00,5175.00,405.00,576.00,536.00,431.00,380.00
222.00,340.00,7.00,5544.00,322.00,447.00,525.00,345.00,362.00
234.00,346.00,9.00,6138.00,461.00,374.00,575.00,218.00,335.00
244.00,346.00,10.00,6356.00,446.00,292.00,582.00,125.00,205.00
248.00,342.00,7.00,6714.00,563.00,158.00,461.00,-66.00,-252.00
254.00,336.00,8.00,6588.00,598.00,286.00,453.00,-150.00,-439.00
260.00,328.00,10.00,6588.00,598.00,286.00,453.00,-150.00,-439.00
260.00,320.00,7.00,6566.00,594.00,178.00,376.00,-163.00,-582.00
262.00,252.00,6.00,4374.00,952.00,757.00,276.00,-317.00,-1015.00
262.00,224.00,6.00,3869.00,1359.00,393.00,246.00,-308.00,-939.00
260.00,206.00,10.00,3627.00,1544.00,278.00,266.00,-345.00,-823.00
262.00,200.00,6.00,3528.00,1730.00,172.00,250.00,-288.00,-812.00
266.00,186.00,9.00,3381.00,1881.00,37.00,210.00,-258.00,-754.00
262.00,178.00,9.00,3250.00,2075.00,-88.00,225.00,-291.00,-675.00
262.00,170.00,10.00,3188.00,2251.00,-151.00,208.00,-205.00,-662.00
268.00,164.00,10.00,3017.00,2441.00,-461.00,186.00,-201.00,-659.00
266.00,156.00,6.00,2807.00,2525.00,-532.00,179.00,-200.00,-631.00
266.00,154.00,7.00,2554.00,2629.00,-690.00,110.00,-132.00,-564.00
266.00,148.00,7.00,2273.00,2510.00,-818.00,45.00,-64.00,-476.00
268.00,146.00,7.00,2055.00,2543.00,-860.00,-27.00,-76.00,-367.00
266.00,142.00,7.00,1140.00,2136.00,-639.00,-137.00,87.00,-168.00
266.00,140.00,6.00,791.00,1954.00,-709.00,-152.00,46.00,137.00
266.00,142.00,6.00,783.00,1461.00,-277.00,-246.00,251.00,727.00
266.00,144.00,7.00,1069.00,1463.00,-436.00,-266.00,279.00,916.00
266.00,148.00,6.00,1069.00,1463.00,-436.00,-266.00,279.00,916.00
264.00,154.00,6.00,1844.00,1236.00,-584.00,-369.00,325.00,1089.00
#0.00,0.00,0.00,5255.00,1171.00,837.00,-432.00,479.00,1232.00
#0.00,0.00,0.00,5803.00,1171.00,1244.00,-465.00,391.00,1019.00
254.00,324.00,6.00,5716.00,954.00,1206.00,-320.00,161.00,770.00
250.00,350.00,10.00,5753.00,766.00,798.00,-306.00,44.00,639.00
242.00,362.00,8.00,6316.00,798.00,855.00,-473.00,43.00,377.00
236.00,362.00,8.00,6713.00,764.00,865.00,-488.00,-40.00,229.00
230.00,362.00,8.00,6458.00,543.00,1529.00,-394.00,-193.00,-310.00
224.00,358.00,8.00,6478.00,607.00,1460.00,-417.00,-168.00,-429.00
218.00,352.00,8.00,6411.00,644.00,1447.00,-388.00,-216.00,-532.00
208.00,338.00,8.00,6166.00,619.00,1734.00,-352.00,-241.00,-726.00
204.00,328.00,10.00,5791.00,463.00,2127.00,-248.00,-230.00,-905.00
208.00,250.00,8.00,3104.00,741.00,1741.00,603.00,-94.00,-799.00
216.00,238.00,9.00,2947.00,803.00,1446.00,648.00,-74.00,-695.00
226.00,232.00,10.00,2544.00,958.00,1029.00,757.00,32.00,-420.00
238.00,226.00,6.00,2586.00,1059.00,355.00,721.00,124.00,-259.00
242.00,226.00,10.00,2624.00,1083.00,254.00,609.00,148.00,-98.00
250.00,226.00,9.00,2638.00,1005.00,432.00,600.00,212.00,59.00
262.00,226.00,7.00,2802.00,1108.00,-5.00,578.00,206.00,235.00
268.00,232.00,10.00,2845.00,1015.00,190.00,545.00,228.00,385.00
278.00,234.00,8.00,3150.00,1122.00,-1.00,512.00,281.00,513.00
286.00,242.00,10.00,3655.00,1177.00,-181.00,507.00,205.00,616.00
294.00,250.00,9.00,3755.00,1031.00,108.00,443.00,223.00,619.00
302.00,258.00,7.00,4077.00,989.00,47.00,424.00,272.00,837.00
310.00,270.00,8.00,4373.00,827.00,324.00,409.00,177.00,791.00
336.00,310.00,7.00,5180.00,636.00,83.00,521.00,121.00,926.00
342.00,320.00,7.00,5317.00,444.00,167.00,554.00,2.00,880.00
348.00,332.00,7.00,5274.00,103.00,968.00,652.00,-41.00,851.00
356.00,344.00,6.00,5451.00,65.00,345.00,668.00,161.00,828.00
360.00,348.00,7.00,5242.00,-72.00,306.00,796.00,-173.00,756.00
364.00,352.00,8.00,5473.00,-34.00,448.00,920.00,-232.00,743.00
368.00,356.00,7.00,5704.00,-327.00,187.00,868.00,1.00,674.00
374.00,358.00,8.00,6062.00,-305.00,-615.00,864.00,-80.00,550.00
376.00,360.00,7.00,6401.00,-358.00,-423.00,793.00,-216.00,284.00
380.00,356.00,7.00,6240.00,-470.00,-500.00,622.00,-94.00,-9.00
384.00,350.00,6.00,6391.00,-399.00,-545.00,530.00,-186.00,-297.00
386.00,348.00,8.00,6227.00,-420.00,-483.00,436.00,-130.00,-432.00
386.00,338.00,10.00,6227.00,-420.00,-483.00,436.00,-130.00,-432.00
392.00,330.00,10.00,5955.00,-506.00,-309.00,374.00,-97.00,-584.00
390.00,316.00,6.00,5683.00,-365.00,-436.00,371.00,-336.00,-722.00
388.00,280.00,6.00,4725.00,-9.00,-716.00,108.00,-365.00,-917.00
386.00,264.00,6.00,3741.00,177.00,-1078.00,-183.00,-262.00,-930.00
380.00,250.00,7.00,3362.00,264.00,-1312.00,-330.00,-307.00,-919.00
374.00,242.00,6.00,3136.00,345.00,-1189.00,-445.00,-348.00,-908.00
370.00,236.00,7.00,2732.00,485.00,-922.00,-612.00,-162.00,-537.00
364.00,232.00,7.00,2655.00,696.00,-1046.00,-722.00,-158.00,-415.00
356.00,228.00,6.00,2619.00,741.00,-829.00,-842.00,-64.00,-246.00
352.00,226.00,8.00,2722.00,862.00,-548.00,-921.00,-7.00,31.00
346.00,226.00,6.00,3172.00,923.00,-243.00,-909.00,-12.00,110.00
#0.00,0.00,0.00,2989.00,939.00,-167.00,-945.00,78.00,140.00
324.00,234.00,6.00,3076.00,988.00,272.00,-993.00,135.00,394.00
322.00,236.00,6.00,3696.00,931.00,589.00,-923.00,141.00,482.00
310.00,246.00,6.00,3724.00,1055.00,490.00,-863.00,92.00,469.00
300.00,256.00,7.00,3570.00,1261.00,357.00,-923.00,107.00,570.00
290.00,266.00,7.00,4260.00,1011.00,993.00,-928.00,203.00,655.00
284.00,272.00,7.00,4663.00,831.00,1015.00,-812.00,134.00,553.00
272.00,288.00,6.00,4287.00,973.00,743.00,-856.00,194.00,519.00
266.00,298.00,6.00,4361.00,1044.00,848.00,-871.00,207.00,625.00
256.00,310.00,6.00,5003.00,660.00,1116.00,-787.00,184.00,650.00
252.00,316.00,7.00,5128.00,551.00,961.00,-823.00,239.00,558.00
244.00,326.00,7.00,4733.00,597.00,831.00,-842.00,192.00,494.00
236.00,334.00,7.00,4928.00,453.00,820.00,-816.00,148.00,497.00
228.00,342.00,7.00,5422.00,170.00,960.00,-780.00,99.00,468.00
190.00,358.00,9.00,5911.00,-222.00,39.00,-880.00,-165.00,271.00
160.00,362.00,7.00,6059.00,-357.00,61.00,-999.00,-352.00,62.00
124.00,348.00,6.00,5963.00,-274.00,370.00,-1110.00,-401.00,-376.00
116.00,342.00,7.00,5803.00,-185.00,581.00,-1051.00,-464.00,-444.00
104.00,332.00,7.00,5776.00,-7.00,719.00,-1050.00,-402.00,-528.00
98.00,326.00,6.00,5566.00,71.00,831.00,-978.00,-395.00,-661.00
#0.00,0.00,0.00,5289.00,231.00,805.00,-862.00,-454.00,-709.00
84.00,296.00,7.00,4627.00,619.00,1083.00,-640.00,-366.00,-820.00
80.00,282.00,6.00,3886.00,672.00,1060.00,-375.00,-379.00,-673.00
78.00,276.00,7.00,3691.00,858.00,1036.00,-283.00,-385.00,-594.00
78.00,268.00,7.00,3346.00,1040.00,977.00,-77.00,-376.00,-601.00
80.00,262.00,6.00,2807.00,944.00,1261.00,138.00,-293.00,-437.00
82.00,260.00,6.00,2861.00,931.00,657.00,399.00,-58.00,-186.00
84.00,258.00,6.00,2933.00,925.00,195.00,474.00,102.00,-205.00
88.00,260.00,8.00,3288.00,920.00,77.00,591.00,217.00,23.00
96.00,262.00,7.00,4168.00,1003.00,-553.00,663.00,344.00,121.00
104.00,266.00,8.00,4495.00,987.00,-867.00,665.00,375.00,116.00
110.00,270.00,8.00,4569.00,816.00,-767.00,592.00,405.00,99.00
114.00,272.00,7.00,4569.00,816.00,-767.00,592.00,405.00,99.00
122.00,280.00,9.00,4479.00,650.00,-329.00,618.00,410.00,153.00
126.00,280.00,6.00,4527.00,475.00,-140.00,613.00,502.00,92.00
172.00,302.00,9.00,4690.00,321.00,-184.00,596.00,505.00,198.00
216.00,322.00,9.00,4947.00,636.00,313.00,533.00,588.00,230.00
230.00,326.00,10.00,5263.00,677.00,-17.00,556.00,531.00,206.00
236.00,330.00,6.00,5473.00,757.00,30.00,476.00,574.00,219.00
250.00,330.00,9.00,5925.00,647.00,-48.00,575.00,348.00,184.00
258.00,332.00,8.00,6261.00,529.00,-196.00,418.00,229.00,-84.00
266.00,326.00,8.00,6484.00,515.00,-202.00,342.00,48.00,-246.00
270.00,324.00,7.00,6629.00,652.00,73.00,294.00,22.00,-404.00
276.00,316.00,10.00,6629.00,652.00,73.00,294.00,22.00,-404.00
280.00,306.00,10.00,6319.00,712.00,235.00,248.00,-24.00,-608.00
278.00,292.00,9.00,6298.00,851.00,398.00,256.00,-154.00,-775.00
280.00,284.00,6.00,5934.00,1094.00,574.00,239.00,-183.00,-949.00
280.00,242.00,7.00,5303.00,1334.00,791.00,300.00,-345.00,-1030.00
280.00,204.00,10.00,4367.00,1559.00,779.00,311.00,-427.00,-1112.00
278.00,162.00,6.00,2951.00,1690.00,171.00,247.00,-366.00,-979.00
278.00,160.00,6.00,2252.00,1986.00,-244.00,188.00,-238.00,-795.00
278.00,150.00,8.00,1870.00,2092.00,-411.00,139.00,-219.00,-663.00
278.00,144.00,8.00,1511.00,2156.00,-528.00,74.00,-124.00,-492.00
278.00,140.00,7.00,1218.00,2157.00,-599.00,1.00,-24.00,-355.00
278.00,140.00,7.00,1095.00,2128.00,-678.00,-14.00,-28.00,-174.00
278.00,138.00,6.00,1126.00,2124.00,-605.00,-80.00,33.00,39.00
276.00,138.00,6.00,1107.00,2030.00,-512.00,-137.00,144.00,212.00
276.00,142.00,7.00,1254.00,2107.00,-600.00,-149.00,115.00,451.00
274.00,146.00,7.00,1446.00,2119.00,-570.00,-173.00,137.00,564.00
278.00,152.00,10.00,1789.00,2056.00,-389.00,-301.00,285.00,744.00
272.00,158.00,9.00,2407.00,2011.00,-62.00,-323.00,297.00,802.00
274.00,164.00,7.00,2762.00,1877.00,226.00,-367.00,378.00,907.00
274.00,184.00,6.00,3162.00,1795.00,218.00,-450.00,484.00,960.00
274.00,248.00,6.00,4920.00,1701.00,1210.00,-449.00,399.00,1021.00
#0.00,0.00,0.00,5366.00,1287.00,1348.00,-346.00,247.00,903.00
276.00,320.00,9.00,5667.00,1070.00,935.00,-338.00,154.00,721.00
270.00,330.00,9.00,5817.00,1076.00,785.00,-346.00,142.00,618.00
268.00,338.00,10.00,5856.00,717.00,580.00,-409.00,33.00,488.00
262.00,342.00,10.00,5885.00,588.00,633.00,-489.00,-25.00,336.00
256.00,346.00,8.00,5709.00,458.00,713.00,-530.00,-40.00,229.00
246.00,350.00,10.00,6066.00,587.00,1100.00,-577.00,-154.00,3.00
240.00,350.00,7.00,5985.00,670.00,1293.00,-622.00,-197.00,-165.00
228.00,344.00,9.00,5928.00,743.00,2237.00,-436.00,-295.00,-373.00
220.00,340.00,10.00,5928.00,743.00,2237.00,-436.00,-295.00,-373.00
212.00,334.00,10.00,5703.00,830.00,2147.00,-331.00,-287.00,-534.00
202.00,324.00,8.00,5511.00,817.00,2431.00,-231.00,-293.00,-659.00
200.00,318.00,7.00,5511.00,817.00,2431.00,-231.00,-293.00,-659.00
#0.00,0.00,0.00,5112.00,689.00,2598.00,-25.00,-300.00,-757.00
196.00,280.00,10.00,4241.00,629.00,2100.00,197.00,-262.00,-817.00
#0.00,0.00,0.00,3941.00,690.00,1904.00,314.00,-188.00,-761.00
202.00,256.00,10.00,3615.00,682.00,1757.00,428.00,-191.00,-729.00
206.00,246.00,10.00,3020.00,768.00,1288.00,543.00,-65.00,-542.00
216.00,238.00,6.00,2764.00,782.00,1141.00,638.00,-65.00,-380.00
220.00,234.00,10.00,2803.00,1006.00,639.00,673.00,17.00,-196.00
228.00,234.00,10.00,2790.00,990.00,418.00,594.00,124.00,-102.00
246.00,232.00,9.00,3022.00,1038.00,455.00,600.00,187.00,121.00
254.00,236.00,10.00,3154.00,1055.00,152.00,573.00,217.00,233.00
264.00,240.00,11.00,3366.00,1083.00,121.00,535.00,255.00,334.00
292.00,260.00,8.00,4004.00,999.00,156.00,474.00,242.00,589.00
302.00,266.00,8.00,4478.00,950.00,-149.00,480.00,220.00,646.00
306.00,272.00,7.00,4550.00,770.00,-106.00,389.00,224.00,584.00
316.00,282.00,10.00,4358.00,673.00,385.00,381.00,233.00,622.00
320.00,290.00,8.00,4775.00,676.00,13.00,447.00,165.00,705.00
326.00,298.00,8.00,4828.00,415.00,162.00,369.00,136.00,635.00
336.00,310.00,8.00,4656.00,294.00,467.00,375.00,178.00,629.00
340.00,316.00,7.00,4912.00,295.00,232.00,465.00,92.00,749.00
344.00,324.00,9.00,4952.00,71.00,664.00,487.00,-15.00,617.00
350.00,330.00,8.00,5095.00,151.00,402.00,547.00,67.00,671.00
352.00,336.00,8.00,5381.00,194.00,225.00,561.00,-88.00,576.00
360.00,340.00,7.00,5105.00,42.00,708.00,565.00,-36.00,483.00
364.00,344.00,7.00,5192.00,-11.00,707.00,699.00,-97.00,540.00
368.00,348.00,9.00,5862.00,-60.00,201.00,789.00,-81.00,475.00
374.00,346.00,10.00,5853.00,-159.00,-33.00,675.00,-102.00,221.00
378.00,348.00,7.00,5774.00,-268.00,480.00,752.00,-182.00,158.00
384.00,348.00,8.00,5826.00,-335.00,405.00,810.00,-138.00,134.00
388.00,342.00,7.00,5984.00,-339.00,-217.00,728.00,-3.00,5.00
392.00,336.00,7.00,6131.00,-415.00,-485.00,677.00,-157.00,-381.00
394.00,332.00,7.00,6101.00,-386.00,-624.00,615.00,-213.00,-521.00
396.00,322.00,8.00,5833.00,-416.00,-687.00,483.00,-187.00,-769.00
402.00,300.00,10.00,5036.00,-342.00,-812.00,315.00,-153.00,-904.00
402.00,288.00,9.00,5036.00,-342.00,-812.00,315.00,-153.00,-904.00
396.00,264.00,7.00,3812.00,172.00,-1118.00,-83.00,-299.00,-982.00
394.00,260.00,6.00,3441.00,362.00,-1355.00,-253.00,-294.00,-854.00
388.00,244.00,6.00,3137.00,371.00,-1398.00,-486.00,-222.00,-783.00
382.00,236.00,6.00,2727.00,264.00,-1345.00,-669.00,-190.00,-680.00
378.00,232.00,7.00,2580.00,274.00,-1356.00,-715.00,-197.00,-635.00
370.00,226.00,6.00,2470.00,327.00,-1355.00,-787.00,-186.00,-546.00
360.00,222.00,7.00,2354.00,395.00,-830.00,-1104.00,-11.00,-230.00
354.00,220.00,9.00,2411.00,588.00,-475.00,-1174.00,-3.00,33.00
348.00,222.00,6.00,2592.00,618.00,-45.00,-1225.00,10.00,214.00
338.00,226.00,6.00,3328.00,644.00,499.00,-1134.00,0.00,502.00
328.00,232.00,6.00,3790.00,881.00,676.00,-1167.00,33.00,601.00
308.00,246.00,6.00,4110.00,727.00,986.00,-1148.00,65.00,636.00
306.00,248.00,6.00,4110.00,727.00,986.00,-1148.00,65.00,636.00
286.00,266.00,6.00,4563.00,533.00,1218.00,-997.00,-12.00,668.00
274.00,276.00,7.00,4496.00,719.00,833.00,-1016.00,66.00,657.00
270.00,280.00,6.00,4668.00,744.00,749.00,-1005.00,6.00,702.00
256.00,294.00,7.00,5072.00,410.00,956.00,-979.00,-13.00,721.00
240.00,308.00,7.00,5233.00,184.00,910.00,-1023.00,140.00,624.00
226.00,320.00,7.00,5136.00,212.00,711.00,-998.00,35.00,607.00
216.00,328.00,7.00,5212.00,189.00,590.00,-923.00,-59.00,624.00
212.00,330.00,6.00,5594.00,-15.00,479.00,-982.00,-11.00,601.00
178.00,344.00,10.00,5758.00,0.00,328.00,-1031.00,-161.00,500.00
164.00,350.00,6.00,5912.00,-182.00,628.00,-1073.00,-51.00,352.00
162.00,350.00,6.00,6120.00,-261.00,555.00,-957.00,-263.00,325.00
146.00,348.00,11.00,6200.00,-186.00,318.00,-963.00,-277.00,221.00
114.00,336.00,9.00,5924.00,-338.00,140.00,-1038.00,-296.00,-237.00
106.00,332.00,7.00,5822.00,-278.00,171.00,-1013.00,-375.00,-394.00
94.00,320.00,7.00,5709.00,-120.00,207.00,-983.00,-383.00,-431.00
88.00,312.00,9.00,5647.00,-1.00,331.00,-980.00,-297.00,-573.00
84.00,304.00,8.00,5518.00,200.00,437.00,-941.00,-320.00,-754.00
78.00,292.00,6.00,4988.00,349.00,698.00,-842.00,-333.00,-794.00
76.00,282.00,7.00,4618.00,582.00,812.00,-689.00,-353.00,-778.00
74.00,276.00,7.00,4062.00,779.00,912.00,-445.00,-470.00,-731.00
74.00,266.00,7.00,3598.00,1061.00,691.00,-262.00,-345.00,-623.00
76.00,260.00,7.00,3311.00,1245.00,875.00,-109.00,-210.00,-586.00
76.00,254.00,6.00,2857.00,1241.00,901.00,119.00,73.00,-424.00
78.00,250.00,6.00,2857.00,1241.00,901.00,119.00,73.00,-424.00
80.00,246.00,6.00,2711.00,1188.00,922.00,338.00,114.00,-336.00
84.00,246.00,6.00,2788.00,1162.00,860.00,421.00,176.00,-223.00
90.00,248.00,7.00,3411.00,1126.00,374.00,787.00,250.00,99.00
104.00,254.00,7.00,4540.00,1014.00,-480.00,911.00,447.00,130.00
132.00,262.00,10.00,4463.00,613.00,19.00,960.00,508.00,154.00
210.00,302.00,6.00,4964.00,437.00,123.00,605.00,628.00,415.00
242.00,316.00,10.00,5422.00,513.00,-555.00,536.00,514.00,288.00
252.00,318.00,9.00,5383.00,537.00,-175.00,449.00,521.00,315.00
262.00,322.00,8.00,5510.00,600.00,-263.00,449.00,431.00,340.00
270.00,324.00,10.00,5976.00,649.00,-415.00,508.00,223.00,307.00
276.00,326.00,7.00,6341.00,654.00,-518.00,356.00,190.00,106.00
278.00,324.00,7.00,6588.00,769.00,-292.00,269.00,103.00,-57.00
280.00,316.00,10.00,6830.00,872.00,-87.00,226.00,-20.00,-202.00
284.00,302.00,6.00,6338.00,846.00,363.00,153.00,-124.00,-687.00
282.00,284.00,9.00,6001.00,1049.00,609.00,155.00,-201.00,-862.00
282.00,252.00,10.00,5379.00,1141.00,693.00,178.00,-297.00,-983.00
278.00,208.00,10.00,4170.00,1675.00,715.00,244.00,-319.00,-1099.00
278.00,184.00,10.00,3820.00,1988.00,289.00,313.00,-394.00,-1023.00
278.00,172.00,9.00,3424.00,2162.00,133.00,289.00,-351.00,-986.00
278.00,162.00,9.00,3081.00,2257.00,-67.00,280.00,-363.00,-879.00
278.00,152.00,10.00,2580.00,2269.00,-231.00,201.00,-288.00,-873.00
276.00,148.00,6.00,2171.00,2243.00,-336.00,202.00,-251.00,-796.00
276.00,140.00,7.00,1780.00,2196.00,-661.00,137.00,-179.00,-660.00
276.00,134.00,7.00,1342.00,2239.00,-853.00,22.00,-150.00,-493.00
274.00,130.00,6.00,856.00,2211.00,-779.00,-35.00,-46.00,-196.00
274.00,128.00,6.00,809.00,2123.00,-872.00,-54.00,-19.00,-155.00
274.00,130.00,6.00,605.00,1917.00,-717.00,-149.00,7.00,119.00
274.00,130.00,7.00,613.00,1759.00,-413.00,-166.00,96.00,412.00
274.00,132.00,7.00,1160.00,1776.00,-580.00,-228.00,215.00,707.00
274.00,138.00,8.00,1629.00,1663.00,-480.00,-340.00,315.00,895.00
268.00,186.00,10.00,3333.00,1800.00,452.00,-563.00,447.00,1185.00
262.00,226.00,6.00,4994.00,1682.00,872.00,-591.00,439.00,1297.00
260.00,248.00,9.00,5322.00,1223.00,1114.00,-434.00,250.00,1061.00
#0.00,0.00,0.00,5252.00,1182.00,1319.00,-455.00,287.00,1033.00
260.00,290.00,6.00,5497.00,998.00,1517.00,-367.00,283.00,1004.00
256.00,320.00,10.00,5450.00,666.00,1374.00,-350.00,312.00,750.00
256.00,332.00,11.00,5544.00,472.00,1370.00,-305.00,255.00,619.00
258.00,340.00,10.00,5295.00,430.00,1125.00,-284.00,188.00,536.00
254.00,348.00,8.00,5378.00,582.00,1080.00,-303.00,205.00,428.00
252.00,352.00,9.00,5973.00,776.00,1062.00,-335.00,63.00,222.00
248.00,354.00,10.00,6460.00,832.00,1427.00,-322.00,-10.00,50.00
246.00,356.00,9.00,6848.00,848.00,1673.00,-331.00,15.00,-153.00
242.00,352.00,10.00,6922.00,782.00,1787.00,-331.00,21.00,-272.00
238.00,350.00,8.00,6693.00,762.00,1879.00,-265.00,-43.00,-516.00
230.00,338.00,10.00,6246.00,698.00,2066.00,-218.00,-108.00,-730.00
226.00,324.00,10.00,5301.00,739.00,2245.00,9.00,-235.00,-1021.00
222.00,312.00,9.00,4894.00,713.00,2336.00,89.00,-194.00,-1046.00
220.00,298.00,10.00,4454.00,734.00,2251.00,197.00,-210.00,-1015.00
218.00,264.00,7.00,3525.00,777.00,2118.00,370.00,-194.00,-946.00
222.00,254.00,8.00,2847.00,1010.00,1537.00,548.00,-109.00,-632.00
228.00,242.00,9.00,2587.00,1225.00,1193.00,615.00,-91.00,-300.00
234.00,236.00,10.00,2704.00,1351.00,944.00,575.00,70.00,-191.00
238.00,232.00,8.00,2747.00,1395.00,614.00,559.00,22.00,-83.00
246.00,230.00,9.00,2802.00,1412.00,586.00,486.00,84.00,73.00
252.00,226.00,10.00,2951.00,1401.00,613.00,477.00,139.00,165.00
258.00,228.00,7.00,2951.00,1401.00,613.00,477.00,139.00,165.00
268.00,230.00,7.00,3028.00,1412.00,508.00,436.00,158.00,249.00
274.00,232.00,8.00,3208.00,1420.00,444.00,414.00,161.00,428.00
280.00,238.00,9.00,3391.00,1447.00,469.00,422.00,161.00,487.00
288.00,242.00,9.00,3613.00,1410.00,301.00,379.00,191.00,539.00
294.00,250.00,10.00,3879.00,1365.00,467.00,362.00,134.00,623.00
298.00,256.00,8.00,4197.00,1332.00,507.00,298.00,254.00,642.00
308.00,264.00,9.00,4343.00,1314.00,433.00,307.00,216.00,629.00
314.00,272.00,7.00,4375.00,1137.00,580.00,286.00,174.00,594.00
322.00,282.00,6.00,4389.00,903.00,535.00,244.00,233.00,623.00
322.00,284.00,6.00,4426.00,793.00,749.00,272.00,182.00,666.00
330.00,296.00,9.00,4554.00,782.00,601.00,327.00,166.00,649.00
338.00,306.00,6.00,4367.00,413.00,1075.00,375.00,67.00,744.00
338.00,310.00,8.00,4611.00,432.00,1008.00,453.00,62.00,825.00
342.00,316.00,7.00,4592.00,305.00,1047.00,571.00,-76.00,828.00
350.00,328.00,10.00,4490.00,267.00,1218.00,809.00,-166.00,902.00
358.00,340.00,6.00,4719.00,-16.00,1030.00,1035.00,-237.00,1078.00
364.00,348.00,6.00,5609.00,6.00,558.00,1193.00,-359.00,1088.00
370.00,352.00,6.00,6359.00,165.00,311.00,1001.00,-216.00,860.00
372.00,354.00,7.00,6224.00,128.00,753.00,825.00,68.00,433.00
378.00,356.00,8.00,5828.00,-203.00,590.00,1089.00,-307.00,416.00
384.00,356.00,7.00,6312.00,-256.00,416.00,1102.00,-246.00,324.00
390.00,352.00,6.00,6640.00,-313.00,-74.00,893.00,90.00,-26.00
392.00,348.00,6.00,6440.00,-526.00,-258.00,904.00,-154.00,-484.00
396.00,342.00,6.00,6440.00,-526.00,-258.00,904.00,-154.00,-484.00
402.00,328.00,6.00,6366.00,-332.00,-485.00,855.00,-122.00,-596.00
402.00,324.00,6.00,6142.00,-231.00,-658.00,752.00,-337.00,-911.00
398.00,234.00,5.00,2532.00,538.00,-2049.00,-209.00,-446.00,-561.00
396.00,230.00,6.00,2404.00,495.00,-2084.00,-378.00,-345.00,-436.00
#0.00,0.00,0.00,2002.00,315.00,-2052.00,-730.00,-314.00,-126.00
390.00,222.00,6.00,1891.00,309.00,-1767.00,-987.00,-113.00,118.00
386.00,220.00,6.00,2098.00,446.00,-1523.00,-1148.00,6.00,281.00
380.00,220.00,6.00,2523.00,363.00,-983.00,-1267.00,-5.00,462.00
372.00,222.00,8.00,2908.00,534.00,-626.00,-1340.00,121.00,698.00
362.00,230.00,6.00,3232.00,773.00,-471.00,-1318.00,93.00,736.00
358.00,234.00,7.00,3755.00,608.00,-52.00,-1351.00,50.00,724.00
350.00,240.00,7.00,4258.00,495.00,557.00,-1327.00,151.00,830.00
340.00,248.00,7.00,4385.00,812.00,664.00,-1232.00,83.00,865.00
328.00,260.00,6.00,4524.00,696.00,736.00,-1183.00,107.00,850.00
310.00,278.00,7.00,4965.00,539.00,990.00,-1064.00,86.00,919.00
298.00,290.00,7.00,5168.00,500.00,902.00,-862.00,-58.00,926.00
292.00,296.00,6.00,5384.00,468.00,487.00,-778.00,-75.00,1022.00
274.00,310.00,7.00,5528.00,345.00,375.00,-781.00,-83.00,988.00
262.00,318.00,10.00,5670.00,406.00,337.00,-764.00,-20.00,849.00
256.00,324.00,6.00,5652.00,226.00,81.00,-793.00,-67.00,773.00
232.00,336.00,6.00,5569.00,30.00,200.00,-898.00,9.00,508.00
220.00,342.00,7.00,5419.00,-118.00,-147.00,-897.00,-50.00,485.00
198.00,348.00,6.00,5440.00,-232.00,-237.00,-1000.00,-7.00,416.00
188.00,346.00,10.00,5524.00,-390.00,-352.00,-1059.00,-40.00,338.00
172.00,348.00,7.00,5641.00,-580.00,-485.00,-1081.00,-120.00,206.00
106.00,324.00,8.00,5664.00,-221.00,-306.00,-1183.00,-274.00,-236.00
98.00,318.00,7.00,5471.00,72.00,11.00,-1122.00,-216.00,-541.00
88.00,308.00,7.00,5331.00,244.00,94.00,-1051.00,-235.00,-571.00
86.00,302.00,7.00,5044.00,548.00,412.00,-863.00,-252.00,-666.00
78.00,290.00,7.00,4468.00,646.00,497.00,-720.00,-220.00,-664.00
76.00,282.00,7.00,4468.00,646.00,497.00,-720.00,-220.00,-664.00
74.00,274.00,7.00,3948.00,834.00,743.00,-536.00,-233.00,-589.00
76.00,268.00,7.00,3622.00,878.00,871.00,-398.00,-193.00,-592.00
74.00,262.00,6.00,3237.00,930.00,771.00,-225.00,-95.00,-525.00
76.00,258.00,6.00,3061.00,1027.00,437.00,-121.00,1.00,-454.00
76.00,254.00,7.00,2906.00,973.00,513.00,-41.00,94.00,-386.00
78.00,252.00,6.00,2805.00,947.00,415.00,100.00,159.00,-255.00
80.00,254.00,6.00,2761.00,975.00,265.00,220.00,247.00,-137.00
82.00,256.00,6.00,2883.00,1020.00,103.00,311.00,239.00,-14.00
84.00,260.00,7.00,3265.00,1080.00,-115.00,470.00,198.00,215.00
88.00,264.00,6.00,3863.00,1253.00,-675.00,493.00,250.00,266.00
90.00,268.00,7.00,4444.00,1133.00,-787.00,446.00,242.00,257.00
92.00,270.00,6.00,4472.00,963.00,-68.00,414.00,346.00,214.00
96.00,276.00,8.00,4472.00,963.00,-68.00,414.00,346.00,214.00
100.00,282.00,7.00,4572.00,916.00,-153.00,485.00,363.00,209.00
106.00,284.00,8.00,4662.00,794.00,-12.00,488.00,399.00,232.00
114.00,292.00,6.00,4669.00,686.00,202.00,557.00,374.00,237.00
118.00,298.00,11.00,4788.00,592.00,142.00,575.00,502.00,177.00
128.00,298.00,9.00,4842.00,604.00,276.00,734.00,347.00,290.00
150.00,310.00,6.00,5080.00,586.00,174.00,717.00,435.00,266.00
#0.00,0.00,0.00,5174.00,519.00,43.00,586.00,553.00,128.00
172.00,316.00,6.00,5111.00,517.00,417.00,664.00,420.00,144.00
178.00,320.00,10.00,5040.00,398.00,382.00,718.00,427.00,175.00
194.00,320.00,6.00,5284.00,520.00,265.00,654.00,519.00,155.00
206.00,322.00,6.00,5270.00,536.00,232.00,592.00,426.00,76.00
#0.00,0.00,0.00,5020.00,610.00,389.00,614.00,375.00,106.00
#0.00,0.00,0.00,5323.00,670.00,320.00,604.00,366.00,125.00
240.00,322.00,9.00,5547.00,748.00,-22.00,483.00,197.00,-77.00
250.00,316.00,8.00,5481.00,735.00,41.00,416.00,105.00,-86.00
252.00,312.00,7.00,5771.00,847.00,23.00,354.00,53.00,-223.00
256.00,306.00,8.00,5723.00,886.00,169.00,280.00,40.00,-329.00
262.00,290.00,9.00,5691.00,976.00,506.00,285.00,1.00,-429.00
266.00,282.00,10.00,5350.00,1205.00,445.00,269.00,-122.00,-628.00
#0.00,0.00,0.00,5174.00,1253.00,466.00,285.00,-177.00,-665.00
264.00,260.00,9.00,5104.00,1332.00,580.00,259.00,-182.00,-704.00
#0.00,0.00,0.00,4982.00,1503.00,660.00,257.00,-222.00,-775.00
268.00,234.00,10.00,4762.00,1576.00,673.00,253.00,-235.00,-845.00
268.00,212.00,9.00,4020.00,1796.00,510.00,253.00,-245.00,-863.00
268.00,198.00,9.00,3750.00,1935.00,386.00,259.00,-242.00,-810.00
268.00,190.00,9.00,3658.00,2123.00,312.00,256.00,-252.00,-813.00
262.00,180.00,10.00,3408.00,2186.00,248.00,241.00,-240.00,-799.00
268.00,172.00,10.00,3260.00,2340.00,125.00,254.00,-232.00,-759.00
268.00,164.00,10.00,3180.00,2444.00,-8.00,244.00,-215.00,-711.00
268.00,158.00,8.00,2977.00,2514.00,-69.00,231.00,-196.00,-694.00
270.00,150.00,10.00,2788.00,2531.00,-225.00,199.00,-153.00,-716.00
266.00,144.00,6.00,2496.00,2572.00,-296.00,160.00,-118.00,-657.00
266.00,142.00,7.00,2149.00,2699.00,-395.00,139.00,-81.00,-537.00
268.00,140.00,6.00,2136.00,2778.00,-533.00,134.00,-80.00,-448.00
268.00,138.00,6.00,2062.00,2862.00,-545.00,104.00,-75.00,-396.00
268.00,136.00,6.00,2008.00,2976.00,-527.00,61.00,-7.00,-290.00
268.00,134.00,6.00,2054.00,3125.00,-612.00,82.00,4.00,-234.00
268.00,134.00,6.00,1923.00,3253.00,-585.00,36.00,-6.00,14.00
268.00,134.00,6.00,2126.00,3242.00,-628.00,19.00,80.00,114.00
270.00,134.00,6.00,2305.00,3355.00,-810.00,-20.00,121.00,103.00
270.00,136.00,6.00,2305.00,3355.00,-810.00,-20.00,121.00,103.00
270.00,136.00,6.00,2437.00,3476.00,-760.00,-97.00,193.00,-63.00
270.00,136.00,6.00,2361.00,3395.00,-582.00,-125.00,202.00,-98.00
