106.00,264.00,10.00,162.00,439.00,3013.00,-431.00,-44.00,229.00
106.00,268.00,10.00,119.00,-302.00,2883.00,-698.00,-394.00,363.00
110.00,278.00,10.00,101.00,-737.00,3124.00,-634.00,-458.00,717.00
114.00,290.00,10.00,309.00,-432.00,3764.00,-809.00,-275.00,764.00
120.00,304.00,9.00,214.00,-786.00,3884.00,-846.00,141.00,466.00
128.00,316.00,9.00,-397.00,-1036.00,3931.00,-935.00,259.00,522.00
140.00,332.00,9.00,-134.00,-819.00,4514.00,-802.00,80.00,926.00
162.00,350.00,10.00,210.00,-599.00,5670.00,-647.00,181.00,800.00
178.00,358.00,9.00,946.00,109.00,7612.00,-224.00,563.00,790.00
184.00,358.00,9.00,1632.00,917.00,8594.00,191.00,631.00,690.00
198.00,356.00,10.00,1946.00,1236.00,9433.00,724.00,312.00,624.00
216.00,332.00,10.00,2232.00,1063.00,9499.00,1314.00,263.00,403.00
226.00,310.00,9.00,2232.00,1063.00,9499.00,1314.00,263.00,403.00
228.00,298.00,9.00,1672.00,101.00,7617.00,1816.00,408.00,169.00
236.00,268.00,9.00,1441.00,57.00,6445.00,1983.00,198.00,159.00
248.00,176.00,7.00,758.00,151.00,3691.00,1884.00,85.00,-33.00
254.00,104.00,10.00,203.00,429.00,1773.00,1537.00,98.00,109.00
254.00,88.00,10.00,338.00,935.00,-52.00,860.00,-56.00,201.00
256.00,78.00,9.00,294.00,1130.00,-418.00,451.00,60.00,125.00
254.00,70.00,8.00,289.00,1141.00,-556.00,282.00,125.00,39.00
250.00,68.00,10.00,136.00,1096.00,-641.00,11.00,124.00,77.00
254.00,66.00,7.00,57.00,1055.00,-567.00,-314.00,129.00,23.00
252.00,70.00,7.00,51.00,1061.00,-141.00,-566.00,40.00,-50.00
254.00,74.00,9.00,51.00,1061.00,-141.00,-566.00,40.00,-50.00
252.00,82.00,10.00,7.00,1202.00,297.00,-737.00,74.00,-69.00
248.00,90.00,10.00,-203.00,1277.00,1017.00,-1004.00,72.00,-157.00
250.00,174.00,10.00,-348.00,823.00,4377.00,-1439.00,-47.00,-111.00
250.00,226.00,10.00,-428.00,864.00,4716.00,-1558.00,183.00,-206.00
250.00,254.00,10.00,-322.00,277.00,4923.00,-1500.00,70.00,-165.00
252.00,280.00,10.00,-150.00,516.00,5014.00,-1436.00,41.00,-51.00
254.00,304.00,10.00,-28.00,383.00,5074.00,-1426.00,7.00,-80.00
252.00,328.00,10.00,298.00,268.00,5199.00,-1385.00,-139.00,-18.00
250.00,338.00,8.00,1003.00,692.00,6199.00,-1402.00,-112.00,-298.00
0.00,0.00,0.00,1231.00,1209.00,7182.00,-1378.00,-81.00,-599.00
232.00,378.00,9.00,1472.00,1245.00,8395.00,-940.00,-563.00,-834.00
220.00,380.00,9.00,1078.00,829.00,9441.00,-315.00,-512.00,-1227.00
212.00,380.00,10.00,-95.00,-242.00,8743.00,42.00,-101.00,-1395.00
200.00,372.00,10.00,-770.00,-923.00,8004.00,431.00,-159.00,-1132.00
190.00,358.00,10.00,-1188.00,-1308.00,6728.00,948.00,-245.00,-600.00
180.00,332.00,9.00,-1212.00,-1389.00,5288.00,1036.00,-30.00,-192.00
180.00,324.00,11.00,-1004.00,-1395.00,3994.00,984.00,-30.00,-88.00
178.00,308.00,9.00,-1027.00,-1513.00,3426.00,989.00,-103.00,43.00
184.00,284.00,9.00,-1149.00,-1509.00,2899.00,913.00,-147.00,253.00
186.00,280.00,9.00,-963.00,-1529.00,2513.00,668.00,28.00,464.00
202.00,266.00,9.00,-866.00,-1483.00,2263.00,451.00,34.00,652.00
216.00,262.00,9.00,-436.00,-1247.00,2510.00,317.00,10.00,891.00
220.00,262.00,9.00,-50.00,-937.00,2611.00,202.00,33.00,987.00
236.00,262.00,10.00,145.00,-885.00,2834.00,106.00,59.00,927.00
250.00,266.00,9.00,200.00,-883.00,3105.00,-53.00,142.00,986.00
268.00,272.00,10.00,671.00,-592.00,3467.00,-147.00,149.00,1272.00
286.00,278.00,10.00,696.00,-596.00,3430.00,-116.00,53.00,1262.00
302.00,286.00,10.00,1177.00,-569.00,4168.00,-374.00,115.00,1292.00
318.00,296.00,10.00,825.00,-699.00,4025.00,-405.00,85.00,1088.00
332.00,306.00,9.00,787.00,-764.00,4373.00,-367.00,23.00,1261.00
348.00,312.00,10.00,1185.00,-599.00,4399.00,-160.00,-207.00,1553.00
368.00,328.00,8.00,1172.00,-852.00,4887.00,-314.00,-127.00,1420.00
376.00,328.00,12.00,1448.00,-498.00,5605.00,-191.00,120.00,1449.00
400.00,336.00,10.00,1054.00,-765.00,6308.00,68.00,-21.00,1476.00
406.00,330.00,9.00,1824.00,-395.00,6372.00,303.00,391.00,1551.00
414.00,326.00,9.00,2216.00,-85.00,5342.00,441.00,274.00,1301.00
420.00,320.00,8.00,2485.00,-210.00,5096.00,537.00,243.00,1073.00
424.00,312.00,10.00,3059.00,30.00,4073.00,490.00,324.00,781.00
426.00,306.00,10.00,2957.00,-49.00,3014.00,463.00,174.00,156.00
430.00,304.00,7.00,2842.00,-131.00,2573.00,314.00,191.00,3.00
428.00,298.00,8.00,2753.00,-251.00,2603.00,183.00,-33.00,-287.00
424.00,296.00,6.00,2497.00,-621.00,3070.00,-65.00,184.00,-634.00
422.00,298.00,10.00,2246.00,-664.00,3026.00,-112.00,161.00,-813.00
414.00,294.00,9.00,2003.00,-689.00,3109.00,-103.00,-44.00,-936.00
408.00,298.00,10.00,1701.00,-932.00,3715.00,-231.00,-206.00,-1122.00
392.00,298.00,10.00,1222.00,-1194.00,3890.00,-412.00,9.00,-1263.00
376.00,302.00,9.00,995.00,-1077.00,3945.00,-383.00,-152.00,-1221.00
0.00,0.00,0.00,625.00,-1426.00,4336.00,-404.00,-52.00,-1263.00
348.00,306.00,9.00,588.00,-1305.00,4156.00,-385.00,-43.00,-1379.00
330.00,310.00,9.00,378.00,-1340.00,4275.00,-409.00,-101.00,-1393.00
296.00,316.00,10.00,378.00,-1340.00,4275.00,-409.00,-101.00,-1393.00
290.00,320.00,6.00,430.00,-1272.00,4345.00,-423.00,-98.00,-1381.00
204.00,328.00,10.00,462.00,-1539.00,4627.00,-333.00,-84.00,-1454.00
194.00,328.00,10.00,897.00,-1365.00,4902.00,-347.00,45.00,-1607.00
172.00,328.00,8.00,734.00,-1525.00,5031.00,-223.00,-47.00,-1547.00
140.00,328.00,10.00,1115.00,-1388.00,5112.00,-61.00,-181.00,-1286.00
0.00,0.00,0.00,1114.00,-1157.00,5304.00,-70.00,-112.00,-1324.00
116.00,324.00,6.00,1146.00,-1028.00,5741.00,-30.00,-87.00,-1420.00
88.00,312.00,10.00,1146.00,-1028.00,5741.00,-30.00,-87.00,-1420.00
0.00,0.00,0.00,1186.00,-844.00,5991.00,228.00,-91.00,-1575.00
70.00,302.00,6.00,549.00,-985.00,5537.00,381.00,119.00,-1622.00
56.00,288.00,10.00,-747.00,-1256.00,4171.00,515.00,148.00,-1249.00
50.00,280.00,10.00,-963.00,-854.00,3349.00,431.00,10.00,-794.00
44.00,272.00,8.00,-956.00,-482.00,2682.00,403.00,-265.00,-272.00
42.00,266.00,9.00,-956.00,-482.00,2682.00,403.00,-265.00,-272.00
40.00,264.00,7.00,-792.00,-348.00,2652.00,251.00,-166.00,-184.00
40.00,264.00,8.00,-776.00,-480.00,2591.00,103.00,-66.00,-103.00
38.00,264.00,7.00,-674.00,-494.00,2576.00,73.00,-124.00,216.00
42.00,266.00,8.00,-302.00,-229.00,2859.00,-42.00,-42.00,321.00
44.00,270.00,8.00,-321.00,-263.00,2843.00,-246.00,161.00,301.00
46.00,278.00,9.00,-435.00,-622.00,3254.00,-403.00,195.00,547.00
52.00,286.00,8.00,-319.00,-803.00,3429.00,-535.00,218.00,736.00
58.00,296.00,8.00,-322.00,-894.00,3685.00,-660.00,236.00,849.00
64.00,306.00,8.00,-322.00,-894.00,3685.00,-660.00,236.00,849.00
84.00,324.00,7.00,-61.00,-918.00,3979.00,-694.00,202.00,1061.00
86.00,330.00,8.00,9.00,-1128.00,4223.00,-694.00,205.00,1035.00
112.00,352.00,8.00,110.00,-1267.00,4575.00,-822.00,229.00,1149.00
122.00,358.00,10.00,160.00,-1574.00,5281.00,-805.00,288.00,1106.00
0.00,0.00,0.00,206.00,-1700.00,5883.00,-768.00,387.00,1209.00
160.00,378.00,10.00,547.00,-1479.00,6887.00,-590.00,163.00,1494.00
180.00,382.00,10.00,682.00,-1052.00,7929.00,-205.00,187.00,1327.00
200.00,386.00,10.00,1170.00,-836.00,8947.00,263.00,30.00,1436.00
232.00,368.00,7.00,1170.00,-836.00,8947.00,263.00,30.00,1436.00
234.00,364.00,8.00,1910.00,-716.00,9478.00,874.00,138.00,1176.00
272.00,242.00,8.00,853.00,-987.00,4509.00,1740.00,41.00,451.00
274.00,216.00,8.00,502.00,-713.00,3894.00,1610.00,201.00,412.00
280.00,132.00,10.00,317.00,414.00,1500.00,1175.00,22.00,199.00
276.00,122.00,9.00,157.00,889.00,508.00,624.00,128.00,126.00
276.00,116.00,8.00,-5.00,901.00,155.00,73.00,77.00,-129.00
274.00,116.00,8.00,-100.00,873.00,324.00,-248.00,74.00,-65.00
272.00,118.00,7.00,-100.00,873.00,324.00,-248.00,74.00,-65.00
270.00,124.00,9.00,-340.00,862.00,698.00,-555.00,120.00,-78.00
270.00,134.00,8.00,-336.00,927.00,1277.00,-628.00,138.00,-127.00
0.00,0.00,0.00,-394.00,770.00,1915.00,-836.00,4.00,-81.00
270.00,186.00,7.00,-779.00,548.00,3425.00,-1380.00,56.00,-306.00
270.00,240.00,10.00,-630.00,80.00,4431.00,-1350.00,-158.00,-214.00
270.00,280.00,10.00,-702.00,-322.00,4809.00,-1425.00,-17.00,-263.00
270.00,288.00,10.00,-646.00,-534.00,4838.00,-1426.00,21.00,-237.00
272.00,326.00,9.00,-761.00,-680.00,4988.00,-1374.00,-125.00,-166.00
270.00,364.00,10.00,-104.00,-505.00,5841.00,-1240.00,-208.00,-97.00
266.00,370.00,10.00,109.00,-307.00,6375.00,-985.00,-82.00,-437.00
258.00,390.00,9.00,616.00,129.00,7665.00,-409.00,-170.00,-638.00
250.00,394.00,10.00,331.00,-86.00,7819.00,-188.00,-195.00,-857.00
240.00,392.00,12.00,-152.00,-779.00,7814.00,239.00,-265.00,-808.00
236.00,384.00,10.00,-570.00,-1122.00,7492.00,743.00,-286.00,-500.00
224.00,356.00,9.00,-1004.00,-1529.00,5700.00,1018.00,166.00,-269.00
220.00,330.00,9.00,-1151.00,-1706.00,4424.00,1125.00,112.00,-106.00
218.00,322.00,9.00,-1148.00,-1720.00,3535.00,1142.00,21.00,173.00
220.00,304.00,9.00,-1041.00,-1682.00,2746.00,878.00,59.00,302.00
224.00,290.00,10.00,-990.00,-1613.00,2389.00,773.00,91.00,472.00
234.00,274.00,10.00,-856.00,-1482.00,2028.00,544.00,56.00,617.00
244.00,270.00,10.00,-686.00,-1193.00,1977.00,293.00,-6.00,774.00
254.00,266.00,10.00,-331.00,-963.00,2206.00,123.00,6.00,808.00
262.00,266.00,10.00,-178.00,-806.00,2490.00,-14.00,9.00,900.00
274.00,268.00,9.00,-99.00,-687.00,2702.00,-120.00,18.00,896.00
286.00,272.00,10.00,122.00,-582.00,3126.00,-233.00,-77.00,997.00
298.00,278.00,10.00,297.00,-480.00,3539.00,-305.00,-9.00,997.00
308.00,288.00,10.00,154.00,-678.00,3611.00,-401.00,-64.00,954.00
324.00,296.00,10.00,154.00,-678.00,3611.00,-401.00,-64.00,954.00
340.00,308.00,12.00,386.00,-544.00,3988.00,-398.00,-188.00,1125.00
346.00,316.00,10.00,729.00,-535.00,4523.00,-421.00,-121.00,1132.00
356.00,322.00,8.00,755.00,-646.00,4578.00,-340.00,-189.00,1124.00
370.00,334.00,9.00,728.00,-714.00,4854.00,-320.00,-174.00,1174.00
378.00,336.00,9.00,765.00,-782.00,4701.00,-300.00,-49.00,1271.00
386.00,340.00,9.00,956.00,-788.00,5268.00,-238.00,-52.00,1301.00
392.00,344.00,9.00,1245.00,-634.00,5215.00,-133.00,115.00,1277.00
400.00,344.00,7.00,1000.00,-687.00,5238.00,13.00,77.00,1193.00
404.00,344.00,8.00,995.00,-849.00,5457.00,5.00,88.00,1242.00
412.00,340.00,7.00,1214.00,-823.00,5736.00,182.00,-7.00,1345.00
414.00,338.00,7.00,1991.00,-549.00,5812.00,427.00,26.00,1402.00
420.00,328.00,7.00,2481.00,40.00,5040.00,485.00,320.00,894.00
420.00,324.00,6.00,2471.00,-45.00,4207.00,696.00,175.00,502.00
422.00,314.00,8.00,2398.00,-93.00,3827.00,610.00,257.00,226.00
422.00,308.00,7.00,2244.00,-234.00,3186.00,664.00,48.00,-34.00
422.00,302.00,7.00,2069.00,-440.00,3074.00,576.00,-69.00,-353.00
418.00,300.00,9.00,1758.00,-567.00,2839.00,405.00,133.00,-495.00
418.00,296.00,6.00,1505.00,-501.00,2511.00,36.00,-16.00,-798.00
412.00,292.00,11.00,1288.00,-611.00,2829.00,-233.00,-18.00,-959.00
404.00,296.00,10.00,1311.00,-629.00,3133.00,-304.00,-95.00,-1064.00
398.00,302.00,10.00,1253.00,-723.00,3437.00,-324.00,-142.00,-1173.00
388.00,306.00,9.00,892.00,-974.00,3977.00,-527.00,51.00,-1407.00
362.00,312.00,7.00,501.00,-1393.00,4552.00,-426.00,-5.00,-1433.00
208.00,340.00,9.00,184.00,-1438.00,4780.00,-259.00,-54.00,-1504.00
186.00,340.00,10.00,167.00,-1545.00,4878.00,-273.00,5.00,-1483.00
178.00,340.00,9.00,524.00,-1367.00,4845.00,-95.00,-120.00,-1304.00
146.00,340.00,8.00,744.00,-1040.00,4635.00,-62.00,-134.00,-1343.00
140.00,338.00,8.00,348.00,-1217.00,4950.00,-168.00,-12.00,-1622.00
106.00,330.00,10.00,382.00,-940.00,5769.00,165.00,-150.00,-1345.00
92.00,324.00,8.00,-69.00,-1116.00,5752.00,216.00,98.00,-1476.00
80.00,312.00,10.00,-395.00,-1170.00,5369.00,503.00,82.00,-1257.00
74.00,304.00,10.00,-504.00,-755.00,4218.00,625.00,127.00,-786.00
66.00,294.00,9.00,-638.00,-697.00,3564.00,614.00,204.00,-608.00
64.00,286.00,10.00,-587.00,-467.00,3013.00,515.00,70.00,-348.00
60.00,278.00,10.00,-587.00,-467.00,3013.00,515.00,70.00,-348.00
60.00,274.00,8.00,-493.00,-379.00,2891.00,485.00,-58.00,-207.00
58.00,272.00,7.00,-302.00,-219.00,2890.00,360.00,-25.00,-48.00
60.00,268.00,6.00,-297.00,-303.00,2471.00,-12.00,95.00,67.00
60.00,272.00,8.00,-206.00,-189.00,2510.00,-105.00,75.00,164.00
62.00,276.00,8.00,-133.00,-152.00,2472.00,-274.00,102.00,190.00
62.00,280.00,9.00,-80.00,-223.00,2631.00,-459.00,19.00,257.00
66.00,288.00,9.00,-80.00,-223.00,2631.00,-459.00,19.00,257.00
72.00,298.00,10.00,-126.00,-481.00,3129.00,-611.00,29.00,348.00
78.00,310.00,11.00,-151.00,-631.00,3512.00,-712.00,84.00,464.00
82.00,318.00,10.00,-173.00,-865.00,3859.00,-752.00,103.00,522.00
94.00,336.00,10.00,-444.00,-1162.00,4050.00,-867.00,101.00,714.00
104.00,350.00,9.00,-260.00,-1361.00,4556.00,-906.00,157.00,797.00
118.00,364.00,8.00,-426.00,-1401.00,4683.00,-929.00,276.00,753.00
134.00,376.00,7.00,-583.00,-1691.00,4693.00,-925.00,190.00,804.00
142.00,380.00,10.00,-51.00,-1516.00,5514.00,-790.00,-29.00,1126.00
166.00,394.00,10.00,-24.00,-1440.00,5798.00,-656.00,118.00,943.00
192.00,398.00,9.00,111.00,-1239.00,6898.00,-432.00,85.00,1051.00
214.00,394.00,9.00,345.00,-1324.00,7520.00,186.00,-105.00,1200.00
230.00,382.00,9.00,766.00,-1219.00,7956.00,512.00,46.00,1139.00
236.00,378.00,8.00,927.00,-1083.00,8075.00,737.00,103.00,1068.00
246.00,360.00,7.00,1170.00,-1134.00,7667.00,1161.00,157.00,947.00
264.00,310.00,9.00,776.00,-1453.00,6092.00,1636.00,115.00,694.00
272.00,266.00,9.00,664.00,-1339.00,5702.00,1683.00,87.00,635.00
276.00,254.00,10.00,561.00,-1180.00,5224.00,1703.00,106.00,511.00
278.00,184.00,10.00,310.00,-660.00,3507.00,1644.00,53.00,300.00
280.00,164.00,10.00,126.00,-242.00,2749.00,1541.00,27.00,343.00
282.00,154.00,9.00,205.00,248.00,2256.00,1328.00,53.00,322.00
282.00,114.00,9.00,180.00,1149.00,1136.00,762.00,160.00,107.00
280.00,110.00,7.00,106.00,1318.00,793.00,579.00,99.00,201.00
278.00,104.00,10.00,227.00,1452.00,524.00,320.00,-19.00,255.00
280.00,106.00,6.00,185.00,1563.00,475.00,105.00,4.00,95.00
276.00,106.00,10.00,14.00,1367.00,383.00,-210.00,57.00,-107.00
276.00,112.00,7.00,-251.00,1364.00,1102.00,-749.00,32.00,-189.00
276.00,122.00,6.00,-238.00,1277.00,1539.00,-845.00,-30.00,-186.00
0.00,0.00,0.00,-238.00,1277.00,1539.00,-845.00,-30.00,-186.00
274.00,160.00,9.00,-351.00,1048.00,2807.00,-1170.00,89.00,-323.00
272.00,202.00,9.00,-686.00,655.00,3475.00,-1331.00,10.00,-334.00
272.00,208.00,9.00,-820.00,244.00,4491.00,-1393.00,56.00,-339.00
270.00,230.00,7.00,-763.00,-74.00,4399.00,-1331.00,-128.00,-201.00
270.00,270.00,10.00,-508.00,-467.00,4863.00,-1274.00,-290.00,-81.00
270.00,314.00,10.00,-649.00,-594.00,4810.00,-1307.00,-49.00,-182.00
270.00,334.00,9.00,-306.00,-751.00,5514.00,-1195.00,-187.00,-35.00
268.00,368.00,10.00,-181.00,-376.00,5697.00,-1139.00,221.00,-373.00
258.00,386.00,10.00,129.00,-11.00,7443.00,-821.00,-91.00,-694.00
252.00,388.00,10.00,25.00,-31.00,8132.00,-679.00,-102.00,-905.00
246.00,386.00,10.00,-578.00,-1168.00,8679.00,743.00,-407.00,-704.00
238.00,378.00,9.00,-721.00,-1654.00,7234.00,1119.00,139.00,-505.00
230.00,352.00,10.00,-903.00,-1738.00,5983.00,1198.00,332.00,-352.00
226.00,334.00,10.00,-1092.00,-1784.00,4390.00,1370.00,112.00,-75.00
224.00,314.00,9.00,-1178.00,-1745.00,3484.00,1297.00,-9.00,185.00
224.00,306.00,9.00,-1109.00,-1823.00,2754.00,1000.00,123.00,235.00
226.00,288.00,9.00,-1186.00,-1786.00,2218.00,794.00,190.00,311.00
230.00,272.00,10.00,-1230.00,-1706.00,1754.00,682.00,45.00,563.00
244.00,258.00,10.00,-960.00,-1473.00,1690.00,380.00,64.00,778.00
248.00,256.00,8.00,-781.00,-1409.00,1767.00,192.00,69.00,820.00
268.00,252.00,10.00,-636.00,-1168.00,2045.00,34.00,11.00,907.00
274.00,254.00,10.00,-355.00,-1086.00,2394.00,-183.00,17.00,969.00
290.00,258.00,10.00,-194.00,-978.00,2734.00,-269.00,1.00,1080.00
302.00,266.00,9.00,73.00,-699.00,3007.00,-365.00,-34.00,1181.00
318.00,274.00,9.00,248.00,-742.00,3483.00,-533.00,32.00,1047.00
340.00,292.00,10.00,189.00,-1065.00,3874.00,-564.00,-44.00,1101.00
348.00,296.00,10.00,40.00,-1208.00,4042.00,-530.00,-194.00,1283.00
362.00,306.00,10.00,285.00,-1090.00,4475.00,-515.00,-215.00,1460.00
382.00,324.00,8.00,1055.00,-1195.00,5237.00,-412.00,-501.00,1663.00
388.00,332.00,10.00,1272.00,-863.00,5771.00,-378.00,73.00,1576.00
398.00,336.00,8.00,1049.00,-806.00,5469.00,-396.00,250.00,1376.00
406.00,342.00,8.00,1049.00,-806.00,5469.00,-396.00,250.00,1376.00
412.00,340.00,9.00,934.00,-907.00,5739.00,-188.00,-79.00,1495.00
418.00,340.00,8.00,1537.00,-766.00,6173.00,237.00,98.00,1637.00
422.00,338.00,7.00,1796.00,-554.00,5844.00,436.00,190.00,1584.00
426.00,330.00,8.00,1888.00,-336.00,5600.00,522.00,243.00,1235.00
428.00,324.00,7.00,2158.00,-138.00,4769.00,721.00,229.00,1041.00
428.00,314.00,10.00,2158.00,-138.00,4769.00,721.00,229.00,1041.00
432.00,308.00,8.00,2377.00,224.00,3370.00,720.00,92.00,218.00
432.00,298.00,6.00,2233.00,8.00,2903.00,664.00,46.00,-28.00
432.00,294.00,8.00,2152.00,-225.00,2665.00,623.00,-103.00,-237.00
430.00,290.00,8.00,1997.00,-308.00,2559.00,337.00,72.00,-569.00
428.00,288.00,7.00,1722.00,-321.00,2357.00,84.00,4.00,-832.00
422.00,286.00,10.00,1557.00,-477.00,2639.00,-40.00,-134.00,-940.00
416.00,288.00,8.00,1200.00,-973.00,3486.00,-253.00,-94.00,-1208.00
296.00,320.00,9.00,380.00,-1478.00,4781.00,-328.00,2.00,-1491.00
272.00,324.00,9.00,459.00,-1331.00,4669.00,-276.00,-69.00,-1516.00
246.00,328.00,9.00,522.00,-1406.00,4781.00,-232.00,-140.00,-1632.00
196.00,330.00,10.00,171.00,-1746.00,4667.00,-155.00,95.00,-1621.00
0.00,0.00,0.00,429.00,-1380.00,4702.00,-38.00,-291.00,-1518.00
150.00,330.00,10.00,221.00,-1424.00,5094.00,-235.00,-33.00,-1765.00
142.00,328.00,7.00,226.00,-1602.00,5029.00,-82.00,-54.00,-1581.00
110.00,326.00,9.00,377.00,-1082.00,5143.00,59.00,-274.00,-1484.00
0.00,0.00,0.00,326.00,-981.00,5761.00,55.00,-124.00,-1597.00
78.00,314.00,10.00,131.00,-1026.00,5984.00,206.00,-45.00,-1620.00
72.00,306.00,10.00,-176.00,-1078.00,5923.00,432.00,-85.00,-1551.00
62.00,296.00,10.00,-509.00,-997.00,5435.00,652.00,-56.00,-1365.00
52.00,284.00,10.00,-681.00,-870.00,4667.00,752.00,4.00,-1175.00
48.00,274.00,11.00,-728.00,-676.00,3890.00,769.00,-85.00,-893.00
44.00,264.00,8.00,-715.00,-503.00,3526.00,739.00,-204.00,-713.00
42.00,260.00,8.00,-493.00,-186.00,2741.00,432.00,10.00,-276.00
42.00,252.00,8.00,-419.00,-39.00,2652.00,382.00,-46.00,-172.00
42.00,246.00,10.00,-92.00,18.00,2636.00,53.00,189.00,-25.00
44.00,248.00,7.00,-270.00,40.00,2194.00,-138.00,255.00,68.00
42.00,248.00,9.00,-270.00,40.00,2194.00,-138.00,255.00,68.00
44.00,250.00,8.00,-213.00,42.00,2450.00,-265.00,-18.00,307.00
46.00,252.00,10.00,-213.00,42.00,2450.00,-265.00,-18.00,307.00
48.00,262.00,8.00,-91.00,81.00,2803.00,-371.00,17.00,370.00
52.00,270.00,10.00,-165.00,-235.00,2850.00,-538.00,85.00,366.00
54.00,280.00,8.00,-492.00,-558.00,3042.00,-684.00,21.00,552.00
60.00,294.00,10.00,-257.00,-742.00,3643.00,-885.00,119.00,825.00
74.00,314.00,8.00,-401.00,-927.00,3920.00,-998.00,153.00,912.00
86.00,326.00,10.00,-293.00,-1313.00,4793.00,-1001.00,25.00,1187.00
100.00,342.00,10.00,-138.00,-1102.00,5230.00,-1014.00,167.00,1225.00
114.00,358.00,10.00,-377.00,-1366.00,5494.00,-934.00,166.00,1177.00
146.00,374.00,10.00,-230.00,-1782.00,6160.00,-805.00,49.00,1370.00
166.00,382.00,10.00,44.00,-1001.00,7564.00,-469.00,290.00,1503.00
0.00,0.00,0.00,249.00,-1275.00,7997.00,-137.00,529.00,1256.00
206.00,380.00,7.00,788.00,-921.00,8670.00,776.00,362.00,1355.00
226.00,366.00,9.00,788.00,-921.00,8670.00,776.00,362.00,1355.00
244.00,350.00,9.00,899.00,-1330.00,8639.00,1201.00,241.00,1377.00
266.00,310.00,10.00,983.00,-1388.00,8612.00,1370.00,218.00,1439.00
294.00,234.00,7.00,632.00,-1039.00,5198.00,1996.00,6.00,783.00
0.00,0.00,0.00,535.00,-1078.00,4540.00,2012.00,-9.00,711.00
0.00,0.00,0.00,471.00,-409.00,2640.00,1873.00,-140.00,514.00
310.00,92.00,10.00,306.00,616.00,954.00,1217.00,2.00,370.00
310.00,84.00,10.00,437.00,1153.00,548.00,971.00,-30.00,402.00
308.00,76.00,6.00,487.00,1410.00,359.00,822.00,-28.00,343.00
308.00,72.00,6.00,487.00,1410.00,359.00,822.00,-28.00,343.00
306.00,74.00,7.00,597.00,1702.00,155.00,625.00,-74.00,272.00
306.00,74.00,7.00,615.00,1821.00,-174.00,-3.00,48.00,-78.00
304.00,74.00,7.00,283.00,1695.00,-107.00,-381.00,49.00,-151.00
300.00,78.00,10.00,306.00,1710.00,122.00,-596.00,82.00,-195.00
300.00,84.00,9.00,208.00,1993.00,671.00,-772.00,86.00,-201.00
304.00,94.00,10.00,130.00,1706.00,1340.00,-939.00,25.00,-329.00
296.00,244.00,9.00,-831.00,11.00,4763.00,-1487.00,173.00,-357.00
296.00,268.00,10.00,-839.00,-63.00,4796.00,-1492.00,20.00,-275.00
296.00,292.00,9.00,-292.00,-294.00,5399.00,-1342.00,-207.00,27.00
294.00,328.00,9.00,-547.00,-464.00,5178.00,-1404.00,179.00,-400.00
290.00,362.00,9.00,54.00,-267.00,6182.00,-1020.00,-115.00,-142.00
286.00,368.00,10.00,103.00,-72.00,6525.00,-951.00,19.00,-424.00
284.00,382.00,9.00,70.00,3.00,7002.00,-658.00,-137.00,-361.00
278.00,384.00,9.00,259.00,137.00,7892.00,-301.00,-343.00,-412.00
274.00,384.00,10.00,98.00,-83.00,8321.00,-187.00,-236.00,-579.00
266.00,376.00,10.00,-520.00,-670.00,8249.00,218.00,-37.00,-697.00
262.00,362.00,8.00,-1059.00,-1324.00,7165.00,842.00,23.00,-475.00
260.00,354.00,9.00,-1351.00,-1631.00,5723.00,1153.00,21.00,-91.00
262.00,320.00,8.00,-1151.00,-1693.00,3592.00,1148.00,123.00,267.00
268.00,302.00,10.00,-1121.00,-1731.00,2841.00,1039.00,106.00,405.00
280.00,280.00,7.00,-1046.00,-1695.00,2244.00,834.00,63.00,605.00
288.00,272.00,10.00,-909.00,-1524.00,2091.00,655.00,82.00,696.00
294.00,268.00,9.00,-597.00,-1264.00,2025.00,430.00,130.00,848.00
310.00,264.00,9.00,-246.00,-996.00,2028.00,239.00,73.00,963.00
322.00,264.00,8.00,-65.00,-712.00,2320.00,-40.00,70.00,959.00
328.00,268.00,10.00,56.00,-556.00,2525.00,-158.00,88.00,929.00
344.00,278.00,10.00,69.00,-495.00,2793.00,-254.00,-61.00,964.00
352.00,284.00,10.00,198.00,-355.00,3166.00,-405.00,-116.00,1073.00
358.00,290.00,9.00,271.00,-429.00,3425.00,-515.00,-142.00,1019.00
376.00,312.00,9.00,509.00,-809.00,4199.00,-578.00,-430.00,1289.00
388.00,324.00,10.00,766.00,-729.00,4576.00,-530.00,-425.00,1364.00
394.00,330.00,8.00,929.00,-879.00,4586.00,-474.00,-288.00,1283.00
400.00,340.00,8.00,1074.00,-823.00,4787.00,-449.00,-334.00,1389.00
406.00,346.00,10.00,1456.00,-853.00,5337.00,-316.00,-333.00,1455.00
410.00,350.00,7.00,1832.00,-636.00,5887.00,-169.00,2.00,1259.00
412.00,352.00,10.00,1726.00,-662.00,6262.00,-19.00,125.00,1109.00
416.00,348.00,7.00,1846.00,-615.00,6601.00,239.00,240.00,1110.00
420.00,342.00,7.00,1975.00,-445.00,6532.00,516.00,127.00,1190.00
422.00,336.00,6.00,2275.00,-76.00,6434.00,850.00,92.00,1045.00
424.00,326.00,6.00,2401.00,113.00,5527.00,1059.00,139.00,746.00
426.00,314.00,6.00,2352.00,128.00,4527.00,1247.00,23.00,470.00
428.00,300.00,7.00,2300.00,45.00,3784.00,1244.00,5.00,221.00
426.00,288.00,7.00,2083.00,1.00,2966.00,1102.00,-14.00,-84.00
426.00,274.00,6.00,1839.00,-57.00,2417.00,879.00,14.00,-409.00
424.00,270.00,7.00,1624.00,-140.00,2021.00,627.00,-43.00,-559.00
422.00,264.00,8.00,1565.00,-174.00,1965.00,470.00,-119.00,-619.00
418.00,262.00,7.00,1191.00,-185.00,1880.00,-15.00,-6.00,-865.00
412.00,264.00,10.00,1167.00,-31.00,2310.00,-367.00,-252.00,-1017.00
408.00,262.00,8.00,1065.00,-274.00,2884.00,-508.00,-259.00,-1145.00
392.00,270.00,7.00,818.00,-269.00,3651.00,-684.00,-177.00,-1116.00
372.00,282.00,7.00,818.00,-269.00,3651.00,-684.00,-177.00,-1116.00
328.00,306.00,10.00,828.00,-715.00,4330.00,-738.00,-115.00,-1233.00
288.00,318.00,9.00,850.00,-876.00,4745.00,-661.00,-154.00,-1213.00
0.00,0.00,0.00,926.00,-924.00,4889.00,-644.00,-132.00,-1398.00
224.00,334.00,10.00,821.00,-1192.00,5063.00,-542.00,-153.00,-1407.00
202.00,338.00,9.00,1156.00,-1199.00,5046.00,-454.00,-210.00,-1239.00
192.00,340.00,9.00,1135.00,-1144.00,5263.00,-461.00,-90.00,-1504.00
152.00,336.00,9.00,1293.00,-898.00,5600.00,-199.00,-145.00,-1351.00
114.00,322.00,12.00,1147.00,-715.00,6355.00,136.00,-241.00,-1452.00
94.00,310.00,9.00,1008.00,-666.00,6350.00,295.00,-141.00,-1523.00
88.00,300.00,10.00,553.00,-636.00,5454.00,794.00,-64.00,-1289.00
78.00,288.00,8.00,476.00,-510.00,4709.00,999.00,-93.00,-1213.00
68.00,268.00,9.00,169.00,-234.00,3662.00,917.00,166.00,-1061.00
64.00,258.00,10.00,121.00,-60.00,3133.00,880.00,104.00,-842.00
62.00,244.00,11.00,121.00,-60.00,3133.00,880.00,104.00,-842.00
58.00,232.00,8.00,39.00,168.00,2814.00,739.00,-20.00,-549.00
60.00,224.00,10.00,101.00,317.00,2657.00,643.00,-38.00,-408.00
58.00,218.00,9.00,101.00,317.00,2657.00,643.00,-38.00,-408.00
58.00,214.00,7.00,89.00,468.00,2281.00,472.00,-4.00,-288.00
60.00,212.00,7.00,181.00,531.00,2191.00,297.00,35.00,-129.00
60.00,210.00,10.00,192.00,704.00,1908.00,40.00,165.00,-155.00
60.00,216.00,8.00,-70.00,488.00,1789.00,-282.00,123.00,21.00
58.00,220.00,8.00,-107.00,466.00,2126.00,-482.00,60.00,234.00
60.00,230.00,9.00,-10.00,371.00,2685.00,-637.00,7.00,410.00
62.00,240.00,10.00,29.00,392.00,3185.00,-771.00,123.00,429.00
64.00,256.00,7.00,-10.00,68.00,3602.00,-904.00,244.00,500.00
66.00,266.00,10.00,-111.00,-126.00,3793.00,-874.00,150.00,651.00
80.00,290.00,10.00,-272.00,-727.00,4413.00,-1109.00,423.00,607.00
88.00,306.00,8.00,-345.00,-797.00,4612.00,-1212.00,461.00,711.00
108.00,332.00,8.00,-355.00,-999.00,5044.00,-1059.00,332.00,946.00
116.00,342.00,9.00,-713.00,-1475.00,5191.00,-1133.00,443.00,929.00
134.00,352.00,10.00,-352.00,-1418.00,5872.00,-1141.00,333.00,1230.00
152.00,366.00,9.00,-510.00,-1275.00,6294.00,-841.00,179.00,1310.00
196.00,378.00,9.00,163.00,-1288.00,7904.00,-615.00,87.00,1657.00
216.00,376.00,7.00,356.00,-982.00,9087.00,-286.00,358.00,1505.00
238.00,364.00,10.00,791.00,-870.00,9353.00,365.00,338.00,1668.00
258.00,348.00,8.00,1217.00,-790.00,9570.00,978.00,30.00,1712.00
278.00,306.00,10.00,1185.00,-514.00,9484.00,1436.00,252.00,1266.00
282.00,292.00,10.00,741.00,-1152.00,8223.00,1919.00,267.00,1087.00
300.00,194.00,6.00,470.00,-1179.00,4095.00,2206.00,-148.00,720.00
300.00,160.00,9.00,413.00,-813.00,2830.00,2135.00,-157.00,575.00
302.00,124.00,6.00,453.00,-483.00,2134.00,1968.00,-199.00,497.00
302.00,104.00,6.00,274.00,408.00,977.00,1516.00,15.00,218.00
298.00,90.00,9.00,130.00,703.00,493.00,1176.00,63.00,304.00
300.00,86.00,6.00,304.00,1296.00,93.00,829.00,-40.00,305.00
300.00,80.00,7.00,311.00,1699.00,-88.00,606.00,2.00,187.00
298.00,76.00,7.00,436.00,1595.00,-229.00,384.00,34.00,156.00
298.00,76.00,7.00,548.00,1663.00,-498.00,117.00,-1.00,33.00
298.00,78.00,7.00,525.00,1490.00,-573.00,-185.00,39.00,-110.00
294.00,82.00,10.00,234.00,1574.00,-427.00,-560.00,149.00,-179.00
296.00,92.00,6.00,238.00,1503.00,92.00,-801.00,70.00,-151.00
296.00,104.00,6.00,225.00,1414.00,825.00,-980.00,22.00,-218.00
294.00,118.00,6.00,91.00,1370.00,1270.00,-1178.00,91.00,-378.00
0.00,0.00,0.00,-640.00,665.00,2729.00,-1494.00,-89.00,-571.00
294.00,178.00,10.00,-468.00,498.00,4033.00,-1716.00,-109.00,-97.00
292.00,190.00,9.00,-652.00,255.00,4487.00,-1805.00,6.00,-413.00
292.00,276.00,9.00,-590.00,-140.00,5588.00,-1701.00,53.00,-160.00
290.00,306.00,10.00,-304.00,-735.00,5687.00,-1550.00,-237.00,-322.00
0.00,0.00,0.00,-364.00,-413.00,6285.00,-1514.00,-144.00,-252.00
286.00,362.00,9.00,-144.00,-451.00,6471.00,-1446.00,-54.00,-228.00
278.00,386.00,10.00,678.00,453.00,8257.00,-609.00,-340.00,-497.00
272.00,390.00,9.00,145.00,-270.00,8966.00,54.00,-223.00,-845.00
266.00,390.00,11.00,145.00,-270.00,8966.00,54.00,-223.00,-845.00
260.00,384.00,9.00,-737.00,-1100.00,7917.00,898.00,-82.00,-573.00
254.00,372.00,9.00,-737.00,-1100.00,7917.00,898.00,-82.00,-573.00
252.00,354.00,10.00,-1288.00,-1482.00,6502.00,1157.00,55.00,-327.00
256.00,324.00,8.00,-1492.00,-1698.00,5145.00,1252.00,144.00,-49.00
258.00,318.00,10.00,-1426.00,-1798.00,4285.00,1365.00,95.00,194.00
268.00,292.00,9.00,-1494.00,-1885.00,3435.00,1154.00,206.00,318.00
278.00,278.00,10.00,-1310.00,-1909.00,2153.00,816.00,153.00,923.00
286.00,274.00,11.00,-568.00,-1319.00,2055.00,355.00,198.00,1002.00
302.00,266.00,12.00,-568.00,-1319.00,2055.00,355.00,198.00,1002.00
322.00,260.00,9.00,-420.00,-1150.00,2107.00,171.00,190.00,1082.00
0.00,0.00,0.00,-94.00,-987.00,2389.00,-31.00,139.00,1286.00
364.00,270.00,13.00,409.00,-556.00,2842.00,-326.00,-17.00,1405.00
370.00,278.00,7.00,646.00,-515.00,3417.00,-502.00,-28.00,1318.00
390.00,292.00,9.00,668.00,-642.00,3890.00,-426.00,-219.00,1409.00
394.00,300.00,10.00,648.00,-753.00,4085.00,-494.00,-155.00,1354.00
404.00,308.00,8.00,929.00,-736.00,4665.00,-408.00,-288.00,1617.00
420.00,326.00,8.00,1241.00,-818.00,5109.00,-399.00,-148.00,1503.00
422.00,332.00,7.00,1449.00,-556.00,5363.00,-337.00,-107.00,1567.00
426.00,334.00,8.00,1441.00,-454.00,5633.00,-167.00,70.00,1404.00
430.00,334.00,8.00,1914.00,-199.00,5967.00,147.00,141.00,1507.00
430.00,330.00,7.00,2230.00,84.00,6132.00,323.00,186.00,1327.00
430.00,320.00,7.00,2383.00,141.00,6300.00,512.00,351.00,877.00
432.00,314.00,8.00,2556.00,331.00,5422.00,908.00,125.00,741.00
428.00,304.00,10.00,2715.00,433.00,4765.00,1029.00,-60.00,586.00
434.00,296.00,8.00,2751.00,464.00,4182.00,961.00,53.00,79.00
434.00,284.00,10.00,2418.00,266.00,3261.00,881.00,78.00,-385.00
432.00,276.00,7.00,2081.00,-61.00,2362.00,735.00,-286.00,-823.00
428.00,270.00,7.00,1394.00,-376.00,2138.00,26.00,-102.00,-1247.00
426.00,266.00,7.00,1394.00,-376.00,2138.00,26.00,-102.00,-1247.00
424.00,264.00,6.00,1254.00,-486.00,2303.00,-100.00,-229.00,-1316.00
414.00,262.00,10.00,1077.00,-406.00,2960.00,-305.00,-264.00,-1378.00
404.00,264.00,9.00,840.00,-643.00,3464.00,-506.00,-150.00,-1526.00
364.00,278.00,9.00,271.00,-914.00,4072.00,-611.00,49.00,-1571.00
324.00,292.00,7.00,284.00,-992.00,4283.00,-697.00,-47.00,-1519.00
248.00,316.00,11.00,501.00,-1014.00,4977.00,-715.00,-245.00,-1389.00
182.00,332.00,10.00,768.00,-1207.00,5441.00,-567.00,-167.00,-1543.00
160.00,332.00,9.00,1340.00,-827.00,5630.00,-286.00,-560.00,-1291.00
0.00,0.00,0.00,1488.00,-741.00,6390.00,-308.00,-324.00,-1598.00
110.00,324.00,11.00,1243.00,-924.00,6609.00,-289.00,-12.00,-1793.00
98.00,314.00,13.00,988.00,-865.00,6810.00,132.00,-135.00,-1728.00
90.00,302.00,10.00,443.00,-948.00,6857.00,494.00,-33.00,-1768.00
76.00,282.00,8.00,44.00,-954.00,5974.00,832.00,68.00,-1318.00
74.00,272.00,9.00,76.00,-592.00,5464.00,1032.00,60.00,-1046.00
70.00,256.00,10.00,44.00,-360.00,4390.00,1166.00,85.00,-868.00
66.00,240.00,10.00,88.00,10.00,3599.00,1209.00,-24.00,-704.00
68.00,228.00,9.00,6.00,73.00,3075.00,1035.00,50.00,-659.00
68.00,218.00,7.00,-81.00,158.00,2475.00,833.00,148.00,-375.00
70.00,210.00,8.00,45.00,465.00,2134.00,750.00,95.00,-212.00
70.00,204.00,7.00,61.00,567.00,1697.00,538.00,-14.00,-119.00
72.00,202.00,7.00,98.00,626.00,1500.00,294.00,31.00,10.00
72.00,204.00,7.00,147.00,542.00,1404.00,94.00,86.00,70.00
70.00,208.00,10.00,204.00,538.00,1341.00,-180.00,120.00,142.00
74.00,214.00,10.00,64.00,216.00,1907.00,-681.00,-41.00,335.00
72.00,228.00,10.00,-92.00,-386.00,2865.00,-1082.00,286.00,416.00
78.00,254.00,10.00,-72.00,-427.00,3360.00,-1209.00,294.00,643.00
84.00,284.00,8.00,-50.00,-653.00,3951.00,-1277.00,317.00,690.00
104.00,322.00,8.00,-712.00,-1244.00,4681.00,-1531.00,555.00,675.00
114.00,332.00,10.00,-534.00,-1556.00,5255.00,-1379.00,343.00,1137.00
138.00,362.00,11.00,-630.00,-1611.00,5783.00,-1370.00,335.00,1064.00
150.00,366.00,10.00,-695.00,-1573.00,6231.00,-1479.00,404.00,1071.00
192.00,388.00,10.00,-142.00,-1116.00,8562.00,-717.00,253.00,1325.00
234.00,376.00,8.00,1200.00,-633.00,10252.00,609.00,130.00,1566.00
268.00,318.00,6.00,724.00,-1307.00,8416.00,1600.00,271.00,1241.00
0.00,0.00,0.00,601.00,-1292.00,7296.00,1936.00,177.00,1238.00
294.00,212.00,10.00,235.00,-1004.00,4378.00,2034.00,29.00,736.00
304.00,140.00,9.00,452.00,377.00,1568.00,1442.00,42.00,466.00
302.00,110.00,10.00,506.00,699.00,911.00,1175.00,-96.00,340.00
306.00,100.00,10.00,517.00,889.00,644.00,1019.00,-73.00,268.00
306.00,96.00,10.00,494.00,1118.00,220.00,645.00,111.00,154.00
302.00,92.00,7.00,530.00,1242.00,-190.00,311.00,88.00,113.00
302.00,94.00,7.00,446.00,1282.00,-294.00,29.00,37.00,-19.00
304.00,96.00,10.00,444.00,1155.00,-190.00,-295.00,51.00,-91.00
298.00,100.00,9.00,304.00,1438.00,269.00,-690.00,21.00,-193.00
0.00,0.00,0.00,-9.00,1368.00,1218.00,-998.00,-114.00,-297.00
296.00,128.00,6.00,-341.00,1221.00,2112.00,-1243.00,-68.00,-429.00
294.00,132.00,10.00,-424.00,966.00,2650.00,-1315.00,-103.00,-362.00
292.00,160.00,8.00,-502.00,1031.00,3336.00,-1423.00,-152.00,-226.00
294.00,182.00,10.00,-502.00,1031.00,3336.00,-1423.00,-152.00,-226.00
0.00,0.00,0.00,-689.00,-263.00,5439.00,-1385.00,-28.00,-230.00
290.00,358.00,7.00,46.00,78.00,6321.00,-1119.00,-126.00,-18.00
0.00,0.00,0.00,426.00,337.00,6797.00,-866.00,-124.00,-62.00
288.00,372.00,10.00,577.00,393.00,7144.00,-504.00,-141.00,-303.00
282.00,374.00,8.00,581.00,376.00,7318.00,-416.00,-188.00,-323.00
278.00,372.00,10.00,552.00,295.00,7784.00,-101.00,-252.00,-431.00
272.00,364.00,9.00,175.00,-91.00,7919.00,333.00,-235.00,-540.00
270.00,356.00,10.00,-233.00,-401.00,7688.00,619.00,-107.00,-477.00
266.00,334.00,9.00,-745.00,-924.00,6766.00,938.00,-36.00,-404.00
268.00,306.00,10.00,-1227.00,-1381.00,4355.00,1180.00,188.00,18.00
270.00,288.00,9.00,-1258.00,-1421.00,3627.00,1120.00,174.00,92.00
280.00,264.00,9.00,-1207.00,-1483.00,2735.00,1027.00,108.00,325.00
290.00,254.00,9.00,-1161.00,-1443.00,2040.00,815.00,102.00,441.00
300.00,250.00,10.00,-946.00,-1237.00,1614.00,472.00,88.00,698.00
306.00,246.00,10.00,-559.00,-1134.00,1710.00,114.00,75.00,878.00
318.00,248.00,10.00,-250.00,-855.00,1926.00,-100.00,41.00,1073.00
332.00,254.00,10.00,-250.00,-855.00,1926.00,-100.00,41.00,1073.00
344.00,260.00,10.00,40.00,-713.00,2218.00,-371.00,83.00,997.00
358.00,272.00,10.00,174.00,-968.00,3115.00,-606.00,-108.00,1087.00
376.00,294.00,7.00,588.00,-897.00,4173.00,-628.00,-178.00,1379.00
386.00,308.00,7.00,585.00,-1001.00,4290.00,-701.00,-64.00,1316.00
396.00,320.00,6.00,1330.00,-947.00,4997.00,-489.00,-383.00,1746.00
402.00,336.00,9.00,1581.00,-1013.00,5061.00,-440.00,-314.00,1721.00
410.00,346.00,8.00,1975.00,-867.00,5575.00,-408.00,-290.00,1681.00
412.00,350.00,7.00,2252.00,-675.00,5860.00,-315.00,-169.00,1634.00
414.00,352.00,7.00,2229.00,-472.00,5827.00,-147.00,178.00,1318.00
416.00,354.00,7.00,2086.00,-444.00,5790.00,58.00,108.00,1169.00
418.00,350.00,7.00,2259.00,-254.00,6110.00,258.00,79.00,1244.00
420.00,346.00,8.00,2524.00,-140.00,6695.00,464.00,132.00,1130.00
420.00,340.00,6.00,2755.00,10.00,7258.00,839.00,27.00,1034.00
422.00,318.00,6.00,3410.00,532.00,5938.00,1666.00,-96.00,511.00
424.00,302.00,7.00,3339.00,295.00,4387.00,1743.00,-324.00,-197.00
422.00,268.00,7.00,2487.00,-367.00,2459.00,1436.00,-304.00,-1103.00
420.00,252.00,7.00,1970.00,-535.00,1635.00,1163.00,-344.00,-1386.00
414.00,242.00,9.00,1418.00,-840.00,1322.00,647.00,-276.00,-1601.00
414.00,232.00,8.00,986.00,-920.00,1236.00,184.00,-141.00,-1522.00
406.00,222.00,9.00,986.00,-920.00,1236.00,184.00,-141.00,-1522.00
396.00,220.00,9.00,935.00,-696.00,1222.00,-20.00,-153.00,-1522.00
374.00,226.00,11.00,458.00,-681.00,2356.00,-797.00,-284.00,-1641.00
348.00,234.00,10.00,212.00,-786.00,3938.00,-1123.00,-162.00,-1655.00
296.00,272.00,7.00,474.00,-702.00,4707.00,-1013.00,-505.00,-1173.00
288.00,274.00,9.00,552.00,-892.00,5100.00,-1169.00,-242.00,-1469.00
170.00,332.00,9.00,1062.00,-1163.00,5651.00,-777.00,-199.00,-1487.00
106.00,340.00,10.00,1341.00,-770.00,6823.00,-464.00,-388.00,-1598.00
0.00,0.00,0.00,1365.00,-601.00,7340.00,-368.00,-222.00,-1747.00
74.00,326.00,9.00,1111.00,-643.00,7789.00,9.00,56.00,-2039.00
58.00,312.00,10.00,297.00,-1076.00,7416.00,503.00,321.00,-2127.00
52.00,290.00,10.00,-342.00,-1346.00,5592.00,1325.00,88.00,-1335.00
0.00,0.00,0.00,-363.00,-746.00,3538.00,1365.00,57.00,-880.00
46.00,244.00,9.00,-272.00,-8.00,2012.00,981.00,-90.00,-361.00
46.00,234.00,7.00,-272.00,-8.00,2012.00,981.00,-90.00,-361.00
48.00,224.00,8.00,-215.00,96.00,1604.00,724.00,-128.00,-242.00
50.00,220.00,8.00,-215.00,96.00,1604.00,724.00,-128.00,-242.00
52.00,216.00,6.00,-99.00,135.00,1367.00,362.00,-101.00,88.00
54.00,216.00,8.00,40.00,219.00,1310.00,116.00,56.00,172.00
54.00,222.00,9.00,86.00,264.00,1129.00,-363.00,43.00,331.00
52.00,230.00,10.00,-61.00,-155.00,1634.00,-763.00,20.00,440.00
56.00,240.00,9.00,-128.00,-384.00,2140.00,-908.00,-30.00,632.00
58.00,260.00,9.00,-76.00,-885.00,3096.00,-1075.00,99.00,794.00
72.00,300.00,9.00,-250.00,-1185.00,3716.00,-1422.00,367.00,1056.00
76.00,314.00,8.00,-69.00,-1763.00,4718.00,-1304.00,70.00,1330.00
100.00,344.00,9.00,-173.00,-1646.00,5164.00,-1535.00,551.00,1224.00
142.00,384.00,9.00,-114.00,-2419.00,6550.00,-1351.00,256.00,1579.00
182.00,400.00,10.00,405.00,-1898.00,8005.00,-920.00,61.00,1854.00
230.00,402.00,9.00,1641.00,-1381.00,9891.00,202.00,90.00,1733.00
250.00,390.00,8.00,2032.00,-1254.00,9488.00,1292.00,389.00,1380.00
276.00,354.00,7.00,2032.00,-1254.00,9488.00,1292.00,389.00,1380.00
288.00,326.00,10.00,1595.00,-1676.00,8497.00,1858.00,138.00,1161.00
310.00,110.00,10.00,592.00,340.00,676.00,1512.00,-120.00,367.00
310.00,100.00,9.00,597.00,888.00,131.00,1115.00,-135.00,211.00
306.00,96.00,7.00,480.00,1028.00,-139.00,782.00,-56.00,144.00
304.00,88.00,7.00,511.00,1191.00,-424.00,435.00,-14.00,187.00
302.00,88.00,8.00,492.00,1430.00,-571.00,206.00,-22.00,84.00
302.00,88.00,7.00,423.00,1319.00,-572.00,-103.00,14.00,-170.00
300.00,92.00,8.00,174.00,1276.00,-438.00,-498.00,98.00,-262.00
296.00,98.00,8.00,73.00,1354.00,-153.00,-787.00,52.00,-247.00
298.00,110.00,10.00,24.00,1381.00,377.00,-986.00,20.00,-292.00
290.00,142.00,9.00,-123.00,1111.00,2004.00,-1382.00,-48.00,-364.00
292.00,164.00,8.00,-368.00,870.00,2925.00,-1548.00,-182.00,-403.00
290.00,188.00,10.00,-326.00,472.00,4270.00,-1739.00,3.00,-393.00
286.00,272.00,9.00,-475.00,-429.00,5409.00,-1814.00,37.00,-190.00
284.00,312.00,10.00,-109.00,-475.00,5746.00,-1547.00,-36.00,-315.00
280.00,338.00,9.00,-215.00,-678.00,5830.00,-1405.00,75.00,-416.00
274.00,398.00,10.00,685.00,507.00,7229.00,-1155.00,-262.00,-368.00
266.00,402.00,10.00,476.00,101.00,9811.00,-466.00,-138.00,-969.00
258.00,402.00,10.00,-562.00,-884.00,9285.00,449.00,27.00,-973.00
250.00,392.00,9.00,-562.00,-884.00,9285.00,449.00,27.00,-973.00
244.00,376.00,10.00,-1230.00,-1543.00,7495.00,1107.00,5.00,-572.00
240.00,358.00,9.00,-1296.00,-1894.00,5299.00,1408.00,61.00,-116.00
240.00,348.00,9.00,-1373.00,-2046.00,4022.00,1346.00,168.00,20.00
244.00,318.00,9.00,-1427.00,-2185.00,2710.00,1214.00,61.00,397.00
248.00,310.00,9.00,-1433.00,-2253.00,2325.00,1026.00,66.00,508.00
262.00,290.00,10.00,-1433.00,-2253.00,2325.00,1026.00,66.00,508.00
268.00,284.00,10.00,-1303.00,-2176.00,1962.00,773.00,78.00,753.00
280.00,276.00,9.00,-917.00,-1987.00,1852.00,429.00,152.00,1008.00
314.00,274.00,9.00,-246.00,-1561.00,2265.00,40.00,60.00,1373.00
332.00,278.00,10.00,233.00,-1118.00,2661.00,-182.00,67.00,1510.00
346.00,286.00,10.00,314.00,-1144.00,2865.00,-282.00,15.00,1447.00
370.00,298.00,8.00,901.00,-999.00,3632.00,-400.00,-51.00,1626.00
376.00,302.00,7.00,1218.00,-739.00,4014.00,-437.00,64.00,1564.00
396.00,324.00,9.00,1027.00,-941.00,4153.00,-531.00,-129.00,1500.00
404.00,334.00,10.00,1286.00,-877.00,4352.00,-388.00,-306.00,1616.00
408.00,342.00,8.00,1456.00,-871.00,4780.00,-461.00,-205.00,1642.00
414.00,348.00,8.00,1678.00,-678.00,5816.00,-339.00,-104.00,1508.00
416.00,356.00,7.00,1678.00,-678.00,5816.00,-339.00,-104.00,1508.00
416.00,356.00,7.00,2013.00,-455.00,7101.00,-181.00,78.00,1628.00
418.00,354.00,7.00,2273.00,-335.00,7318.00,-65.00,193.00,1666.00
420.00,346.00,6.00,2940.00,312.00,7436.00,542.00,138.00,1609.00
420.00,336.00,10.00,3742.00,908.00,6556.00,1094.00,148.00,727.00
428.00,300.00,9.00,2490.00,-200.00,2787.00,1113.00,-27.00,-803.00
426.00,292.00,6.00,2104.00,-523.00,2321.00,875.00,-45.00,-1033.00
422.00,278.00,7.00,1935.00,-717.00,2213.00,687.00,-36.00,-1151.00
418.00,272.00,8.00,1702.00,-954.00,2064.00,443.00,-30.00,-1313.00
412.00,272.00,10.00,1233.00,-1198.00,2473.00,-92.00,-64.00,-1555.00
408.00,268.00,6.00,1224.00,-1097.00,2724.00,-201.00,-137.00,-1528.00
388.00,268.00,10.00,1087.00,-1117.00,3179.00,-368.00,-207.00,-1734.00
234.00,312.00,7.00,87.00,-1432.00,5104.00,-605.00,-311.00,-1880.00
204.00,318.00,9.00,-90.00,-1622.00,5345.00,-561.00,-291.00,-1835.00
104.00,328.00,10.00,477.00,-865.00,6278.00,-200.00,-409.00,-1574.00
88.00,322.00,10.00,588.00,-676.00,6926.00,19.00,-314.00,-1647.00
74.00,310.00,8.00,544.00,-388.00,7134.00,310.00,-166.00,-1792.00
68.00,302.00,9.00,273.00,-577.00,7066.00,535.00,10.00,-1949.00
50.00,254.00,11.00,-476.00,-643.00,4570.00,1381.00,-251.00,-1407.00
50.00,240.00,7.00,-677.00,-444.00,3384.00,1150.00,111.00,-992.00
50.00,230.00,7.00,-655.00,-236.00,2667.00,1093.00,28.00,-736.00
52.00,222.00,7.00,-639.00,60.00,2064.00,991.00,-332.00,-518.00
52.00,216.00,7.00,-447.00,257.00,1767.00,511.00,-56.00,-32.00
54.00,214.00,7.00,-399.00,311.00,1325.00,244.00,108.00,35.00
56.00,214.00,7.00,-339.00,251.00,1010.00,100.00,29.00,148.00
56.00,218.00,8.00,-90.00,323.00,1150.00,-128.00,-92.00,337.00
58.00,224.00,9.00,-138.00,221.00,1354.00,-486.00,118.00,336.00
78.00,304.00,9.00,116.00,-1265.00,4756.00,-1386.00,47.00,1593.00
92.00,326.00,9.00,317.00,-1696.00,5518.00,-1451.00,354.00,1554.00
268.00,378.00,7.00,2743.00,-1229.00,10109.00,467.00,398.00,1591.00
0.00,0.00,0.00,2386.00,-1216.00,9683.00,1052.00,597.00,1379.00
314.00,174.00,10.00,407.00,-930.00,3702.00,2438.00,34.00,576.00
312.00,110.00,9.00,188.00,-179.00,761.00,1723.00,-10.00,285.00
310.00,104.00,7.00,299.00,328.00,-11.00,1264.00,-64.00,264.00
306.00,94.00,6.00,325.00,726.00,-421.00,904.00,-120.00,197.00
306.00,92.00,6.00,403.00,1139.00,-616.00,532.00,-76.00,248.00
304.00,94.00,6.00,365.00,1418.00,-792.00,145.00,103.00,50.00
304.00,94.00,6.00,302.00,1303.00,-867.00,-89.00,70.00,15.00
304.00,104.00,7.00,199.00,1550.00,-104.00,-873.00,45.00,-151.00
304.00,110.00,9.00,145.00,1394.00,611.00,-1198.00,18.00,-318.00
300.00,210.00,9.00,-478.00,511.00,4295.00,-1830.00,-118.00,-167.00
292.00,342.00,9.00,-258.00,-467.00,6268.00,-1606.00,15.00,-140.00
290.00,376.00,10.00,19.00,-26.00,6508.00,-1228.00,-185.00,-155.00
288.00,386.00,9.00,243.00,347.00,7118.00,-1072.00,-82.00,-230.00
284.00,392.00,10.00,627.00,787.00,7963.00,-720.00,-286.00,-242.00
278.00,390.00,10.00,662.00,647.00,9219.00,-469.00,-310.00,-553.00
272.00,384.00,10.00,199.00,-189.00,9593.00,165.00,-135.00,-1091.00
266.00,364.00,9.00,-811.00,-1414.00,8105.00,953.00,200.00,-913.00
266.00,356.00,10.00,-1071.00,-1877.00,6121.00,1480.00,94.00,-209.00
268.00,314.00,9.00,-918.00,-1810.00,3926.00,1486.00,130.00,124.00
272.00,296.00,10.00,-1016.00,-1858.00,2821.00,1170.00,312.00,284.00
278.00,282.00,8.00,-1018.00,-1916.00,1951.00,912.00,291.00,497.00
292.00,266.00,10.00,-943.00,-1849.00,1604.00,753.00,138.00,614.00
304.00,264.00,10.00,-851.00,-1638.00,1513.00,502.00,80.00,898.00
316.00,262.00,10.00,-496.00,-1410.00,1528.00,115.00,163.00,958.00
326.00,264.00,10.00,184.00,-807.00,2291.00,-180.00,45.00,1153.00
336.00,268.00,10.00,172.00,-789.00,2542.00,-379.00,30.00,1109.00
352.00,284.00,10.00,501.00,-703.00,3237.00,-502.00,-64.00,1272.00
360.00,292.00,10.00,676.00,-438.00,3634.00,-591.00,-91.00,1264.00
370.00,302.00,10.00,713.00,-578.00,3963.00,-660.00,-158.00,1183.00
384.00,320.00,7.00,820.00,-642.00,4319.00,-605.00,-247.00,1308.00
398.00,342.00,7.00,1405.00,-626.00,5360.00,-392.00,-251.00,1451.00
402.00,350.00,8.00,1275.00,-729.00,5419.00,-238.00,-265.00,1392.00
406.00,354.00,7.00,1546.00,-631.00,5782.00,-71.00,-223.00,1574.00
410.00,352.00,7.00,1722.00,-666.00,6231.00,26.00,79.00,1492.00
414.00,352.00,7.00,1786.00,-545.00,6482.00,160.00,102.00,1545.00
416.00,348.00,8.00,2122.00,-342.00,6946.00,567.00,75.00,1649.00
418.00,334.00,6.00,2828.00,412.00,5891.00,1337.00,-15.00,1146.00
420.00,330.00,6.00,2921.00,447.00,5013.00,1398.00,147.00,807.00
422.00,318.00,6.00,2730.00,438.00,3558.00,1403.00,70.00,352.00
422.00,296.00,6.00,2730.00,438.00,3558.00,1403.00,70.00,352.00
424.00,288.00,8.00,2409.00,177.00,2571.00,1241.00,-67.00,-164.00
426.00,278.00,10.00,2021.00,44.00,1709.00,846.00,11.00,-574.00
424.00,272.00,7.00,1888.00,-70.00,1258.00,692.00,-115.00,-673.00
422.00,266.00,7.00,1642.00,-255.00,1401.00,278.00,-65.00,-939.00
0.00,0.00,0.00,1486.00,-513.00,1530.00,20.00,-91.00,-1105.00
416.00,266.00,7.00,1233.00,-440.00,1791.00,-322.00,-32.00,-1208.00
410.00,266.00,9.00,1032.00,-522.00,2527.00,-654.00,-126.00,-1413.00
402.00,272.00,9.00,1046.00,-671.00,3004.00,-676.00,-232.00,-1398.00
390.00,284.00,7.00,1092.00,-674.00,3532.00,-780.00,-127.00,-1439.00
376.00,292.00,6.00,884.00,-855.00,3990.00,-910.00,-42.00,-1613.00
190.00,350.00,7.00,814.00,-1442.00,5350.00,-546.00,-104.00,-1843.00
154.00,350.00,9.00,958.00,-1527.00,5773.00,-403.00,-139.00,-1703.00
94.00,320.00,8.00,607.00,-1150.00,7391.00,744.00,-254.00,-2037.00
90.00,314.00,8.00,285.00,-1198.00,6940.00,1028.00,-130.00,-1798.00
74.00,286.00,7.00,-57.00,-1406.00,5627.00,1285.00,35.00,-1506.00
66.00,258.00,8.00,-222.00,-694.00,3409.00,1330.00,-33.00,-971.00
64.00,242.00,10.00,-338.00,-474.00,2661.00,1249.00,-132.00,-832.00
62.00,230.00,10.00,-229.00,-26.00,1967.00,978.00,-286.00,-519.00
64.00,222.00,7.00,-272.00,98.00,1560.00,652.00,-165.00,-423.00
64.00,218.00,8.00,-329.00,202.00,1364.00,441.00,-73.00,-240.00
64.00,216.00,6.00,-266.00,325.00,1058.00,97.00,38.00,-118.00
62.00,220.00,6.00,-301.00,196.00,933.00,-171.00,-71.00,54.00
66.00,226.00,10.00,-256.00,227.00,1310.00,-476.00,-51.00,230.00
64.00,236.00,9.00,-204.00,102.00,1596.00,-687.00,67.00,245.00
64.00,246.00,9.00,-234.00,-263.00,2105.00,-949.00,80.00,433.00
64.00,268.00,7.00,-181.00,-532.00,2815.00,-1112.00,79.00,655.00
0.00,0.00,0.00,-115.00,-841.00,3688.00,-1260.00,206.00,753.00
0.00,0.00,0.00,-145.00,-938.00,4042.00,-1439.00,427.00,815.00
88.00,326.00,11.00,16.00,-1183.00,4436.00,-1438.00,326.00,1059.00
94.00,340.00,8.00,19.00,-1517.00,5159.00,-1351.00,157.00,1231.00
112.00,360.00,9.00,91.00,-1731.00,6210.00,-1538.00,532.00,1310.00
130.00,380.00,10.00,-155.00,-2000.00,6660.00,-1197.00,280.00,1449.00
232.00,390.00,9.00,1471.00,-1002.00,9544.00,283.00,109.00,1802.00
242.00,384.00,8.00,1802.00,-1087.00,9734.00,888.00,260.00,1664.00
266.00,346.00,6.00,2082.00,-1072.00,9322.00,1291.00,271.00,1613.00
284.00,284.00,9.00,1488.00,-1435.00,7460.00,2200.00,-36.00,912.00
286.00,270.00,10.00,880.00,-1801.00,6151.00,2332.00,53.00,806.00
292.00,132.00,6.00,417.00,-720.00,2738.00,2048.00,-73.00,413.00
292.00,94.00,10.00,535.00,478.00,574.00,1376.00,-75.00,113.00
288.00,88.00,8.00,422.00,772.00,-118.00,1013.00,50.00,-17.00
286.00,84.00,8.00,359.00,1008.00,-600.00,628.00,100.00,47.00
286.00,84.00,7.00,287.00,1265.00,-929.00,161.00,67.00,44.00
284.00,84.00,7.00,40.00,1213.00,-950.00,-329.00,121.00,-160.00
286.00,88.00,10.00,-88.00,1208.00,-640.00,-686.00,102.00,-133.00
274.00,148.00,9.00,-125.00,531.00,4096.00,-1835.00,-169.00,-260.00
272.00,294.00,9.00,-323.00,-385.00,5996.00,-1711.00,-181.00,-253.00
270.00,354.00,9.00,230.00,373.00,6896.00,-1229.00,-50.00,-103.00
270.00,370.00,10.00,720.00,843.00,8425.00,-777.00,-130.00,-289.00
264.00,382.00,10.00,860.00,826.00,9146.00,-311.00,-216.00,-651.00
256.00,384.00,10.00,541.00,356.00,9094.00,-63.00,-67.00,-905.00
254.00,380.00,7.00,541.00,356.00,9094.00,-63.00,-67.00,-905.00
246.00,366.00,10.00,-13.00,-418.00,8289.00,512.00,-12.00,-903.00
240.00,336.00,9.00,-787.00,-1376.00,7196.00,1173.00,-92.00,-709.00
238.00,328.00,9.00,-1160.00,-2019.00,5729.00,1427.00,188.00,-207.00
240.00,306.00,10.00,-1206.00,-2145.00,4530.00,1434.00,246.00,0.00
246.00,276.00,10.00,-1123.00,-2126.00,3222.00,1369.00,219.00,313.00
250.00,264.00,14.00,-725.00,-1786.00,1411.00,990.00,149.00,677.00
264.00,250.00,10.00,-577.00,-1667.00,1084.00,688.00,141.00,714.00
272.00,250.00,12.00,-323.00,-1351.00,1068.00,340.00,25.00,905.00
280.00,248.00,9.00,93.00,-966.00,1469.00,-24.00,85.00,936.00
308.00,264.00,9.00,343.00,-694.00,2476.00,-376.00,-90.00,933.00
314.00,268.00,9.00,470.00,-673.00,3120.00,-526.00,-195.00,1104.00
332.00,290.00,8.00,843.00,-528.00,3669.00,-596.00,-207.00,1204.00
336.00,294.00,10.00,980.00,-445.00,4033.00,-623.00,-279.00,1166.00
344.00,308.00,8.00,904.00,-470.00,4347.00,-615.00,-291.00,1184.00
352.00,320.00,8.00,1114.00,-510.00,4725.00,-606.00,-318.00,1293.00
362.00,334.00,10.00,1512.00,-183.00,5266.00,-471.00,-186.00,1248.00
372.00,346.00,9.00,1797.00,-224.00,5876.00,-205.00,-98.00,1249.00
376.00,354.00,8.00,1797.00,-224.00,5876.00,-205.00,-98.00,1249.00
380.00,356.00,8.00,1873.00,-292.00,6018.00,-45.00,-79.00,1196.00
386.00,358.00,8.00,2567.00,131.00,6704.00,218.00,24.00,1303.00
390.00,358.00,7.00,2567.00,131.00,6704.00,218.00,24.00,1303.00
396.00,350.00,10.00,2779.00,192.00,7140.00,422.00,128.00,1085.00
404.00,338.00,10.00,2862.00,-18.00,7846.00,832.00,7.00,866.00
408.00,294.00,6.00,2769.00,332.00,4610.00,1777.00,151.00,285.00
400.00,240.00,6.00,1725.00,-261.00,710.00,584.00,115.00,-861.00
398.00,236.00,7.00,1569.00,-233.00,647.00,253.00,-44.00,-925.00
388.00,230.00,6.00,1398.00,-313.00,988.00,-148.00,-87.00,-1186.00
382.00,232.00,10.00,1289.00,-392.00,1552.00,-444.00,-146.00,-1315.00
372.00,234.00,10.00,1314.00,-380.00,2140.00,-627.00,-142.00,-1342.00
364.00,236.00,9.00,1069.00,-609.00,2765.00,-788.00,-92.00,-1488.00
258.00,300.00,10.00,220.00,-994.00,4940.00,-971.00,-273.00,-1590.00
234.00,310.00,9.00,345.00,-959.00,5124.00,-910.00,-303.00,-1430.00
186.00,332.00,7.00,829.00,-1046.00,5355.00,-819.00,-253.00,-1623.00
122.00,342.00,9.00,1290.00,-505.00,7812.00,-276.00,-397.00,-1838.00
92.00,326.00,9.00,1257.00,-607.00,8462.00,-5.00,-445.00,-1900.00
72.00,292.00,9.00,-207.00,-1227.00,6203.00,1333.00,90.00,-1423.00
60.00,256.00,7.00,-410.00,-916.00,3639.00,1548.00,-30.00,-1009.00
62.00,224.00,10.00,-556.00,-203.00,1737.00,1145.00,-210.00,-533.00
62.00,216.00,8.00,-533.00,-43.00,1356.00,902.00,-104.00,-386.00
62.00,208.00,7.00,-389.00,201.00,760.00,558.00,-39.00,-208.00
62.00,206.00,6.00,-469.00,203.00,299.00,179.00,-98.00,-134.00
62.00,210.00,8.00,-356.00,-7.00,478.00,-395.00,-154.00,235.00
62.00,216.00,10.00,-404.00,-236.00,779.00,-705.00,-124.00,317.00
0.00,0.00,0.00,-404.00,-236.00,779.00,-705.00,-124.00,317.00
62.00,286.00,9.00,-8.00,-1097.00,3575.00,-1389.00,104.00,888.00
0.00,0.00,0.00,248.00,-1604.00,5477.00,-1633.00,506.00,1209.00
98.00,362.00,7.00,143.00,-2088.00,5968.00,-1648.00,497.00,1233.00
106.00,370.00,9.00,312.00,-2020.00,6591.00,-1466.00,321.00,1575.00
154.00,402.00,10.00,934.00,-1879.00,7755.00,-1143.00,196.00,1817.00
178.00,412.00,10.00,1470.00,-1175.00,8374.00,-617.00,112.00,1815.00
212.00,408.00,9.00,1794.00,-1136.00,9131.00,-166.00,1.00,1725.00
222.00,406.00,9.00,2374.00,-810.00,10190.00,371.00,230.00,1586.00
240.00,392.00,10.00,2362.00,-896.00,10142.00,761.00,423.00,1385.00
260.00,352.00,10.00,2171.00,-1524.00,8364.00,2089.00,190.00,1040.00
282.00,198.00,9.00,680.00,-1494.00,3824.00,2336.00,201.00,701.00
288.00,126.00,6.00,59.00,-136.00,774.00,1462.00,25.00,368.00
288.00,104.00,7.00,242.00,699.00,348.00,1002.00,-61.00,388.00
286.00,98.00,10.00,195.00,1209.00,259.00,791.00,-50.00,304.00
286.00,92.00,10.00,126.00,1815.00,405.00,442.00,-10.00,126.00
288.00,90.00,7.00,168.00,1870.00,545.00,268.00,-97.00,138.00
288.00,86.00,8.00,201.00,2115.00,648.00,124.00,-98.00,150.00
290.00,86.00,7.00,258.00,2310.00,711.00,-82.00,-115.00,-13.00
288.00,84.00,6.00,230.00,1790.00,867.00,-281.00,-60.00,-60.00
290.00,90.00,10.00,243.00,1736.00,930.00,-486.00,-6.00,-151.00
288.00,96.00,10.00,329.00,1646.00,1006.00,-671.00,47.00,-169.00
0.00,0.00,0.00,147.00,1245.00,1347.00,-993.00,38.00,-351.00
276.00,192.00,10.00,-388.00,774.00,4234.00,-1452.00,-169.00,-272.00
272.00,294.00,10.00,-277.00,-328.00,5140.00,-1444.00,-19.00,-188.00
0.00,0.00,0.00,-527.00,-138.00,5009.00,-1458.00,6.00,-196.00
272.00,326.00,8.00,-220.00,-313.00,5347.00,-1364.00,-189.00,-90.00
266.00,376.00,10.00,-27.00,412.00,7420.00,-801.00,-102.00,-149.00
264.00,380.00,8.00,281.00,676.00,8532.00,-333.00,-122.00,-452.00
260.00,376.00,10.00,-30.00,50.00,8416.00,189.00,-141.00,-604.00
254.00,366.00,9.00,-648.00,-715.00,7649.00,696.00,-119.00,-523.00
254.00,334.00,10.00,-716.00,-1283.00,5385.00,1103.00,72.00,-58.00
254.00,318.00,9.00,-904.00,-1509.00,4214.00,1151.00,94.00,103.00
258.00,308.00,11.00,-863.00,-1647.00,2717.00,946.00,93.00,402.00
266.00,288.00,8.00,-771.00,-1586.00,2162.00,722.00,72.00,564.00
0.00,0.00,0.00,-566.00,-1391.00,1850.00,495.00,65.00,758.00
284.00,274.00,9.00,-377.00,-1118.00,1772.00,194.00,76.00,835.00
294.00,272.00,10.00,-377.00,-1118.00,1772.00,194.00,76.00,835.00
306.00,274.00,8.00,-175.00,-1046.00,2134.00,-97.00,-9.00,897.00
312.00,274.00,10.00,175.00,-778.00,2941.00,-259.00,-114.00,1061.00
332.00,288.00,8.00,404.00,-661.00,3366.00,-353.00,-137.00,1145.00
336.00,290.00,9.00,490.00,-771.00,3567.00,-335.00,-281.00,1269.00
354.00,306.00,9.00,842.00,-647.00,3958.00,-395.00,-332.00,1370.00
362.00,312.00,12.00,1032.00,-521.00,4205.00,-399.00,-298.00,1364.00
370.00,326.00,10.00,1250.00,-417.00,4496.00,-411.00,-202.00,1306.00
378.00,330.00,10.00,1144.00,-619.00,4443.00,-388.00,-123.00,1173.00
386.00,340.00,8.00,1379.00,-482.00,4615.00,-336.00,-173.00,1335.00
392.00,346.00,10.00,1494.00,-460.00,4718.00,-317.00,-66.00,1129.00
396.00,352.00,8.00,1494.00,-460.00,4718.00,-317.00,-66.00,1129.00
400.00,356.00,8.00,1385.00,-574.00,4784.00,-187.00,-134.00,1193.00
402.00,360.00,9.00,1573.00,-410.00,4991.00,-128.00,-106.00,1201.00
408.00,360.00,8.00,1937.00,-171.00,6567.00,-3.00,47.00,1170.00
410.00,358.00,7.00,2212.00,210.00,7746.00,419.00,182.00,1115.00
416.00,350.00,9.00,2417.00,365.00,7602.00,775.00,188.00,1081.00
420.00,326.00,6.00,2598.00,227.00,5848.00,1543.00,23.00,631.00
424.00,298.00,6.00,2507.00,87.00,4006.00,1680.00,60.00,293.00
424.00,282.00,6.00,2366.00,12.00,2894.00,1600.00,34.00,-35.00
0.00,0.00,0.00,2063.00,-193.00,1802.00,1303.00,-35.00,-498.00
422.00,266.00,7.00,1850.00,-383.00,1219.00,965.00,-88.00,-765.00
418.00,254.00,8.00,1666.00,-412.00,980.00,482.00,-31.00,-857.00
414.00,248.00,7.00,1351.00,-375.00,996.00,-47.00,-46.00,-1118.00
408.00,248.00,8.00,1183.00,-317.00,1245.00,-256.00,-140.00,-1187.00
400.00,250.00,9.00,981.00,-227.00,1896.00,-515.00,-264.00,-1262.00
396.00,252.00,6.00,963.00,-298.00,2766.00,-745.00,-281.00,-1363.00
378.00,264.00,7.00,747.00,-388.00,3452.00,-932.00,-237.00,-1410.00
372.00,268.00,8.00,706.00,-417.00,3993.00,-959.00,-371.00,-1296.00
346.00,288.00,8.00,794.00,-504.00,4487.00,-950.00,-410.00,-1254.00
338.00,292.00,9.00,721.00,-636.00,4902.00,-1015.00,-239.00,-1306.00
300.00,312.00,10.00,695.00,-634.00,4992.00,-872.00,-260.00,-1127.00
250.00,334.00,9.00,1130.00,-566.00,5246.00,-718.00,-226.00,-1207.00
0.00,0.00,0.00,1703.00,-460.00,5735.00,-479.00,-244.00,-1361.00
176.00,336.00,10.00,1912.00,-92.00,6203.00,-186.00,-618.00,-1316.00
144.00,328.00,11.00,1995.00,74.00,7155.00,147.00,-757.00,-1422.00
136.00,320.00,9.00,1852.00,-93.00,7763.00,323.00,-397.00,-1536.00
112.00,298.00,8.00,1327.00,-216.00,6839.00,635.00,-3.00,-1544.00
108.00,288.00,10.00,1189.00,-195.00,6123.00,839.00,-153.00,-1444.00
98.00,270.00,9.00,1160.00,-84.00,5308.00,1062.00,-261.00,-1436.00
88.00,252.00,8.00,715.00,-228.00,4240.00,1033.00,-147.00,-1339.00
82.00,236.00,8.00,468.00,-136.00,3363.00,1062.00,-288.00,-1093.00
80.00,220.00,9.00,265.00,0.00,2973.00,996.00,-378.00,-929.00
80.00,210.00,9.00,-49.00,249.00,2276.00,764.00,-403.00,-524.00
78.00,204.00,7.00,76.00,561.00,1895.00,469.00,-309.00,-414.00
76.00,200.00,8.00,102.00,622.00,1640.00,224.00,-185.00,-304.00
76.00,198.00,7.00,-155.00,555.00,1529.00,-119.00,-58.00,240.00
76.00,198.00,10.00,150.00,557.00,1458.00,-190.00,-28.00,364.00
76.00,204.00,8.00,137.00,667.00,1422.00,-282.00,-13.00,415.00
76.00,212.00,10.00,309.00,379.00,1808.00,-590.00,-29.00,406.00
76.00,222.00,10.00,350.00,-161.00,2617.00,-743.00,-72.00,587.00
76.00,234.00,9.00,404.00,-219.00,2894.00,-776.00,-10.00,708.00
104.00,324.00,10.00,993.00,-549.00,4615.00,-1140.00,464.00,1145.00
114.00,334.00,10.00,1149.00,-841.00,5157.00,-1202.00,609.00,1101.00
130.00,354.00,8.00,1385.00,-1077.00,5562.00,-1183.00,592.00,1137.00
148.00,372.00,9.00,1606.00,-752.00,6256.00,-1026.00,488.00,1234.00
176.00,394.00,10.00,1424.00,-1428.00,6437.00,-800.00,424.00,1279.00
196.00,398.00,10.00,1738.00,-780.00,6679.00,-534.00,406.00,1308.00
216.00,404.00,10.00,1547.00,-919.00,6774.00,-239.00,332.00,1249.00
242.00,400.00,10.00,2363.00,259.00,7693.00,218.00,446.00,941.00
286.00,272.00,9.00,1163.00,-646.00,6712.00,2363.00,107.00,387.00
292.00,226.00,7.00,664.00,-488.00,4469.00,2266.00,-114.00,357.00
294.00,110.00,6.00,99.00,759.00,928.00,1015.00,54.00,147.00
296.00,94.00,10.00,-50.00,988.00,414.00,743.00,93.00,250.00
0.00,0.00,0.00,371.00,1483.00,-126.00,470.00,-101.00,209.00
296.00,86.00,6.00,296.00,1605.00,-370.00,210.00,-200.00,180.00
296.00,82.00,8.00,406.00,1599.00,-569.00,-162.00,-224.00,341.00
298.00,80.00,7.00,394.00,1913.00,-779.00,-626.00,-308.00,-161.00
298.00,84.00,8.00,241.00,1766.00,-565.00,-1383.00,-1349.00,-320.00
