62.00,346.00,9.00,3593.00,1974.00,480.00,-121.00,126.00,157.00
60.00,348.00,9.00,3566.00,1926.00,477.00,-170.00,158.00,114.00
60.00,352.00,9.00,3428.00,1870.00,591.00,-192.00,234.00,116.00
60.00,356.00,9.00,3238.00,1735.00,561.00,-258.00,222.00,149.00
60.00,362.00,10.00,3393.00,1745.00,889.00,-246.00,173.00,283.00
60.00,366.00,10.00,3520.00,1651.00,1140.00,-224.00,189.00,344.00
62.00,374.00,10.00,3532.00,1706.00,1198.00,-242.00,229.00,400.00
64.00,380.00,11.00,3738.00,1691.00,1284.00,-184.00,220.00,386.00
66.00,390.00,10.00,3707.00,1615.00,1495.00,-192.00,273.00,523.00
68.00,396.00,10.00,3950.00,1685.00,1568.00,-127.00,293.00,601.00
74.00,408.00,10.00,4052.00,1559.00,1622.00,-62.00,264.00,592.00
78.00,416.00,10.00,4188.00,1579.00,1790.00,-42.00,295.00,629.00
84.00,424.00,11.00,4256.00,1518.00,2022.00,0.00,324.00,614.00
92.00,432.00,10.00,4355.00,1387.00,1893.00,142.00,298.00,644.00
100.00,438.00,10.00,4550.00,1351.00,2268.00,203.00,263.00,740.00
106.00,442.00,11.00,4781.00,1408.00,2080.00,238.00,325.00,695.00
112.00,444.00,10.00,4815.00,1325.00,2039.00,300.00,281.00,595.00
124.00,448.00,11.00,4961.00,1284.00,1915.00,465.00,249.00,698.00
132.00,448.00,11.00,5246.00,1364.00,1983.00,506.00,217.00,631.00
142.00,446.00,11.00,5559.00,1333.00,2141.00,492.00,306.00,583.00
146.00,442.00,10.00,5767.00,1328.00,1985.00,653.00,222.00,444.00
154.00,432.00,11.00,6127.00,1426.00,2024.00,667.00,217.00,234.00
160.00,424.00,10.00,6121.00,1299.00,2156.00,810.00,115.00,-27.00
168.00,400.00,10.00,6216.00,1366.00,2429.00,897.00,47.00,-336.00
170.00,392.00,9.00,5935.00,1244.00,2454.00,1036.00,-77.00,-500.00
176.00,370.00,9.00,5819.00,1268.00,2708.00,1122.00,-176.00,-613.00
182.00,346.00,11.00,5705.00,1376.00,2769.00,1275.00,-281.00,-836.00
186.00,322.00,10.00,5092.00,1266.00,2445.00,1330.00,-253.00,-926.00
198.00,282.00,10.00,4968.00,1449.00,2209.00,1430.00,-379.00,-1012.00
200.00,270.00,9.00,4410.00,1246.00,1814.00,1363.00,-366.00,-1237.00
210.00,234.00,9.00,4062.00,1528.00,1591.00,1402.00,-427.00,-1262.00
216.00,212.00,9.00,3510.00,1611.00,762.00,1359.00,-440.00,-1359.00
218.00,202.00,9.00,3040.00,1664.00,525.00,1178.00,-446.00,-1412.00
226.00,180.00,9.00,2641.00,1797.00,416.00,1149.00,-395.00,-1387.00
230.00,168.00,12.00,2330.00,1953.00,-167.00,1138.00,-379.00,-1225.00
232.00,158.00,8.00,1657.00,2144.00,-653.00,905.00,-260.00,-1158.00
234.00,148.00,10.00,1345.00,2221.00,-953.00,849.00,-225.00,-975.00
238.00,144.00,8.00,1345.00,2221.00,-953.00,849.00,-225.00,-975.00
240.00,138.00,6.00,1177.00,2436.00,-1282.00,820.00,-279.00,-881.00
244.00,136.00,8.00,922.00,2402.00,-1614.00,688.00,-155.00,-742.00
246.00,134.00,7.00,752.00,2596.00,-1861.00,619.00,-207.00,-687.00
246.00,132.00,7.00,695.00,2654.00,-2034.00,434.00,-118.00,-592.00
250.00,132.00,8.00,515.00,2741.00,-2160.00,336.00,-88.00,-437.00
250.00,130.00,6.00,402.00,2715.00,-2133.00,305.00,-62.00,-433.00
252.00,132.00,6.00,371.00,2615.00,-2260.00,285.00,-39.00,-336.00
252.00,132.00,7.00,384.00,2568.00,-2318.00,56.00,52.00,-340.00
252.00,132.00,6.00,263.00,2395.00,-2364.00,-23.00,70.00,-291.00
252.00,136.00,5.00,163.00,2524.00,-2461.00,-134.00,56.00,-36.00
250.00,138.00,7.00,265.00,2719.00,-2304.00,-266.00,44.00,-27.00
250.00,144.00,5.00,504.00,2951.00,-2004.00,-372.00,146.00,372.00
#0.00,0.00,0.00,765.00,3038.00,-1984.00,-423.00,118.00,453.00
#0.00,0.00,0.00,910.00,3281.00,-1790.00,-561.00,187.00,473.00
244.00,154.00,8.00,1137.00,3226.00,-1480.00,-697.00,308.00,623.00
244.00,158.00,8.00,1373.00,3423.00,-1242.00,-641.00,243.00,643.00
240.00,166.00,8.00,1371.00,3458.00,-1105.00,-619.00,216.00,632.00
238.00,172.00,9.00,1405.00,3163.00,-811.00,-744.00,345.00,683.00
238.00,182.00,10.00,1770.00,3408.00,-762.00,-640.00,225.00,850.00
238.00,192.00,9.00,2023.00,3343.00,-420.00,-661.00,325.00,795.00
238.00,202.00,10.00,2175.00,3266.00,-428.00,-754.00,378.00,785.00
236.00,218.00,10.00,2455.00,3421.00,-369.00,-652.00,226.00,885.00
236.00,254.00,7.00,3244.00,3268.00,58.00,-642.00,283.00,842.00
232.00,270.00,10.00,3176.00,3239.00,277.00,-621.00,212.00,782.00
234.00,284.00,10.00,3453.00,3143.00,667.00,-628.00,299.00,852.00
230.00,308.00,10.00,3980.00,3092.00,626.00,-533.00,188.00,787.00
228.00,326.00,9.00,3632.00,2769.00,862.00,-656.00,262.00,755.00
228.00,342.00,9.00,4063.00,2687.00,877.00,-340.00,87.00,929.00
226.00,372.00,10.00,4323.00,2743.00,996.00,-443.00,247.00,836.00
226.00,386.00,9.00,4554.00,2671.00,1301.00,-476.00,151.00,744.00
224.00,396.00,9.00,4521.00,2599.00,1612.00,-362.00,140.00,880.00
224.00,408.00,10.00,4846.00,2515.00,1424.00,-282.00,117.00,830.00
224.00,418.00,10.00,4842.00,2375.00,1480.00,-206.00,138.00,831.00
224.00,424.00,11.00,4872.00,2193.00,1271.00,-101.00,89.00,873.00
224.00,430.00,10.00,5027.00,2077.00,1299.00,-104.00,145.00,846.00
224.00,436.00,10.00,5154.00,1833.00,1247.00,-97.00,137.00,997.00
224.00,440.00,10.00,5443.00,1746.00,1416.00,-9.00,110.00,918.00
226.00,442.00,10.00,5278.00,1439.00,1669.00,-150.00,294.00,998.00
226.00,442.00,9.00,5735.00,1458.00,1933.00,322.00,-5.00,815.00
230.00,440.00,10.00,5584.00,1106.00,2087.00,216.00,153.00,687.00
230.00,434.00,10.00,5590.00,1002.00,1859.00,497.00,-88.00,508.00
234.00,428.00,10.00,5584.00,739.00,1664.00,521.00,-146.00,343.00
236.00,418.00,9.00,5384.00,462.00,1538.00,475.00,-173.00,150.00
238.00,408.00,9.00,5065.00,328.00,1380.00,504.00,-280.00,-116.00
240.00,392.00,10.00,4930.00,243.00,1457.00,488.00,-292.00,-169.00
242.00,384.00,9.00,4732.00,263.00,1548.00,491.00,-344.00,-222.00
244.00,366.00,8.00,4470.00,334.00,1488.00,544.00,-343.00,-273.00
246.00,356.00,10.00,4276.00,406.00,1479.00,580.00,-378.00,-199.00
250.00,344.00,9.00,4394.00,708.00,1005.00,652.00,-462.00,-288.00
252.00,338.00,9.00,4321.00,683.00,847.00,590.00,-439.00,-376.00
254.00,326.00,10.00,4278.00,905.00,259.00,634.00,-499.00,-602.00
256.00,314.00,10.00,4278.00,905.00,259.00,634.00,-499.00,-602.00
260.00,304.00,10.00,3934.00,1048.00,-361.00,554.00,-602.00,-680.00
260.00,292.00,8.00,3784.00,1027.00,-485.00,444.00,-510.00,-787.00
262.00,288.00,10.00,3689.00,1020.00,-730.00,443.00,-539.00,-822.00
260.00,278.00,10.00,3581.00,1325.00,-904.00,403.00,-593.00,-863.00
262.00,272.00,10.00,3274.00,1254.00,-1198.00,294.00,-490.00,-913.00
260.00,268.00,10.00,3125.00,1317.00,-1484.00,222.00,-478.00,-884.00
260.00,264.00,8.00,2813.00,1423.00,-1641.00,146.00,-510.00,-786.00
256.00,260.00,9.00,2631.00,1478.00,-1675.00,1.00,-362.00,-680.00
252.00,258.00,8.00,2507.00,1655.00,-1727.00,-149.00,-219.00,-591.00
250.00,258.00,10.00,2333.00,1646.00,-1837.00,-323.00,-191.00,-419.00
246.00,260.00,10.00,2491.00,1830.00,-1792.00,-307.00,-265.00,-70.00
240.00,262.00,11.00,2489.00,1985.00,-1659.00,-424.00,-122.00,106.00
238.00,268.00,10.00,2765.00,2009.00,-1628.00,-582.00,12.00,191.00
230.00,270.00,10.00,2932.00,2141.00,-1520.00,-618.00,19.00,319.00
224.00,278.00,10.00,3290.00,2245.00,-1434.00,-557.00,28.00,485.00
216.00,284.00,9.00,3636.00,2359.00,-1321.00,-577.00,48.00,521.00
210.00,290.00,9.00,3720.00,2440.00,-1302.00,-618.00,36.00,520.00
202.00,296.00,10.00,3924.00,2369.00,-1238.00,-672.00,55.00,497.00
194.00,304.00,10.00,4016.00,2348.00,-1291.00,-654.00,-5.00,534.00
184.00,310.00,9.00,4046.00,2270.00,-1206.00,-706.00,-46.00,582.00
178.00,312.00,12.00,4346.00,2443.00,-767.00,-646.00,-41.00,575.00
168.00,322.00,10.00,4240.00,2275.00,-798.00,-837.00,32.00,546.00
162.00,326.00,11.00,4437.00,2118.00,-654.00,-634.00,-77.00,603.00
148.00,332.00,11.00,4412.00,2073.00,-671.00,-693.00,-70.00,667.00
142.00,336.00,10.00,4704.00,2079.00,-516.00,-604.00,-77.00,624.00
130.00,344.00,10.00,4657.00,1911.00,-798.00,-673.00,-87.00,641.00
124.00,344.00,10.00,4991.00,1929.00,-657.00,-663.00,-131.00,532.00
114.00,346.00,10.00,4902.00,1841.00,-711.00,-734.00,-131.00,492.00
106.00,350.00,10.00,5094.00,1741.00,-588.00,-731.00,-222.00,604.00
94.00,348.00,13.00,5263.00,1836.00,-689.00,-641.00,-241.00,463.00
82.00,350.00,9.00,5222.00,1713.00,-787.00,-800.00,-324.00,543.00
74.00,346.00,9.00,5421.00,1872.00,-591.00,-674.00,-319.00,285.00
66.00,344.00,10.00,5134.00,1653.00,-696.00,-744.00,-343.00,268.00
58.00,340.00,10.00,5186.00,1775.00,-578.00,-675.00,-425.00,230.00
48.00,332.00,9.00,4941.00,1650.00,-858.00,-788.00,-394.00,109.00
42.00,326.00,10.00,4910.00,1580.00,-881.00,-840.00,-506.00,176.00
38.00,318.00,10.00,4825.00,1724.00,-539.00,-659.00,-414.00,-155.00
32.00,310.00,10.00,4497.00,1575.00,-738.00,-717.00,-440.00,-130.00
28.00,302.00,10.00,4571.00,1782.00,-654.00,-545.00,-434.00,-176.00
26.00,294.00,10.00,4403.00,1768.00,-910.00,-603.00,-439.00,-297.00
22.00,286.00,10.00,4079.00,1664.00,-992.00,-621.00,-440.00,-277.00
20.00,276.00,9.00,4048.00,1883.00,-743.00,-574.00,-423.00,-325.00
18.00,270.00,10.00,3739.00,1739.00,-1170.00,-573.00,-361.00,-351.00
18.00,262.00,10.00,3748.00,1903.00,-1011.00,-496.00,-421.00,-294.00
18.00,256.00,9.00,3346.00,2007.00,-1076.00,-365.00,-341.00,-364.00
18.00,250.00,9.00,3117.00,2084.00,-850.00,-351.00,-278.00,-331.00
18.00,246.00,8.00,3039.00,2076.00,-819.00,-352.00,-216.00,-356.00
20.00,242.00,9.00,2733.00,2020.00,-815.00,-329.00,-188.00,-298.00
20.00,240.00,8.00,2375.00,1918.00,-703.00,-261.00,-173.00,-99.00
22.00,238.00,8.00,2215.00,1868.00,-650.00,-339.00,7.00,-59.00
24.00,242.00,9.00,2036.00,1750.00,-604.00,-361.00,33.00,37.00
22.00,246.00,10.00,1970.00,1672.00,-320.00,-259.00,130.00,390.00
22.00,254.00,9.00,2392.00,1764.00,-364.00,-173.00,261.00,510.00
24.00,262.00,10.00,2831.00,1801.00,-474.00,-100.00,357.00,639.00
24.00,274.00,10.00,3044.00,1872.00,-471.00,-95.00,361.00,744.00
26.00,284.00,11.00,3605.00,1993.00,-239.00,-101.00,558.00,727.00
28.00,294.00,9.00,3821.00,1829.00,-128.00,-141.00,673.00,645.00
34.00,312.00,9.00,3989.00,1830.00,26.00,-49.00,597.00,612.00
36.00,320.00,9.00,3989.00,1830.00,26.00,-49.00,597.00,612.00
48.00,342.00,9.00,4055.00,1738.00,317.00,135.00,581.00,697.00
54.00,350.00,12.00,4659.00,1706.00,-9.00,347.00,493.00,761.00
60.00,362.00,10.00,4727.00,1612.00,94.00,255.00,589.00,657.00
74.00,382.00,10.00,4861.00,1350.00,209.00,288.00,610.00,624.00
80.00,388.00,9.00,5353.00,1403.00,529.00,413.00,608.00,595.00
98.00,406.00,9.00,5513.00,1240.00,245.00,733.00,424.00,760.00
106.00,410.00,10.00,5670.00,1099.00,456.00,746.00,423.00,667.00
120.00,420.00,10.00,5877.00,947.00,638.00,893.00,392.00,722.00
132.00,426.00,10.00,5877.00,947.00,638.00,893.00,392.00,722.00
152.00,430.00,13.00,6117.00,887.00,568.00,1190.00,266.00,755.00
162.00,430.00,10.00,6334.00,497.00,531.00,1290.00,167.00,584.00
184.00,426.00,10.00,6819.00,658.00,558.00,1478.00,51.00,532.00
198.00,418.00,9.00,6751.00,237.00,143.00,1191.00,197.00,31.00
210.00,408.00,10.00,6823.00,329.00,256.00,1249.00,-45.00,-154.00
220.00,394.00,10.00,6591.00,177.00,479.00,1135.00,57.00,-279.00
224.00,386.00,10.00,6287.00,46.00,343.00,1248.00,-141.00,-293.00
238.00,360.00,9.00,5957.00,169.00,390.00,1193.00,-235.00,-329.00
244.00,342.00,10.00,5832.00,191.00,513.00,1096.00,-239.00,-446.00
248.00,332.00,10.00,5786.00,291.00,406.00,1137.00,-381.00,-541.00
254.00,312.00,9.00,5289.00,505.00,233.00,1006.00,-463.00,-754.00
262.00,282.00,12.00,4944.00,601.00,150.00,991.00,-559.00,-825.00
264.00,270.00,9.00,4664.00,777.00,-129.00,859.00,-482.00,-926.00
268.00,252.00,8.00,4325.00,918.00,-709.00,746.00,-526.00,-1104.00
270.00,232.00,9.00,3863.00,1126.00,-676.00,659.00,-674.00,-1081.00
272.00,206.00,8.00,3544.00,1320.00,-627.00,550.00,-655.00,-1073.00
274.00,180.00,9.00,3048.00,1456.00,-883.00,458.00,-680.00,-1038.00
276.00,172.00,9.00,2607.00,1520.00,-1046.00,433.00,-610.00,-947.00
278.00,162.00,9.00,2051.00,1752.00,-1553.00,348.00,-511.00,-898.00
276.00,156.00,10.00,1784.00,1828.00,-1540.00,331.00,-474.00,-767.00
278.00,150.00,8.00,1618.00,1966.00,-1742.00,271.00,-355.00,-774.00
280.00,146.00,8.00,1401.00,1924.00,-1822.00,250.00,-307.00,-787.00
278.00,144.00,9.00,1197.00,1864.00,-2018.00,230.00,-241.00,-729.00
280.00,142.00,8.00,973.00,1757.00,-2246.00,144.00,-200.00,-708.00
280.00,142.00,7.00,632.00,1617.00,-2211.00,7.00,-61.00,-567.00
278.00,142.00,6.00,470.00,1860.00,-2222.00,-53.00,8.00,-472.00
280.00,146.00,8.00,422.00,1959.00,-2385.00,-116.00,129.00,-360.00
278.00,148.00,7.00,542.00,2055.00,-2378.00,-139.00,113.00,-120.00
278.00,156.00,7.00,1060.00,2247.00,-2224.00,-149.00,106.00,-2.00
276.00,160.00,10.00,1212.00,2542.00,-2288.00,-255.00,238.00,69.00
278.00,162.00,6.00,1579.00,2381.00,-2159.00,-317.00,242.00,260.00
278.00,170.00,7.00,1756.00,2582.00,-2084.00,-364.00,241.00,355.00
276.00,180.00,7.00,1794.00,2726.00,-1756.00,-474.00,385.00,351.00
278.00,190.00,10.00,2174.00,2707.00,-1765.00,-415.00,329.00,554.00
278.00,200.00,12.00,2336.00,3020.00,-1424.00,-494.00,425.00,553.00
276.00,212.00,10.00,2479.00,2762.00,-1234.00,-537.00,535.00,573.00
274.00,220.00,10.00,2934.00,2763.00,-1445.00,-505.00,484.00,708.00
274.00,242.00,9.00,3039.00,2870.00,-1006.00,-406.00,348.00,744.00
276.00,250.00,9.00,3317.00,2669.00,-822.00,-490.00,551.00,795.00
274.00,274.00,9.00,3593.00,2633.00,-1110.00,-478.00,478.00,822.00
274.00,290.00,8.00,3926.00,2550.00,-612.00,-471.00,394.00,951.00
276.00,308.00,9.00,4364.00,2538.00,-743.00,-346.00,394.00,967.00
274.00,324.00,9.00,4466.00,2393.00,-817.00,-389.00,383.00,936.00
272.00,342.00,9.00,4444.00,2281.00,-224.00,-454.00,374.00,953.00
272.00,358.00,10.00,4751.00,2277.00,-299.00,-356.00,340.00,1010.00
268.00,388.00,10.00,5083.00,2156.00,158.00,-316.00,353.00,943.00
268.00,404.00,10.00,5213.00,2021.00,373.00,-197.00,293.00,1157.00
268.00,412.00,10.00,5592.00,2054.00,321.00,58.00,314.00,1026.00
268.00,422.00,9.00,5750.00,1874.00,191.00,82.00,226.00,1006.00
270.00,432.00,10.00,5863.00,1844.00,357.00,168.00,267.00,1059.00
272.00,438.00,9.00,6222.00,1824.00,158.00,411.00,153.00,919.00
274.00,440.00,9.00,6285.00,1503.00,186.00,349.00,253.00,884.00
278.00,438.00,10.00,6803.00,1307.00,239.00,594.00,165.00,861.00
280.00,432.00,11.00,6865.00,1277.00,302.00,597.00,35.00,440.00
284.00,426.00,10.00,6540.00,768.00,206.00,408.00,62.00,77.00
290.00,414.00,10.00,6114.00,321.00,441.00,578.00,-171.00,86.00
294.00,402.00,9.00,5679.00,325.00,343.00,572.00,-243.00,-237.00
296.00,388.00,10.00,5524.00,169.00,269.00,551.00,-252.00,-291.00
300.00,376.00,10.00,4992.00,221.00,294.00,545.00,-462.00,-367.00
300.00,366.00,9.00,4821.00,229.00,290.00,491.00,-393.00,-452.00
304.00,346.00,9.00,4373.00,155.00,-9.00,467.00,-373.00,-423.00
306.00,338.00,11.00,4260.00,366.00,-46.00,508.00,-597.00,-479.00
308.00,326.00,10.00,4038.00,389.00,-227.00,439.00,-471.00,-599.00
310.00,316.00,10.00,3840.00,536.00,-541.00,434.00,-543.00,-556.00
310.00,306.00,10.00,3820.00,661.00,-777.00,386.00,-531.00,-644.00
310.00,296.00,9.00,3640.00,678.00,-1108.00,239.00,-520.00,-662.00
312.00,288.00,10.00,3640.00,678.00,-1108.00,239.00,-520.00,-662.00
310.00,284.00,7.00,3469.00,851.00,-1222.00,144.00,-485.00,-673.00
308.00,276.00,9.00,3180.00,900.00,-1566.00,-16.00,-376.00,-741.00
306.00,270.00,8.00,2947.00,989.00,-1609.00,-106.00,-353.00,-755.00
304.00,270.00,8.00,2765.00,1078.00,-1712.00,-162.00,-327.00,-651.00
302.00,268.00,8.00,2525.00,1144.00,-1769.00,-257.00,-290.00,-584.00
298.00,266.00,10.00,2512.00,1207.00,-2027.00,-372.00,-195.00,-573.00
294.00,266.00,10.00,2409.00,1290.00,-2025.00,-453.00,-199.00,-229.00
292.00,268.00,8.00,2701.00,1595.00,-1927.00,-556.00,-122.00,161.00
284.00,272.00,9.00,2927.00,1703.00,-1806.00,-689.00,92.00,311.00
278.00,278.00,9.00,3398.00,1886.00,-1683.00,-623.00,34.00,474.00
272.00,284.00,11.00,3650.00,2046.00,-1474.00,-528.00,-34.00,528.00
266.00,290.00,9.00,3615.00,2068.00,-1518.00,-574.00,49.00,493.00
260.00,296.00,12.00,3929.00,2032.00,-1510.00,-648.00,70.00,512.00
254.00,302.00,10.00,4077.00,2148.00,-1356.00,-594.00,53.00,582.00
246.00,308.00,10.00,3977.00,1930.00,-1598.00,-634.00,32.00,533.00
236.00,318.00,10.00,4012.00,1790.00,-1583.00,-585.00,-57.00,605.00
230.00,322.00,10.00,4469.00,1976.00,-1126.00,-574.00,-63.00,641.00
220.00,328.00,10.00,4313.00,1832.00,-1329.00,-741.00,55.00,587.00
206.00,340.00,7.00,4407.00,1716.00,-1316.00,-611.00,-91.00,624.00
196.00,344.00,10.00,4443.00,1605.00,-1251.00,-616.00,-128.00,678.00
186.00,348.00,12.00,4712.00,1652.00,-974.00,-729.00,-43.00,714.00
174.00,356.00,9.00,4734.00,1505.00,-1065.00,-661.00,-87.00,658.00
162.00,360.00,9.00,4770.00,1408.00,-1052.00,-576.00,-148.00,734.00
158.00,362.00,9.00,5011.00,1421.00,-1037.00,-618.00,-121.00,672.00
144.00,366.00,10.00,5012.00,1323.00,-1105.00,-702.00,-107.00,700.00
134.00,368.00,10.00,5109.00,1230.00,-1125.00,-636.00,-163.00,593.00
122.00,370.00,9.00,5040.00,1172.00,-955.00,-735.00,-150.00,576.00
106.00,370.00,10.00,5084.00,1144.00,-1113.00,-616.00,-198.00,456.00
98.00,370.00,10.00,5084.00,1144.00,-1113.00,-616.00,-198.00,456.00
88.00,368.00,11.00,5213.00,1151.00,-899.00,-699.00,-226.00,462.00
78.00,364.00,10.00,5268.00,1179.00,-1140.00,-661.00,-256.00,241.00
72.00,360.00,10.00,5025.00,1112.00,-1236.00,-779.00,-216.00,213.00
62.00,354.00,10.00,5103.00,1173.00,-1148.00,-671.00,-291.00,92.00
56.00,348.00,10.00,4936.00,1112.00,-1253.00,-716.00,-284.00,70.00
48.00,342.00,10.00,4957.00,1238.00,-1099.00,-730.00,-337.00,31.00
42.00,334.00,10.00,4823.00,1256.00,-1084.00,-724.00,-313.00,-193.00
36.00,322.00,9.00,4590.00,1297.00,-1151.00,-670.00,-317.00,-211.00
32.00,314.00,10.00,4510.00,1416.00,-1070.00,-582.00,-346.00,-321.00
30.00,306.00,10.00,4350.00,1470.00,-1258.00,-553.00,-349.00,-367.00
28.00,296.00,10.00,4199.00,1549.00,-1232.00,-543.00,-299.00,-448.00
26.00,288.00,10.00,3839.00,1520.00,-1219.00,-458.00,-312.00,-480.00
26.00,280.00,10.00,3549.00,1664.00,-1226.00,-354.00,-280.00,-455.00
26.00,272.00,10.00,3414.00,1706.00,-1212.00,-286.00,-270.00,-478.00
26.00,268.00,10.00,3157.00,1730.00,-1230.00,-241.00,-266.00,-409.00
28.00,262.00,10.00,2923.00,1781.00,-1134.00,-147.00,-233.00,-389.00
28.00,260.00,9.00,2660.00,1767.00,-1141.00,-108.00,-195.00,-310.00
30.00,256.00,9.00,2487.00,1701.00,-1065.00,-96.00,-121.00,-234.00
30.00,258.00,8.00,2248.00,1696.00,-955.00,-135.00,-50.00,-172.00
30.00,260.00,9.00,2234.00,1604.00,-1082.00,-52.00,1.00,-69.00
30.00,264.00,10.00,2058.00,1530.00,-970.00,-104.00,168.00,167.00
30.00,272.00,10.00,2261.00,1573.00,-919.00,-39.00,241.00,281.00
30.00,278.00,10.00,2830.00,1607.00,-1086.00,-20.00,361.00,465.00
28.00,290.00,11.00,3451.00,1712.00,-849.00,-75.00,486.00,519.00
30.00,296.00,8.00,3585.00,1681.00,-740.00,-72.00,565.00,502.00
30.00,314.00,10.00,3805.00,1666.00,-817.00,-64.00,557.00,558.00
32.00,324.00,10.00,4101.00,1615.00,-451.00,44.00,522.00,632.00
38.00,344.00,9.00,4358.00,1513.00,-587.00,80.00,592.00,702.00
40.00,352.00,10.00,4656.00,1568.00,-350.00,65.00,591.00,680.00
46.00,368.00,10.00,4830.00,1406.00,-231.00,224.00,564.00,755.00
56.00,388.00,10.00,5223.00,1487.00,-194.00,386.00,560.00,791.00
66.00,402.00,10.00,5383.00,1372.00,-82.00,490.00,544.00,728.00
76.00,412.00,9.00,5528.00,1302.00,-227.00,618.00,507.00,770.00
88.00,422.00,10.00,5658.00,1111.00,210.00,823.00,305.00,777.00
102.00,430.00,10.00,6098.00,1005.00,-222.00,1109.00,261.00,783.00
118.00,434.00,10.00,6309.00,956.00,-364.00,1087.00,249.00,672.00
126.00,434.00,12.00,6376.00,669.00,-463.00,1012.00,309.00,276.00
144.00,434.00,9.00,6469.00,536.00,-604.00,1075.00,213.00,309.00
158.00,430.00,9.00,6527.00,414.00,-480.00,1011.00,270.00,22.00
168.00,422.00,11.00,6393.00,197.00,-576.00,973.00,143.00,-46.00
182.00,412.00,10.00,6424.00,78.00,-313.00,1013.00,93.00,-61.00
190.00,400.00,10.00,6203.00,-16.00,-479.00,856.00,194.00,-217.00
196.00,394.00,10.00,5940.00,-87.00,-243.00,901.00,-94.00,-378.00
204.00,378.00,10.00,5486.00,-96.00,-389.00,853.00,-105.00,-480.00
212.00,364.00,10.00,5247.00,-101.00,-358.00,859.00,-299.00,-347.00
220.00,348.00,10.00,5073.00,209.00,-255.00,720.00,-193.00,-440.00
230.00,324.00,9.00,4962.00,203.00,-459.00,665.00,-197.00,-633.00
234.00,308.00,9.00,4729.00,160.00,-477.00,621.00,-308.00,-550.00
236.00,300.00,10.00,4716.00,459.00,-449.00,601.00,-396.00,-532.00
240.00,284.00,10.00,4540.00,609.00,-637.00,523.00,-409.00,-678.00
244.00,260.00,10.00,4206.00,993.00,-883.00,395.00,-561.00,-906.00
248.00,248.00,9.00,3915.00,1036.00,-1007.00,383.00,-591.00,-892.00
250.00,234.00,10.00,3739.00,1225.00,-1234.00,325.00,-635.00,-948.00
252.00,226.00,10.00,3630.00,1448.00,-1224.00,247.00,-643.00,-983.00
254.00,214.00,10.00,3438.00,1525.00,-1354.00,236.00,-576.00,-985.00
256.00,202.00,10.00,3114.00,1697.00,-1546.00,225.00,-590.00,-1015.00
258.00,194.00,10.00,2808.00,1784.00,-1721.00,183.00,-587.00,-1007.00
258.00,184.00,9.00,2437.00,1811.00,-1680.00,118.00,-438.00,-995.00
258.00,178.00,9.00,2319.00,1892.00,-1868.00,116.00,-410.00,-980.00
258.00,172.00,10.00,2036.00,1985.00,-1907.00,106.00,-443.00,-1013.00
260.00,166.00,7.00,1664.00,1907.00,-1966.00,24.00,-346.00,-1023.00
262.00,164.00,7.00,1375.00,1995.00,-2049.00,45.00,-250.00,-955.00
262.00,164.00,8.00,1101.00,1931.00,-2181.00,16.00,-186.00,-950.00
262.00,164.00,7.00,752.00,1904.00,-2291.00,-27.00,-182.00,-736.00
260.00,164.00,7.00,474.00,2011.00,-2244.00,-140.00,-31.00,-598.00
260.00,168.00,8.00,422.00,2042.00,-2306.00,-167.00,53.00,-368.00
260.00,168.00,7.00,572.00,2171.00,-2259.00,-146.00,50.00,-236.00
258.00,172.00,7.00,795.00,2159.00,-2297.00,-243.00,121.00,8.00
258.00,180.00,7.00,1201.00,2433.00,-1883.00,-338.00,310.00,306.00
254.00,186.00,10.00,1323.00,2639.00,-1922.00,-391.00,319.00,594.00
256.00,194.00,10.00,1323.00,2639.00,-1922.00,-391.00,319.00,594.00
256.00,200.00,9.00,1790.00,2733.00,-1803.00,-345.00,365.00,659.00
254.00,210.00,10.00,2190.00,2889.00,-1465.00,-500.00,388.00,785.00
250.00,220.00,10.00,2764.00,2710.00,-1391.00,-387.00,440.00,840.00
250.00,252.00,10.00,2976.00,2694.00,-1125.00,-437.00,446.00,829.00
248.00,256.00,7.00,3292.00,2515.00,-1159.00,-417.00,397.00,975.00
246.00,282.00,9.00,3677.00,2727.00,-705.00,-398.00,378.00,953.00
242.00,314.00,10.00,4045.00,2240.00,-827.00,-366.00,306.00,965.00
242.00,322.00,10.00,4208.00,2331.00,-537.00,-354.00,281.00,966.00
238.00,366.00,9.00,4676.00,2036.00,-375.00,-394.00,320.00,1045.00
236.00,374.00,9.00,4975.00,2101.00,169.00,-351.00,324.00,1009.00
234.00,400.00,10.00,4892.00,1931.00,243.00,-441.00,464.00,962.00
236.00,414.00,11.00,5130.00,1814.00,190.00,22.00,244.00,1215.00
236.00,428.00,10.00,5422.00,1777.00,-6.00,140.00,245.00,1178.00
238.00,440.00,9.00,5674.00,1639.00,-122.00,76.00,284.00,1179.00
238.00,446.00,9.00,5952.00,1579.00,99.00,164.00,324.00,1229.00
242.00,456.00,10.00,6674.00,1547.00,372.00,441.00,155.00,1016.00
246.00,458.00,10.00,6686.00,1196.00,387.00,601.00,161.00,979.00
252.00,456.00,10.00,6916.00,1162.00,409.00,753.00,-70.00,515.00
258.00,452.00,10.00,6299.00,525.00,355.00,708.00,-38.00,291.00
262.00,444.00,12.00,6069.00,324.00,179.00,721.00,-193.00,209.00
266.00,436.00,10.00,5938.00,135.00,336.00,654.00,-179.00,-107.00
272.00,426.00,10.00,5373.00,-264.00,126.00,653.00,-169.00,-93.00
280.00,410.00,9.00,5345.00,70.00,54.00,728.00,-342.00,-265.00
284.00,400.00,12.00,4777.00,-387.00,-37.00,477.00,-191.00,-471.00
288.00,390.00,10.00,4561.00,-388.00,13.00,600.00,-293.00,-247.00
294.00,374.00,10.00,4803.00,105.00,-131.00,605.00,-380.00,-380.00
298.00,362.00,10.00,4377.00,-127.00,-362.00,428.00,-245.00,-616.00
304.00,350.00,8.00,4353.00,19.00,-416.00,547.00,-508.00,-483.00
304.00,342.00,11.00,4435.00,387.00,-408.00,550.00,-505.00,-652.00
308.00,332.00,10.00,4011.00,276.00,-816.00,391.00,-318.00,-1006.00
310.00,322.00,10.00,3969.00,347.00,-913.00,433.00,-616.00,-679.00
312.00,314.00,9.00,4034.00,868.00,-855.00,372.00,-486.00,-876.00
312.00,304.00,9.00,3898.00,737.00,-1099.00,293.00,-416.00,-1030.00
314.00,296.00,8.00,3615.00,759.00,-1406.00,297.00,-506.00,-764.00
312.00,290.00,8.00,2948.00,743.00,-2003.00,9.00,-326.00,-1016.00
310.00,286.00,10.00,2681.00,833.00,-2168.00,10.00,-438.00,-746.00
310.00,280.00,8.00,2628.00,1053.00,-2239.00,-85.00,-424.00,-767.00
308.00,278.00,8.00,2162.00,862.00,-2321.00,-257.00,-260.00,-546.00
306.00,278.00,7.00,2192.00,1052.00,-2318.00,-304.00,-284.00,-229.00
300.00,278.00,10.00,2369.00,1259.00,-2278.00,-427.00,-180.00,-83.00
298.00,278.00,9.00,2432.00,1346.00,-2241.00,-580.00,-58.00,176.00
292.00,280.00,8.00,2823.00,1519.00,-2020.00,-551.00,-33.00,455.00
286.00,284.00,10.00,3080.00,1705.00,-1929.00,-684.00,44.00,561.00
280.00,288.00,9.00,3203.00,1786.00,-1834.00,-720.00,65.00,583.00
272.00,292.00,10.00,3518.00,1787.00,-1768.00,-688.00,50.00,572.00
266.00,298.00,9.00,3477.00,1720.00,-1784.00,-689.00,50.00,616.00
258.00,304.00,10.00,3676.00,1696.00,-1738.00,-725.00,70.00,718.00
248.00,312.00,10.00,4132.00,1934.00,-1400.00,-620.00,-29.00,764.00
236.00,322.00,9.00,4156.00,1588.00,-1429.00,-576.00,-49.00,810.00
224.00,330.00,10.00,4392.00,1723.00,-1398.00,-687.00,47.00,818.00
214.00,338.00,10.00,4476.00,1563.00,-1466.00,-829.00,57.00,793.00
202.00,346.00,10.00,4732.00,1577.00,-1260.00,-632.00,-54.00,815.00
192.00,350.00,13.00,4692.00,1462.00,-1248.00,-693.00,-65.00,866.00
184.00,354.00,10.00,4914.00,1467.00,-1056.00,-800.00,-9.00,859.00
168.00,364.00,10.00,5098.00,1488.00,-952.00,-651.00,-32.00,673.00
156.00,368.00,9.00,4975.00,1284.00,-1128.00,-765.00,-44.00,781.00
146.00,372.00,10.00,4975.00,1284.00,-1128.00,-765.00,-44.00,781.00
136.00,374.00,12.00,5227.00,1308.00,-1022.00,-574.00,-116.00,663.00
124.00,376.00,10.00,5096.00,1093.00,-1292.00,-622.00,-182.00,751.00
114.00,374.00,9.00,5311.00,1179.00,-1256.00,-481.00,-200.00,573.00
106.00,374.00,10.00,5146.00,916.00,-1460.00,-720.00,-122.00,388.00
100.00,370.00,12.00,5211.00,1010.00,-1153.00,-650.00,-288.00,535.00
88.00,366.00,10.00,5226.00,1139.00,-1090.00,-641.00,-161.00,209.00
84.00,364.00,10.00,4910.00,839.00,-1366.00,-661.00,-240.00,268.00
76.00,356.00,12.00,5052.00,1078.00,-1097.00,-648.00,-288.00,244.00
68.00,350.00,10.00,4810.00,934.00,-1299.00,-631.00,-176.00,-66.00
62.00,342.00,9.00,4757.00,944.00,-1388.00,-607.00,-274.00,15.00
60.00,338.00,10.00,4747.00,1144.00,-1172.00,-641.00,-245.00,-124.00
54.00,326.00,10.00,4501.00,1064.00,-1356.00,-629.00,-204.00,-319.00
52.00,320.00,10.00,4320.00,1118.00,-1174.00,-482.00,-253.00,-230.00
50.00,312.00,10.00,4341.00,1279.00,-1313.00,-447.00,-200.00,-299.00
48.00,304.00,10.00,4217.00,1289.00,-1488.00,-493.00,-233.00,-374.00
48.00,298.00,10.00,3906.00,1523.00,-1436.00,-315.00,-257.00,-360.00
46.00,290.00,10.00,3784.00,1530.00,-1390.00,-278.00,-213.00,-453.00
46.00,284.00,9.00,3599.00,1518.00,-1540.00,-202.00,-214.00,-349.00
46.00,278.00,10.00,3573.00,1692.00,-1564.00,-178.00,-220.00,-361.00
48.00,272.00,9.00,3295.00,1669.00,-1567.00,-125.00,-188.00,-366.00
50.00,270.00,10.00,3133.00,1709.00,-1415.00,-78.00,-199.00,-309.00
50.00,266.00,9.00,2917.00,1656.00,-1399.00,-60.00,-113.00,-247.00
50.00,264.00,10.00,2674.00,1602.00,-1440.00,-37.00,-81.00,-169.00
52.00,264.00,10.00,2510.00,1575.00,-1405.00,-21.00,-46.00,-94.00
50.00,266.00,8.00,2415.00,1436.00,-1446.00,-56.00,61.00,106.00
52.00,270.00,9.00,2516.00,1407.00,-1381.00,-70.00,195.00,194.00
52.00,274.00,10.00,2699.00,1390.00,-1461.00,-109.00,268.00,258.00
50.00,282.00,10.00,2779.00,1361.00,-1251.00,-78.00,301.00,367.00
50.00,288.00,10.00,3119.00,1444.00,-1134.00,-50.00,372.00,471.00
50.00,302.00,10.00,3495.00,1488.00,-1049.00,-48.00,432.00,480.00
50.00,316.00,9.00,3655.00,1520.00,-998.00,-60.00,467.00,517.00
50.00,322.00,9.00,4062.00,1570.00,-890.00,14.00,469.00,559.00
52.00,336.00,10.00,4347.00,1588.00,-795.00,36.00,514.00,522.00
58.00,354.00,9.00,4419.00,1507.00,-675.00,78.00,541.00,574.00
62.00,366.00,9.00,4659.00,1502.00,-558.00,223.00,476.00,624.00
68.00,376.00,12.00,4894.00,1535.00,-494.00,53.00,621.00,477.00
72.00,386.00,10.00,5021.00,1385.00,-238.00,262.00,551.00,554.00
84.00,400.00,10.00,5417.00,1453.00,-167.00,343.00,531.00,510.00
96.00,410.00,10.00,5348.00,1370.00,29.00,291.00,591.00,333.00
102.00,414.00,9.00,5818.00,1221.00,-201.00,789.00,443.00,367.00
116.00,420.00,10.00,5873.00,1090.00,-364.00,796.00,426.00,227.00
134.00,424.00,10.00,5919.00,944.00,-269.00,928.00,285.00,287.00
146.00,426.00,10.00,6302.00,689.00,-427.00,1086.00,138.00,187.00
160.00,424.00,10.00,6523.00,681.00,-325.00,1057.00,162.00,49.00
170.00,420.00,12.00,6454.00,394.00,-482.00,1007.00,195.00,-33.00
178.00,414.00,10.00,6334.00,387.00,-630.00,990.00,87.00,8.00
194.00,402.00,10.00,6391.00,462.00,-535.00,991.00,28.00,-36.00
198.00,396.00,8.00,6367.00,300.00,-81.00,866.00,82.00,-351.00
210.00,382.00,10.00,6094.00,162.00,-242.00,882.00,-15.00,-307.00
220.00,364.00,10.00,6051.00,482.00,-262.00,941.00,-216.00,-399.00
226.00,350.00,10.00,5675.00,366.00,-243.00,859.00,-234.00,-617.00
236.00,322.00,10.00,4976.00,409.00,-546.00,796.00,-480.00,-767.00
240.00,314.00,9.00,4699.00,666.00,-460.00,717.00,-507.00,-850.00
246.00,294.00,10.00,4078.00,959.00,-1152.00,575.00,-681.00,-1005.00
250.00,278.00,9.00,3929.00,944.00,-1150.00,462.00,-671.00,-1053.00
256.00,262.00,10.00,3929.00,944.00,-1150.00,462.00,-671.00,-1053.00
258.00,246.00,9.00,3473.00,1147.00,-1131.00,408.00,-736.00,-1026.00
262.00,226.00,10.00,3473.00,1147.00,-1131.00,408.00,-736.00,-1026.00
264.00,218.00,10.00,3254.00,1403.00,-1131.00,364.00,-700.00,-1064.00
266.00,206.00,10.00,3019.00,1454.00,-1252.00,337.00,-651.00,-1086.00
268.00,198.00,8.00,2570.00,1500.00,-1603.00,290.00,-577.00,-987.00
268.00,188.00,10.00,2365.00,1587.00,-1711.00,242.00,-554.00,-943.00
270.00,184.00,8.00,1659.00,1585.00,-1959.00,153.00,-352.00,-948.00
272.00,180.00,7.00,1361.00,1714.00,-2304.00,110.00,-411.00,-884.00
272.00,178.00,7.00,1062.00,1591.00,-2197.00,4.00,-302.00,-936.00
272.00,176.00,7.00,596.00,1732.00,-2321.00,-157.00,-152.00,-776.00
272.00,178.00,6.00,510.00,1815.00,-2306.00,-180.00,-187.00,-765.00
270.00,178.00,7.00,96.00,1666.00,-2057.00,-259.00,-8.00,-492.00
268.00,180.00,8.00,373.00,2015.00,-2173.00,-277.00,166.00,-103.00
268.00,184.00,8.00,666.00,2176.00,-2261.00,-265.00,192.00,-78.00
266.00,188.00,7.00,736.00,2220.00,-2226.00,-362.00,255.00,220.00
266.00,194.00,9.00,1678.00,2738.00,-2027.00,-457.00,418.00,499.00
266.00,204.00,10.00,1739.00,2653.00,-2004.00,-506.00,463.00,595.00
266.00,212.00,10.00,2261.00,2666.00,-1813.00,-371.00,323.00,969.00
264.00,220.00,10.00,2261.00,2666.00,-1813.00,-371.00,323.00,969.00
262.00,234.00,9.00,2692.00,2830.00,-1746.00,-431.00,453.00,742.00
260.00,252.00,9.00,2844.00,2641.00,-1404.00,-514.00,494.00,902.00
258.00,268.00,10.00,3391.00,2683.00,-1405.00,-446.00,408.00,970.00
256.00,282.00,11.00,3570.00,2620.00,-1159.00,-514.00,416.00,920.00
252.00,296.00,9.00,3961.00,2631.00,-831.00,-461.00,412.00,965.00
252.00,312.00,9.00,3942.00,2457.00,-782.00,-534.00,492.00,783.00
250.00,334.00,10.00,3942.00,2457.00,-782.00,-534.00,492.00,783.00
248.00,350.00,10.00,4090.00,2074.00,-669.00,-322.00,292.00,1049.00
246.00,366.00,10.00,4581.00,2059.00,-404.00,-552.00,509.00,910.00
244.00,380.00,10.00,4943.00,1883.00,-15.00,-301.00,294.00,1086.00
242.00,396.00,10.00,5086.00,1879.00,43.00,-251.00,321.00,1010.00
240.00,410.00,10.00,5092.00,1619.00,-38.00,-218.00,306.00,1032.00
242.00,420.00,11.00,5367.00,1650.00,337.00,-61.00,295.00,977.00
240.00,434.00,10.00,5337.00,1386.00,173.00,65.00,314.00,1027.00
242.00,444.00,10.00,5337.00,1218.00,167.00,116.00,275.00,1223.00
240.00,450.00,12.00,6067.00,1257.00,205.00,342.00,173.00,1330.00
244.00,456.00,10.00,6507.00,1128.00,71.00,340.00,107.00,1142.00
246.00,458.00,10.00,6658.00,1038.00,269.00,363.00,117.00,1016.00
250.00,456.00,9.00,6717.00,786.00,490.00,480.00,102.00,910.00
254.00,452.00,10.00,6547.00,424.00,741.00,497.00,-85.00,378.00
260.00,444.00,10.00,6263.00,132.00,774.00,648.00,-101.00,61.00
266.00,432.00,11.00,6016.00,-64.00,487.00,665.00,-213.00,24.00
276.00,416.00,10.00,5829.00,-42.00,551.00,862.00,-480.00,-226.00
280.00,408.00,10.00,5271.00,-340.00,146.00,698.00,-332.00,-493.00
286.00,394.00,10.00,4876.00,-512.00,84.00,750.00,-544.00,-472.00
294.00,376.00,10.00,4694.00,-323.00,119.00,766.00,-569.00,-443.00
300.00,362.00,10.00,4530.00,-292.00,-169.00,663.00,-358.00,-595.00
304.00,350.00,9.00,4310.00,-255.00,-503.00,662.00,-523.00,-690.00
310.00,342.00,11.00,4100.00,-230.00,-626.00,578.00,-494.00,-652.00
312.00,332.00,8.00,4143.00,-61.00,-568.00,527.00,-424.00,-675.00
316.00,320.00,10.00,3916.00,253.00,-1031.00,466.00,-476.00,-916.00
316.00,310.00,9.00,3312.00,267.00,-1417.00,220.00,-402.00,-885.00
316.00,302.00,9.00,3236.00,516.00,-1488.00,198.00,-461.00,-997.00
316.00,296.00,9.00,2701.00,478.00,-1565.00,47.00,-345.00,-1114.00
316.00,288.00,8.00,2701.00,478.00,-1565.00,47.00,-345.00,-1114.00
316.00,288.00,8.00,2319.00,600.00,-1791.00,-11.00,-274.00,-912.00
314.00,284.00,8.00,2013.00,549.00,-1893.00,-160.00,-200.00,-877.00
310.00,286.00,8.00,2087.00,823.00,-2395.00,-273.00,-189.00,-520.00
308.00,288.00,8.00,2466.00,1042.00,-1844.00,-461.00,-130.00,-189.00
304.00,294.00,10.00,2585.00,1234.00,-1892.00,-620.00,141.00,198.00
298.00,300.00,8.00,3089.00,1422.00,-1685.00,-658.00,70.00,431.00
294.00,304.00,9.00,3512.00,1661.00,-1325.00,-663.00,116.00,598.00
286.00,314.00,9.00,3853.00,1909.00,-1435.00,-644.00,232.00,451.00
280.00,324.00,9.00,3904.00,1670.00,-1401.00,-768.00,153.00,663.00
276.00,332.00,9.00,4309.00,1889.00,-1125.00,-589.00,63.00,685.00
270.00,340.00,10.00,4295.00,1839.00,-1108.00,-769.00,155.00,611.00
258.00,352.00,10.00,4423.00,1695.00,-1036.00,-696.00,121.00,710.00
248.00,362.00,9.00,4651.00,1699.00,-968.00,-636.00,61.00,752.00
240.00,372.00,8.00,4718.00,1597.00,-910.00,-689.00,23.00,846.00
234.00,374.00,10.00,5056.00,1751.00,-648.00,-613.00,77.00,666.00
222.00,386.00,9.00,4810.00,1372.00,-895.00,-695.00,65.00,704.00
218.00,388.00,9.00,4971.00,1323.00,-793.00,-609.00,28.00,741.00
208.00,396.00,10.00,4923.00,1151.00,-874.00,-647.00,70.00,644.00
198.00,402.00,10.00,5034.00,946.00,-917.00,-601.00,-30.00,729.00
184.00,410.00,9.00,5175.00,894.00,-745.00,-636.00,-42.00,758.00
178.00,412.00,10.00,5338.00,803.00,-886.00,-616.00,-72.00,719.00
164.00,416.00,12.00,5391.00,735.00,-942.00,-636.00,-84.00,627.00
154.00,418.00,12.00,5420.00,639.00,-917.00,-636.00,-152.00,715.00
142.00,418.00,12.00,5551.00,699.00,-952.00,-618.00,-175.00,652.00
134.00,414.00,9.00,5460.00,544.00,-1209.00,-660.00,-197.00,456.00
118.00,408.00,10.00,5704.00,692.00,-898.00,-762.00,-286.00,522.00
110.00,402.00,12.00,5460.00,530.00,-1012.00,-751.00,-206.00,52.00
102.00,398.00,10.00,5313.00,493.00,-1183.00,-809.00,-318.00,213.00
88.00,386.00,10.00,5315.00,638.00,-998.00,-863.00,-295.00,-150.00
82.00,376.00,12.00,5080.00,454.00,-1247.00,-925.00,-306.00,-216.00
70.00,368.00,12.00,5001.00,639.00,-1042.00,-869.00,-399.00,-134.00
68.00,358.00,10.00,5057.00,765.00,-1212.00,-862.00,-321.00,-395.00
60.00,342.00,12.00,4821.00,764.00,-1270.00,-925.00,-330.00,-436.00
54.00,328.00,10.00,4686.00,1002.00,-1126.00,-853.00,-359.00,-551.00
52.00,320.00,9.00,4426.00,1024.00,-1122.00,-863.00,-322.00,-722.00
48.00,304.00,10.00,4232.00,1204.00,-1047.00,-657.00,-263.00,-610.00
48.00,296.00,11.00,4119.00,1464.00,-1180.00,-532.00,-328.00,-727.00
46.00,284.00,11.00,3830.00,1413.00,-1198.00,-460.00,-337.00,-703.00
46.00,274.00,10.00,3624.00,1643.00,-1251.00,-361.00,-349.00,-565.00
48.00,264.00,10.00,3460.00,1723.00,-1251.00,-327.00,-272.00,-689.00
48.00,258.00,10.00,3088.00,1754.00,-1254.00,-242.00,-315.00,-569.00
50.00,252.00,9.00,2901.00,1812.00,-1200.00,-186.00,-276.00,-535.00
50.00,246.00,9.00,2566.00,1819.00,-1197.00,-164.00,-213.00,-489.00
52.00,244.00,9.00,2106.00,1747.00,-1134.00,-55.00,-102.00,-253.00
54.00,242.00,9.00,1781.00,1715.00,-1113.00,-20.00,49.00,-77.00
52.00,244.00,10.00,1768.00,1651.00,-1206.00,-44.00,131.00,73.00
52.00,248.00,9.00,1794.00,1561.00,-1029.00,-65.00,236.00,288.00
52.00,256.00,10.00,2102.00,1536.00,-1142.00,34.00,288.00,452.00
50.00,264.00,10.00,2360.00,1501.00,-1183.00,-65.00,374.00,495.00
48.00,278.00,9.00,2474.00,1417.00,-789.00,-114.00,448.00,646.00
48.00,286.00,10.00,3204.00,1455.00,-775.00,17.00,506.00,828.00
46.00,304.00,12.00,3720.00,1610.00,-822.00,-130.00,575.00,790.00
46.00,316.00,10.00,3977.00,1534.00,-631.00,-6.00,512.00,830.00
50.00,340.00,9.00,4494.00,1530.00,-478.00,38.00,511.00,895.00
54.00,358.00,9.00,4482.00,1518.00,-136.00,-85.00,648.00,718.00
60.00,376.00,9.00,4784.00,1394.00,-63.00,320.00,477.00,927.00
68.00,392.00,9.00,5052.00,1391.00,-252.00,303.00,527.00,827.00
76.00,406.00,10.00,5326.00,1260.00,-344.00,393.00,541.00,781.00
86.00,420.00,10.00,5471.00,1193.00,-100.00,363.00,509.00,702.00
92.00,428.00,10.00,5569.00,1059.00,-19.00,404.00,553.00,637.00
108.00,444.00,10.00,5604.00,906.00,-77.00,430.00,544.00,518.00
114.00,448.00,10.00,5542.00,667.00,-55.00,700.00,409.00,590.00
128.00,458.00,10.00,5717.00,588.00,313.00,741.00,473.00,544.00
144.00,462.00,12.00,5842.00,528.00,-46.00,857.00,481.00,520.00
154.00,468.00,9.00,5979.00,449.00,14.00,974.00,199.00,548.00
176.00,470.00,9.00,6255.00,383.00,368.00,1230.00,261.00,463.00
188.00,466.00,10.00,6530.00,282.00,-116.00,1484.00,131.00,434.00
192.00,464.00,9.00,7494.00,392.00,-254.00,1276.00,-18.00,-83.00
212.00,446.00,9.00,7412.00,71.00,-348.00,1251.00,-251.00,-222.00
220.00,428.00,9.00,7377.00,-19.00,-81.00,1170.00,-314.00,-435.00
230.00,410.00,9.00,7088.00,-133.00,-171.00,1163.00,-375.00,-545.00
232.00,400.00,10.00,6743.00,-239.00,-182.00,1080.00,-571.00,-639.00
240.00,376.00,9.00,6294.00,-141.00,2.00,927.00,-690.00,-847.00
246.00,352.00,10.00,5839.00,-194.00,46.00,844.00,-702.00,-971.00
258.00,304.00,10.00,4506.00,13.00,-328.00,729.00,-829.00,-999.00
#0.00,0.00,0.00,3877.00,170.00,-497.00,574.00,-853.00,-980.00
268.00,254.00,9.00,3488.00,431.00,-790.00,561.00,-859.00,-1038.00
270.00,246.00,8.00,3182.00,540.00,-1159.00,459.00,-923.00,-1115.00
272.00,214.00,10.00,2238.00,737.00,-1485.00,225.00,-873.00,-1140.00
274.00,202.00,11.00,1985.00,1102.00,-1552.00,219.00,-832.00,-1069.00
274.00,194.00,10.00,1855.00,1193.00,-1704.00,154.00,-732.00,-1182.00
276.00,186.00,7.00,1235.00,1042.00,-1970.00,7.00,-550.00,-1146.00
278.00,184.00,10.00,918.00,1288.00,-2265.00,-15.00,-565.00,-1034.00
276.00,182.00,7.00,574.00,1098.00,-2216.00,-147.00,-399.00,-1109.00
274.00,182.00,8.00,64.00,1454.00,-2361.00,-336.00,-291.00,-878.00
272.00,182.00,7.00,-267.00,1240.00,-2135.00,-424.00,-151.00,-707.00
268.00,184.00,10.00,137.00,1773.00,-2267.00,-331.00,76.00,-149.00
270.00,186.00,7.00,137.00,1773.00,-2267.00,-331.00,76.00,-149.00
268.00,192.00,7.00,442.00,1836.00,-2444.00,-527.00,186.00,26.00
264.00,198.00,10.00,703.00,2071.00,-2110.00,-567.00,340.00,358.00
266.00,206.00,10.00,1614.00,2545.00,-2087.00,-573.00,403.00,645.00
#0.00,0.00,0.00,1969.00,2562.00,-1877.00,-594.00,517.00,793.00
262.00,224.00,9.00,2270.00,2666.00,-1890.00,-599.00,477.00,848.00
260.00,234.00,10.00,2508.00,2686.00,-1532.00,-583.00,477.00,949.00
254.00,258.00,7.00,3209.00,2765.00,-1318.00,-660.00,514.00,901.00
250.00,286.00,9.00,3187.00,2547.00,-1000.00,-523.00,514.00,956.00
248.00,302.00,9.00,3888.00,2513.00,-830.00,-459.00,465.00,1106.00
246.00,322.00,8.00,4214.00,2627.00,-745.00,-426.00,474.00,1027.00
246.00,330.00,9.00,4245.00,2413.00,-592.00,-484.00,517.00,961.00
242.00,358.00,10.00,4529.00,2238.00,-479.00,-361.00,421.00,1127.00
242.00,376.00,9.00,4912.00,2303.00,59.00,-577.00,684.00,914.00
242.00,384.00,10.00,4735.00,1828.00,-63.00,-256.00,496.00,990.00
242.00,410.00,9.00,5019.00,1905.00,107.00,148.00,422.00,1200.00
244.00,418.00,9.00,5320.00,1870.00,-82.00,-99.00,635.00,1116.00
244.00,442.00,9.00,5501.00,1545.00,-165.00,117.00,334.00,1338.00
248.00,450.00,13.00,5764.00,1699.00,226.00,141.00,434.00,1190.00
246.00,464.00,10.00,5638.00,1248.00,106.00,156.00,278.00,1197.00
246.00,470.00,10.00,5843.00,1235.00,189.00,357.00,177.00,1432.00
264.00,466.00,10.00,6950.00,-29.00,586.00,634.00,-332.00,635.00
270.00,452.00,10.00,5652.00,-1367.00,632.00,408.00,-91.00,-27.00
272.00,444.00,11.00,5065.00,-1159.00,790.00,589.00,-453.00,-15.00
280.00,430.00,9.00,4660.00,-1236.00,1003.00,501.00,-349.00,-412.00
286.00,414.00,11.00,4429.00,-1280.00,893.00,672.00,-417.00,-462.00
298.00,386.00,9.00,4244.00,-1093.00,516.00,630.00,-526.00,-696.00
304.00,370.00,11.00,4515.00,-954.00,356.00,624.00,-573.00,-872.00
312.00,352.00,8.00,4246.00,-705.00,-85.00,526.00,-567.00,-958.00
312.00,344.00,9.00,4301.00,-650.00,-346.00,597.00,-685.00,-963.00
318.00,332.00,9.00,4287.00,-376.00,-498.00,525.00,-771.00,-1135.00
320.00,320.00,10.00,4029.00,-253.00,-661.00,404.00,-707.00,-1216.00
320.00,308.00,9.00,3724.00,35.00,-928.00,351.00,-803.00,-1081.00
320.00,300.00,10.00,3390.00,309.00,-1084.00,286.00,-697.00,-1220.00
322.00,292.00,8.00,2640.00,248.00,-1602.00,160.00,-541.00,-1270.00
322.00,288.00,8.00,2323.00,362.00,-1765.00,199.00,-609.00,-1149.00
320.00,286.00,8.00,2069.00,548.00,-1793.00,108.00,-410.00,-1137.00
320.00,284.00,7.00,1819.00,715.00,-2401.00,-112.00,-286.00,-668.00
318.00,286.00,8.00,1732.00,638.00,-2299.00,-251.00,-69.00,-467.00
314.00,290.00,10.00,1974.00,724.00,-2353.00,-362.00,-80.00,-45.00
312.00,294.00,10.00,2644.00,1071.00,-2296.00,-417.00,-39.00,96.00
310.00,302.00,9.00,2985.00,1162.00,-2163.00,-647.00,113.00,153.00
304.00,308.00,10.00,3133.00,1269.00,-1923.00,-682.00,116.00,513.00
298.00,316.00,10.00,3694.00,1578.00,-1968.00,-635.00,211.00,618.00
292.00,330.00,8.00,4073.00,1650.00,-1698.00,-669.00,149.00,684.00
288.00,336.00,9.00,4254.00,1699.00,-1731.00,-737.00,229.00,716.00
280.00,344.00,9.00,4146.00,1508.00,-1791.00,-763.00,236.00,857.00
272.00,354.00,10.00,4646.00,1526.00,-1648.00,-608.00,121.00,887.00
264.00,366.00,9.00,4801.00,1517.00,-1557.00,-676.00,111.00,897.00
254.00,374.00,10.00,5064.00,1495.00,-1324.00,-754.00,112.00,952.00
244.00,382.00,10.00,4722.00,1079.00,-1545.00,-785.00,26.00,920.00
228.00,392.00,10.00,5244.00,1199.00,-1139.00,-686.00,30.00,945.00
216.00,400.00,10.00,5107.00,992.00,-1225.00,-847.00,35.00,843.00
204.00,404.00,10.00,5328.00,890.00,-1085.00,-796.00,-31.00,1015.00
194.00,408.00,12.00,5434.00,957.00,-1065.00,-731.00,-35.00,778.00
184.00,410.00,10.00,5260.00,739.00,-1179.00,-869.00,-43.00,826.00
172.00,412.00,9.00,5607.00,871.00,-1100.00,-750.00,-70.00,629.00
160.00,414.00,9.00,5440.00,761.00,-1159.00,-815.00,-97.00,594.00
144.00,414.00,12.00,5431.00,731.00,-1220.00,-885.00,-102.00,608.00
132.00,408.00,12.00,5387.00,670.00,-1093.00,-866.00,-147.00,533.00
124.00,406.00,9.00,5218.00,484.00,-1386.00,-928.00,-172.00,590.00
108.00,400.00,11.00,5496.00,708.00,-1103.00,-970.00,-170.00,334.00
98.00,390.00,10.00,5339.00,540.00,-1391.00,-1036.00,-148.00,174.00
88.00,382.00,9.00,5354.00,547.00,-1172.00,-1048.00,-295.00,136.00
86.00,376.00,10.00,5336.00,747.00,-1101.00,-877.00,-232.00,-312.00
76.00,362.00,12.00,5048.00,691.00,-1181.00,-872.00,-353.00,-232.00
70.00,350.00,12.00,5062.00,793.00,-1330.00,-830.00,-337.00,-244.00
66.00,340.00,9.00,4802.00,875.00,-1254.00,-861.00,-308.00,-546.00
60.00,324.00,10.00,4482.00,954.00,-1361.00,-819.00,-383.00,-521.00
56.00,310.00,10.00,4380.00,1210.00,-1270.00,-647.00,-317.00,-611.00
56.00,302.00,9.00,4267.00,1289.00,-1438.00,-577.00,-366.00,-734.00
54.00,288.00,10.00,3785.00,1276.00,-1374.00,-549.00,-381.00,-634.00
54.00,278.00,10.00,3887.00,1674.00,-1240.00,-364.00,-364.00,-781.00
56.00,268.00,10.00,3456.00,1589.00,-1317.00,-349.00,-369.00,-912.00
58.00,258.00,10.00,3121.00,1923.00,-1271.00,-212.00,-408.00,-835.00
60.00,250.00,10.00,2570.00,1813.00,-1357.00,-152.00,-319.00,-846.00
62.00,244.00,9.00,2120.00,1843.00,-1402.00,-147.00,-250.00,-581.00
66.00,240.00,9.00,1865.00,1873.00,-1315.00,-207.00,-133.00,-530.00
66.00,238.00,8.00,1573.00,1771.00,-1175.00,-170.00,-26.00,-473.00
66.00,238.00,8.00,1236.00,1631.00,-1138.00,-128.00,75.00,-144.00
68.00,240.00,9.00,1132.00,1562.00,-1017.00,-25.00,140.00,258.00
66.00,246.00,10.00,1465.00,1594.00,-1109.00,-10.00,290.00,396.00
64.00,254.00,10.00,1810.00,1601.00,-1249.00,-151.00,455.00,553.00
60.00,268.00,9.00,2260.00,1617.00,-990.00,-89.00,475.00,738.00
60.00,280.00,12.00,2907.00,1726.00,-801.00,-5.00,558.00,973.00
58.00,298.00,9.00,3353.00,1743.00,-802.00,-33.00,659.00,947.00
58.00,306.00,10.00,3799.00,1732.00,-1090.00,-7.00,578.00,934.00
60.00,332.00,9.00,4223.00,1786.00,-516.00,-99.00,681.00,960.00
62.00,350.00,11.00,4433.00,1695.00,-659.00,-90.00,734.00,964.00
66.00,370.00,9.00,4718.00,1636.00,-552.00,63.00,601.00,908.00
72.00,386.00,9.00,5087.00,1596.00,-428.00,55.00,658.00,920.00
80.00,402.00,10.00,5347.00,1485.00,-330.00,231.00,557.00,837.00
84.00,410.00,10.00,5428.00,1382.00,-338.00,338.00,465.00,844.00
98.00,430.00,10.00,5524.00,1365.00,-41.00,246.00,604.00,700.00
110.00,442.00,10.00,5596.00,1159.00,-134.00,506.00,478.00,679.00
120.00,452.00,10.00,5784.00,1088.00,-53.00,502.00,502.00,645.00
126.00,456.00,10.00,5854.00,1024.00,-173.00,503.00,514.00,609.00
142.00,466.00,10.00,5888.00,689.00,-247.00,842.00,299.00,662.00
162.00,472.00,12.00,6469.00,574.00,-557.00,813.00,167.00,370.00
174.00,466.00,10.00,6646.00,438.00,-404.00,783.00,175.00,378.00
182.00,460.00,10.00,6904.00,443.00,-424.00,883.00,-70.00,172.00
190.00,450.00,10.00,6998.00,314.00,-316.00,865.00,-162.00,-41.00
196.00,438.00,9.00,6564.00,-43.00,-281.00,774.00,-138.00,-107.00
202.00,422.00,10.00,6703.00,217.00,-13.00,860.00,-453.00,-345.00
204.00,414.00,9.00,6497.00,3.00,163.00,721.00,-335.00,-628.00
214.00,384.00,10.00,6048.00,-211.00,125.00,795.00,-421.00,-500.00
214.00,372.00,10.00,6085.00,234.00,154.00,795.00,-729.00,-874.00
224.00,336.00,9.00,5546.00,-52.00,234.00,646.00,-544.00,-1083.00
230.00,314.00,10.00,5080.00,-58.00,-60.00,666.00,-622.00,-943.00
236.00,292.00,10.00,4957.00,370.00,-33.00,698.00,-781.00,-1229.00
240.00,270.00,9.00,4372.00,299.00,-483.00,549.00,-665.00,-1276.00
248.00,244.00,8.00,3852.00,836.00,-938.00,492.00,-788.00,-1293.00
254.00,226.00,9.00,3323.00,945.00,-1363.00,466.00,-732.00,-1344.00
258.00,212.00,9.00,3046.00,1082.00,-1600.00,392.00,-840.00,-1237.00
262.00,194.00,9.00,2612.00,1351.00,-1549.00,308.00,-784.00,-1353.00
264.00,188.00,11.00,2140.00,1398.00,-1639.00,271.00,-578.00,-1346.00
264.00,180.00,10.00,1610.00,1655.00,-1962.00,269.00,-621.00,-1162.00
268.00,174.00,8.00,1222.00,1657.00,-2216.00,253.00,-500.00,-1243.00
270.00,170.00,8.00,978.00,1697.00,-2467.00,234.00,-542.00,-1211.00
270.00,170.00,7.00,562.00,1521.00,-2509.00,61.00,-377.00,-1195.00
270.00,168.00,7.00,278.00,1544.00,-2638.00,16.00,-266.00,-1089.00
272.00,170.00,6.00,-143.00,1459.00,-2727.00,-88.00,-289.00,-911.00
270.00,168.00,7.00,-453.00,1557.00,-2600.00,-171.00,-101.00,-541.00
268.00,170.00,8.00,-406.00,1913.00,-2605.00,-226.00,38.00,-438.00
268.00,170.00,6.00,-428.00,1932.00,-2723.00,-253.00,52.00,-360.00
268.00,174.00,6.00,-256.00,1931.00,-2587.00,-308.00,180.00,153.00
268.00,178.00,7.00,254.00,2396.00,-2621.00,-373.00,296.00,302.00
264.00,184.00,8.00,437.00,2469.00,-2550.00,-469.00,350.00,356.00
264.00,188.00,8.00,555.00,2582.00,-2530.00,-508.00,404.00,614.00
262.00,194.00,9.00,1178.00,2857.00,-2360.00,-465.00,426.00,599.00
260.00,200.00,9.00,1230.00,2791.00,-2603.00,-577.00,463.00,587.00
262.00,206.00,9.00,1569.00,2891.00,-2287.00,-653.00,456.00,834.00
260.00,216.00,10.00,1893.00,3044.00,-2043.00,-598.00,486.00,718.00
256.00,224.00,10.00,1893.00,2992.00,-2013.00,-600.00,468.00,757.00
256.00,232.00,10.00,2254.00,3129.00,-1727.00,-571.00,452.00,867.00
252.00,242.00,10.00,2782.00,3121.00,-1671.00,-643.00,499.00,807.00
252.00,258.00,10.00,3111.00,3233.00,-1231.00,-396.00,329.00,945.00
250.00,270.00,10.00,3336.00,3195.00,-1209.00,-480.00,471.00,853.00
248.00,278.00,10.00,3511.00,3049.00,-1183.00,-497.00,431.00,858.00
246.00,298.00,8.00,3631.00,3019.00,-1011.00,-374.00,319.00,913.00
246.00,304.00,10.00,3784.00,2976.00,-1056.00,-397.00,416.00,819.00
244.00,314.00,8.00,4054.00,2774.00,-828.00,-413.00,263.00,938.00
244.00,328.00,10.00,4121.00,2778.00,-487.00,-373.00,319.00,808.00
242.00,340.00,9.00,4112.00,2610.00,-605.00,-356.00,325.00,786.00
240.00,358.00,10.00,4333.00,2397.00,-359.00,-234.00,220.00,933.00
238.00,364.00,10.00,4453.00,2382.00,-313.00,-230.00,288.00,822.00
238.00,376.00,10.00,4669.00,2181.00,-311.00,-184.00,267.00,824.00
236.00,388.00,12.00,4693.00,2139.00,-125.00,-111.00,187.00,921.00
238.00,398.00,12.00,5385.00,2019.00,-121.00,-51.00,210.00,734.00
236.00,406.00,11.00,5395.00,1992.00,-58.00,-73.00,186.00,607.00
236.00,412.00,10.00,5465.00,1975.00,-118.00,-41.00,160.00,289.00
236.00,416.00,10.00,5465.00,1975.00,-118.00,-41.00,160.00,289.00
236.00,418.00,10.00,5136.00,1742.00,-205.00,-115.00,117.00,110.00
236.00,418.00,10.00,4987.00,1697.00,-48.00,-79.00,80.00,107.00
236.00,418.00,10.00,4909.00,1651.00,-54.00,-24.00,37.00,11.00
236.00,416.00,9.00,4629.00,1501.00,-44.00,-47.00,50.00,-59.00
234.00,414.00,12.00,4467.00,1354.00,-8.00,-9.00,18.00,-44.00
236.00,414.00,10.00,4430.00,1310.00,44.00,2.00,-11.00,-66.00
236.00,414.00,10.00,4333.00,1274.00,133.00,1.00,9.00,-20.00
236.00,412.00,9.00,4302.00,1223.00,108.00,46.00,-4.00,-15.00
236.00,412.00,9.00,4338.00,1271.00,89.00,33.00,5.00,51.00
238.00,412.00,9.00,4358.00,1254.00,63.00,11.00,10.00,27.00
238.00,414.00,10.00,4357.00,1257.00,59.00,-4.00,20.00,42.00
238.00,414.00,10.00,4430.00,1319.00,91.00,0.00,24.00,64.00
238.00,414.00,10.00,4423.00,1319.00,33.00,15.00,20.00,55.00
238.00,412.00,9.00,4434.00,1319.00,-5.00,42.00,-1.00,21.00
238.00,412.00,9.00,4413.00,1324.00,-1.00,-7.00,22.00,30.00
238.00,414.00,10.00,4435.00,1304.00,27.00,11.00,28.00,58.00
238.00,414.00,10.00,4478.00,1308.00,8.00,3.00,36.00,37.00
238.00,414.00,10.00,4378.00,1269.00,25.00,-1.00,13.00,64.00
238.00,414.00,10.00,4419.00,1274.00,28.00,-33.00,32.00,24.00
238.00,414.00,10.00,4445.00,1257.00,42.00,-24.00,-4.00,45.00
238.00,414.00,10.00,4609.00,1344.00,297.00,-42.00,103.00,-72.00
238.00,412.00,10.00,4355.00,1265.00,130.00,-13.00,38.00,-35.00
238.00,412.00,10.00,4339.00,1206.00,162.00,23.00,6.00,96.00
238.00,412.00,9.00,4339.00,1206.00,162.00,23.00,6.00,96.00
112.00,346.00,7.00,3970.00,724.00,-998.00,72.00,111.00,22.00
114.00,348.00,8.00,4027.00,614.00,-851.00,8.00,201.00,180.00
112.00,348.00,8.00,4160.00,680.00,-837.00,-10.00,208.00,221.00
114.00,354.00,8.00,4150.00,667.00,-655.00,19.00,188.00,149.00
116.00,356.00,8.00,4284.00,471.00,-479.00,52.00,176.00,270.00
116.00,360.00,8.00,4529.00,540.00,-474.00,97.00,225.00,287.00
118.00,364.00,8.00,4652.00,605.00,-536.00,149.00,232.00,226.00
120.00,366.00,8.00,4694.00,466.00,-447.00,143.00,229.00,183.00
124.00,372.00,8.00,4785.00,456.00,-343.00,210.00,221.00,171.00
128.00,372.00,10.00,4814.00,445.00,-396.00,199.00,275.00,113.00
130.00,376.00,8.00,4834.00,372.00,-379.00,195.00,271.00,103.00
134.00,380.00,10.00,4919.00,365.00,-220.00,195.00,283.00,114.00
140.00,378.00,9.00,4931.00,360.00,-131.00,214.00,326.00,9.00
144.00,382.00,8.00,4872.00,274.00,-64.00,237.00,326.00,12.00
150.00,382.00,9.00,5017.00,381.00,-9.00,318.00,264.00,24.00
156.00,384.00,9.00,4996.00,348.00,-80.00,314.00,315.00,-83.00
162.00,382.00,10.00,5061.00,345.00,140.00,344.00,254.00,-17.00
168.00,382.00,10.00,5203.00,335.00,139.00,392.00,242.00,-37.00
174.00,382.00,10.00,5335.00,411.00,-48.00,368.00,262.00,-175.00
182.00,380.00,10.00,5325.00,460.00,-12.00,370.00,174.00,-187.00
186.00,374.00,9.00,5500.00,425.00,153.00,400.00,158.00,-258.00
192.00,370.00,9.00,5471.00,398.00,32.00,433.00,128.00,-314.00
196.00,362.00,10.00,5373.00,492.00,-143.00,434.00,27.00,-315.00
202.00,354.00,10.00,5391.00,552.00,-89.00,413.00,33.00,-349.00
208.00,346.00,8.00,5333.00,556.00,-69.00,374.00,24.00,-395.00
212.00,338.00,10.00,5286.00,736.00,-160.00,378.00,-70.00,-487.00
214.00,332.00,9.00,5194.00,720.00,-185.00,348.00,-57.00,-546.00
218.00,320.00,10.00,5001.00,755.00,-156.00,309.00,-88.00,-536.00
218.00,310.00,10.00,4762.00,942.00,-203.00,244.00,-142.00,-520.00
222.00,300.00,10.00,4736.00,1057.00,-172.00,226.00,-138.00,-529.00
224.00,286.00,9.00,4502.00,1160.00,-209.00,205.00,-183.00,-557.00
228.00,280.00,10.00,4429.00,1304.00,-284.00,183.00,-184.00,-518.00
226.00,268.00,11.00,4434.00,1425.00,-276.00,161.00,-179.00,-564.00
230.00,260.00,9.00,4175.00,1553.00,-383.00,131.00,-186.00,-543.00
#0.00,0.00,0.00,4080.00,1638.00,-373.00,131.00,-194.00,-553.00
234.00,242.00,10.00,3936.00,1696.00,-356.00,129.00,-197.00,-562.00
232.00,232.00,10.00,3737.00,1788.00,-459.00,123.00,-180.00,-585.00
236.00,226.00,10.00,3581.00,1855.00,-487.00,116.00,-184.00,-548.00
236.00,218.00,10.00,3485.00,1979.00,-557.00,91.00,-155.00,-555.00
236.00,212.00,10.00,3295.00,2098.00,-630.00,74.00,-143.00,-543.00
238.00,206.00,10.00,3102.00,2180.00,-631.00,54.00,-113.00,-528.00
240.00,202.00,8.00,2858.00,2235.00,-788.00,59.00,-68.00,-417.00
240.00,198.00,7.00,2715.00,2256.00,-827.00,28.00,-50.00,-338.00
242.00,198.00,8.00,2545.00,2262.00,-862.00,2.00,-27.00,-267.00
242.00,196.00,7.00,2238.00,2243.00,-712.00,-30.00,12.00,-174.00
242.00,196.00,8.00,2100.00,2150.00,-649.00,-31.00,59.00,-80.00
242.00,200.00,7.00,2018.00,2043.00,-684.00,-55.00,106.00,99.00
240.00,204.00,8.00,1977.00,1926.00,-639.00,-66.00,103.00,270.00
242.00,208.00,10.00,2281.00,1962.00,-461.00,-92.00,233.00,500.00
240.00,216.00,9.00,2982.00,1974.00,-594.00,-94.00,228.00,638.00
242.00,224.00,10.00,3394.00,1891.00,-439.00,-194.00,284.00,676.00
240.00,236.00,10.00,3653.00,1914.00,-198.00,-175.00,309.00,667.00
240.00,244.00,10.00,3835.00,1732.00,-295.00,-189.00,314.00,655.00
238.00,260.00,9.00,3888.00,1631.00,43.00,-191.00,251.00,707.00
236.00,280.00,10.00,4444.00,1450.00,49.00,-147.00,262.00,722.00
236.00,294.00,10.00,4620.00,1422.00,199.00,-184.00,334.00,654.00
#0.00,0.00,0.00,4618.00,1420.00,51.00,-227.00,313.00,617.00
#0.00,0.00,0.00,4632.00,1194.00,466.00,-236.00,295.00,601.00
236.00,332.00,10.00,4514.00,1294.00,598.00,-212.00,254.00,599.00
238.00,346.00,10.00,4514.00,1294.00,598.00,-212.00,254.00,599.00
238.00,362.00,11.00,4815.00,1215.00,477.00,-194.00,237.00,677.00
240.00,374.00,10.00,4989.00,1147.00,784.00,-209.00,202.00,658.00
240.00,384.00,10.00,5090.00,1189.00,849.00,-113.00,148.00,675.00
240.00,394.00,10.00,5434.00,1178.00,765.00,-72.00,73.00,736.00
242.00,402.00,11.00,5752.00,1023.00,644.00,-53.00,48.00,713.00
244.00,408.00,9.00,5803.00,814.00,766.00,-8.00,-45.00,648.00
244.00,414.00,8.00,5929.00,738.00,878.00,131.00,-51.00,670.00
246.00,416.00,7.00,6106.00,622.00,478.00,191.00,-126.00,560.00
246.00,414.00,8.00,6360.00,226.00,601.00,171.00,-210.00,452.00
246.00,412.00,9.00,6440.00,273.00,749.00,283.00,-241.00,260.00
248.00,406.00,10.00,6170.00,-88.00,213.00,353.00,-310.00,44.00
248.00,398.00,10.00,6057.00,-382.00,282.00,306.00,-323.00,48.00
250.00,392.00,8.00,6153.00,-316.00,561.00,357.00,-269.00,-122.00
254.00,382.00,10.00,5396.00,-684.00,786.00,464.00,-289.00,-202.00
254.00,370.00,9.00,5292.00,-544.00,526.00,594.00,-359.00,-116.00
258.00,362.00,8.00,5150.00,-383.00,122.00,629.00,-431.00,-492.00
262.00,348.00,10.00,4789.00,-42.00,-310.00,565.00,-358.00,-537.00
266.00,338.00,10.00,4508.00,303.00,-858.00,476.00,-394.00,-715.00
270.00,324.00,10.00,3999.00,509.00,-1043.00,326.00,-390.00,-834.00
270.00,314.00,10.00,3662.00,561.00,-1061.00,218.00,-343.00,-844.00
272.00,304.00,9.00,3188.00,947.00,-1277.00,121.00,-295.00,-878.00
268.00,296.00,8.00,2568.00,946.00,-1549.00,-22.00,-276.00,-888.00
266.00,292.00,10.00,2292.00,996.00,-1342.00,-163.00,-184.00,-587.00
266.00,288.00,9.00,2342.00,1214.00,-1243.00,-229.00,-73.00,-545.00
264.00,286.00,7.00,2031.00,1206.00,-1436.00,-309.00,-37.00,-389.00
260.00,286.00,7.00,2035.00,1093.00,-1110.00,-429.00,67.00,-76.00
256.00,290.00,9.00,2477.00,1290.00,-722.00,-466.00,227.00,86.00
250.00,292.00,9.00,2706.00,1279.00,-639.00,-436.00,192.00,142.00
246.00,300.00,9.00,2948.00,1083.00,-631.00,-425.00,244.00,409.00
244.00,310.00,11.00,3619.00,1100.00,-520.00,-456.00,369.00,551.00
240.00,320.00,10.00,4130.00,1161.00,-293.00,-441.00,264.00,452.00
236.00,326.00,9.00,4303.00,1078.00,-322.00,-418.00,318.00,504.00
228.00,340.00,7.00,4754.00,996.00,-121.00,-471.00,277.00,506.00
226.00,348.00,9.00,4751.00,807.00,-107.00,-432.00,227.00,543.00
220.00,358.00,7.00,4887.00,698.00,-112.00,-468.00,242.00,541.00
216.00,364.00,8.00,5012.00,663.00,85.00,-463.00,224.00,514.00
212.00,372.00,10.00,5088.00,646.00,117.00,-443.00,214.00,498.00
208.00,382.00,8.00,5161.00,541.00,90.00,-461.00,183.00,462.00
200.00,390.00,8.00,5226.00,414.00,-126.00,-478.00,102.00,432.00
198.00,394.00,8.00,5366.00,235.00,-25.00,-484.00,43.00,447.00
190.00,402.00,8.00,5354.00,251.00,-304.00,-477.00,34.00,403.00
184.00,404.00,10.00,5195.00,-80.00,-751.00,-555.00,-82.00,438.00
176.00,410.00,10.00,5557.00,-142.00,-389.00,-612.00,-68.00,469.00
168.00,414.00,10.00,5758.00,-151.00,-709.00,-626.00,-167.00,370.00
156.00,414.00,8.00,5729.00,-227.00,-1020.00,-686.00,-242.00,333.00
148.00,416.00,10.00,5745.00,-392.00,-726.00,-876.00,-214.00,384.00
126.00,412.00,10.00,5848.00,-466.00,-808.00,-918.00,-302.00,119.00
114.00,402.00,9.00,6082.00,-451.00,-489.00,-993.00,-313.00,-55.00
106.00,396.00,8.00,6001.00,-318.00,-300.00,-994.00,-286.00,-201.00
92.00,384.00,8.00,5959.00,-233.00,-438.00,-1004.00,-348.00,-366.00
86.00,376.00,10.00,5786.00,-165.00,-171.00,-1034.00,-324.00,-501.00
80.00,366.00,10.00,5024.00,184.00,87.00,-862.00,-320.00,-648.00
76.00,358.00,7.00,4674.00,446.00,-23.00,-807.00,-275.00,-651.00
72.00,344.00,9.00,4308.00,547.00,186.00,-733.00,-265.00,-706.00
68.00,336.00,8.00,3999.00,711.00,282.00,-587.00,-253.00,-596.00
66.00,326.00,8.00,3750.00,975.00,136.00,-434.00,-207.00,-528.00
62.00,318.00,8.00,3653.00,1074.00,82.00,-342.00,-202.00,-473.00
64.00,312.00,7.00,3499.00,1107.00,-55.00,-269.00,-141.00,-381.00
62.00,306.00,7.00,3499.00,1107.00,-55.00,-269.00,-141.00,-381.00
64.00,304.00,7.00,3494.00,1215.00,-163.00,-171.00,-97.00,-282.00
62.00,300.00,7.00,3097.00,1206.00,-315.00,-19.00,-64.00,-201.00
62.00,298.00,6.00,3038.00,1255.00,-390.00,-4.00,34.00,-63.00
64.00,300.00,7.00,2943.00,1273.00,-283.00,39.00,66.00,-10.00
64.00,300.00,7.00,3021.00,1237.00,-374.00,130.00,93.00,159.00
64.00,302.00,7.00,3218.00,1162.00,-527.00,156.00,120.00,236.00
64.00,306.00,8.00,3427.00,1213.00,-544.00,176.00,150.00,291.00
66.00,312.00,8.00,3783.00,1219.00,-544.00,190.00,198.00,287.00
64.00,316.00,8.00,3895.00,1115.00,-435.00,207.00,198.00,292.00
66.00,322.00,9.00,4114.00,1085.00,-381.00,239.00,280.00,329.00
68.00,328.00,7.00,4327.00,1077.00,-603.00,200.00,255.00,260.00
70.00,338.00,9.00,4456.00,1058.00,-181.00,178.00,313.00,285.00
74.00,342.00,8.00,4470.00,1065.00,-28.00,177.00,374.00,251.00
78.00,348.00,8.00,4630.00,1017.00,44.00,306.00,239.00,299.00
82.00,356.00,9.00,4801.00,969.00,-147.00,347.00,331.00,308.00
88.00,362.00,10.00,4657.00,1070.00,14.00,346.00,374.00,374.00
92.00,370.00,9.00,5084.00,844.00,302.00,566.00,282.00,415.00
102.00,374.00,10.00,5208.00,773.00,2.00,543.00,383.00,287.00
110.00,378.00,10.00,4867.00,715.00,171.00,408.00,460.00,203.00
118.00,384.00,10.00,5260.00,540.00,348.00,708.00,453.00,307.00
126.00,388.00,9.00,5524.00,549.00,-88.00,620.00,508.00,206.00
136.00,392.00,9.00,5400.00,351.00,288.00,745.00,349.00,257.00
150.00,394.00,8.00,5603.00,330.00,-34.00,752.00,338.00,207.00
158.00,396.00,10.00,5645.00,403.00,-257.00,625.00,353.00,138.00
168.00,394.00,10.00,5645.00,403.00,-257.00,625.00,353.00,138.00
180.00,394.00,10.00,5705.00,371.00,81.00,652.00,237.00,84.00
188.00,390.00,9.00,5712.00,370.00,-36.00,647.00,165.00,34.00
196.00,384.00,9.00,5821.00,487.00,-299.00,627.00,88.00,-98.00
204.00,380.00,11.00,5728.00,450.00,-281.00,562.00,66.00,-131.00
210.00,368.00,8.00,5847.00,554.00,-26.00,494.00,80.00,-238.00
212.00,362.00,10.00,5805.00,646.00,-52.00,473.00,-16.00,-407.00
220.00,348.00,9.00,5717.00,643.00,85.00,478.00,-95.00,-506.00
224.00,334.00,7.00,5494.00,768.00,193.00,447.00,-94.00,-622.00
224.00,326.00,9.00,5387.00,822.00,69.00,454.00,-146.00,-706.00
228.00,312.00,9.00,5320.00,982.00,97.00,428.00,-219.00,-782.00
236.00,268.00,10.00,4754.00,1272.00,198.00,383.00,-267.00,-992.00
238.00,254.00,10.00,4145.00,1585.00,-74.00,350.00,-315.00,-1031.00
242.00,226.00,10.00,3213.00,1855.00,-357.00,282.00,-236.00,-989.00
248.00,218.00,11.00,3045.00,1951.00,-447.00,239.00,-213.00,-973.00
248.00,206.00,10.00,2575.00,1999.00,-581.00,196.00,-157.00,-934.00
248.00,198.00,9.00,2242.00,2058.00,-750.00,132.00,-125.00,-841.00
250.00,192.00,8.00,1942.00,2146.00,-839.00,83.00,-108.00,-744.00
252.00,188.00,8.00,1270.00,2077.00,-763.00,-39.00,-8.00,-349.00
252.00,186.00,8.00,1203.00,2192.00,-736.00,-65.00,59.00,-97.00
250.00,186.00,8.00,1203.00,2192.00,-736.00,-65.00,59.00,-97.00
248.00,188.00,10.00,1247.00,2110.00,-687.00,-76.00,109.00,56.00
250.00,190.00,7.00,1324.00,2003.00,-505.00,-137.00,113.00,292.00
250.00,196.00,10.00,1367.00,1989.00,-408.00,-169.00,166.00,467.00
250.00,204.00,10.00,1777.00,2095.00,-215.00,-151.00,232.00,663.00
246.00,230.00,10.00,3181.00,2163.00,-298.00,-322.00,353.00,892.00
244.00,256.00,10.00,3966.00,2098.00,352.00,-309.00,312.00,946.00
242.00,272.00,9.00,4172.00,2129.00,411.00,-264.00,282.00,915.00
244.00,280.00,9.00,4364.00,2074.00,240.00,-248.00,287.00,862.00
242.00,302.00,10.00,4828.00,1803.00,609.00,-290.00,254.00,916.00
#0.00,0.00,0.00,4792.00,1749.00,1168.00,-203.00,257.00,778.00
246.00,344.00,9.00,4659.00,1430.00,769.00,-304.00,311.00,607.00
248.00,358.00,8.00,4427.00,1243.00,980.00,-128.00,276.00,765.00
248.00,370.00,10.00,4786.00,1265.00,407.00,-74.00,176.00,778.00
250.00,382.00,10.00,4706.00,1084.00,821.00,-228.00,224.00,767.00
254.00,394.00,11.00,4840.00,1202.00,852.00,-55.00,129.00,941.00
254.00,408.00,9.00,5231.00,1120.00,473.00,0.00,45.00,999.00
258.00,416.00,10.00,5679.00,1183.00,514.00,-113.00,90.00,880.00
258.00,422.00,9.00,5819.00,987.00,1167.00,-57.00,12.00,827.00
258.00,428.00,9.00,6479.00,704.00,1220.00,226.00,-76.00,888.00
258.00,430.00,10.00,7279.00,633.00,1209.00,262.00,-225.00,211.00
260.00,426.00,9.00,6867.00,281.00,1107.00,479.00,-313.00,25.00
264.00,420.00,8.00,6831.00,167.00,605.00,517.00,-363.00,-71.00
264.00,414.00,9.00,6805.00,102.00,486.00,519.00,-409.00,-182.00
266.00,398.00,10.00,6231.00,-29.00,659.00,503.00,-402.00,-341.00
276.00,346.00,9.00,5108.00,249.00,238.00,470.00,-443.00,-771.00
278.00,316.00,7.00,4508.00,561.00,-174.00,441.00,-520.00,-911.00
286.00,288.00,9.00,3798.00,782.00,-678.00,338.00,-494.00,-971.00
288.00,276.00,9.00,3349.00,1032.00,-856.00,271.00,-327.00,-1013.00
290.00,260.00,7.00,2397.00,1369.00,-1426.00,185.00,-315.00,-880.00
290.00,256.00,7.00,1963.00,1312.00,-1760.00,62.00,-169.00,-790.00
290.00,250.00,8.00,1607.00,1452.00,-1796.00,-112.00,-109.00,-493.00
286.00,248.00,7.00,1528.00,1598.00,-1725.00,-213.00,-1.00,-389.00
284.00,248.00,7.00,1336.00,1416.00,-1476.00,-495.00,103.00,46.00
278.00,250.00,10.00,1601.00,1522.00,-1028.00,-548.00,262.00,320.00
276.00,256.00,10.00,1862.00,1497.00,-902.00,-560.00,343.00,450.00
268.00,266.00,9.00,2558.00,1329.00,-863.00,-563.00,337.00,685.00
256.00,300.00,10.00,4252.00,1383.00,-402.00,-578.00,371.00,926.00
236.00,336.00,9.00,5150.00,1073.00,-213.00,-555.00,182.00,756.00
230.00,346.00,11.00,5267.00,828.00,-75.00,-615.00,201.00,664.00
224.00,356.00,11.00,5354.00,789.00,-144.00,-599.00,146.00,665.00
216.00,370.00,9.00,5256.00,709.00,-520.00,-614.00,62.00,613.00
210.00,376.00,10.00,5304.00,476.00,-300.00,-777.00,121.00,557.00
202.00,384.00,8.00,5519.00,388.00,-13.00,-723.00,47.00,571.00
188.00,392.00,10.00,5635.00,432.00,-316.00,-662.00,-69.00,556.00
182.00,396.00,11.00,5852.00,118.00,-523.00,-786.00,-169.00,476.00
164.00,404.00,7.00,5853.00,-31.00,-824.00,-899.00,-354.00,411.00
146.00,406.00,10.00,5900.00,-50.00,-586.00,-1001.00,-345.00,300.00
136.00,406.00,10.00,5994.00,-66.00,-612.00,-1043.00,-416.00,203.00
118.00,398.00,10.00,5980.00,-168.00,-507.00,-1066.00,-421.00,110.00
96.00,392.00,9.00,5725.00,-312.00,-359.00,-1158.00,-371.00,-7.00
86.00,384.00,8.00,5764.00,-147.00,-23.00,-1082.00,-356.00,-105.00
80.00,376.00,9.00,5776.00,-73.00,-297.00,-1002.00,-366.00,-228.00
72.00,368.00,8.00,5756.00,-16.00,-290.00,-978.00,-368.00,-266.00
66.00,358.00,8.00,5601.00,112.00,-239.00,-977.00,-373.00,-352.00
62.00,348.00,8.00,4933.00,393.00,-197.00,-866.00,-286.00,-562.00
62.00,336.00,10.00,4373.00,819.00,-91.00,-662.00,-212.00,-612.00
58.00,328.00,7.00,4135.00,916.00,-63.00,-584.00,-215.00,-647.00
60.00,316.00,10.00,4135.00,916.00,-63.00,-584.00,-215.00,-647.00
56.00,310.00,7.00,3809.00,1080.00,-42.00,-449.00,-238.00,-598.00
58.00,300.00,7.00,3514.00,1248.00,-53.00,-317.00,-170.00,-562.00
58.00,294.00,7.00,3232.00,1329.00,-184.00,-230.00,-123.00,-491.00
60.00,288.00,7.00,3024.00,1333.00,-10.00,-168.00,-134.00,-433.00
60.00,284.00,7.00,2702.00,1430.00,94.00,-12.00,-3.00,-356.00
62.00,282.00,7.00,2320.00,1379.00,105.00,175.00,55.00,-120.00
64.00,284.00,7.00,2522.00,1378.00,59.00,330.00,198.00,74.00
64.00,284.00,7.00,2705.00,1404.00,-113.00,416.00,197.00,165.00
66.00,288.00,8.00,3178.00,1482.00,-208.00,446.00,293.00,231.00
68.00,294.00,7.00,3788.00,1389.00,-348.00,539.00,320.00,299.00
68.00,300.00,8.00,3788.00,1389.00,-348.00,539.00,320.00,299.00
72.00,304.00,7.00,4294.00,1470.00,-585.00,538.00,428.00,253.00
76.00,312.00,7.00,4336.00,1282.00,-513.00,517.00,427.00,172.00
80.00,318.00,8.00,4549.00,1152.00,-252.00,691.00,365.00,302.00
86.00,324.00,9.00,4726.00,1106.00,-615.00,646.00,559.00,152.00
90.00,330.00,8.00,4775.00,946.00,-438.00,754.00,408.00,257.00
102.00,340.00,8.00,4871.00,735.00,-463.00,587.00,520.00,179.00
108.00,344.00,10.00,4787.00,809.00,-206.00,621.00,511.00,183.00
118.00,352.00,8.00,4993.00,765.00,-188.00,622.00,606.00,185.00
130.00,358.00,10.00,4993.00,765.00,-188.00,622.00,606.00,185.00
138.00,364.00,8.00,4982.00,717.00,-34.00,547.00,644.00,181.00
146.00,368.00,9.00,5110.00,611.00,271.00,602.00,577.00,205.00
158.00,376.00,10.00,5128.00,526.00,332.00,630.00,587.00,192.00
176.00,382.00,10.00,5222.00,535.00,151.00,615.00,632.00,199.00
202.00,384.00,12.00,5219.00,705.00,402.00,744.00,491.00,284.00
218.00,390.00,9.00,5554.00,794.00,234.00,812.00,357.00,320.00
226.00,386.00,11.00,6039.00,820.00,-49.00,791.00,275.00,218.00
238.00,386.00,10.00,6213.00,864.00,-216.00,771.00,208.00,80.00
248.00,382.00,9.00,6407.00,869.00,-566.00,683.00,85.00,-38.00
256.00,378.00,10.00,6508.00,944.00,-720.00,578.00,35.00,-174.00
262.00,366.00,10.00,6341.00,997.00,-421.00,409.00,11.00,-406.00
266.00,354.00,9.00,5947.00,938.00,-60.00,363.00,-116.00,-518.00
266.00,340.00,8.00,5557.00,916.00,69.00,343.00,-183.00,-555.00
266.00,334.00,9.00,5465.00,952.00,127.00,316.00,-211.00,-581.00
268.00,286.00,10.00,4777.00,1436.00,208.00,283.00,-356.00,-727.00
266.00,276.00,12.00,4734.00,1469.00,276.00,258.00,-369.00,-758.00
270.00,258.00,10.00,4575.00,1625.00,310.00,265.00,-356.00,-844.00
274.00,236.00,9.00,3920.00,1809.00,-66.00,271.00,-344.00,-924.00
#0.00,0.00,0.00,3523.00,1919.00,-171.00,252.00,-303.00,-886.00
274.00,214.00,8.00,3393.00,2023.00,-252.00,250.00,-270.00,-862.00
276.00,200.00,10.00,3073.00,2161.00,-381.00,244.00,-294.00,-892.00
278.00,192.00,8.00,2659.00,2187.00,-633.00,191.00,-210.00,-846.00
276.00,186.00,10.00,2430.00,2313.00,-707.00,159.00,-179.00,-742.00
280.00,184.00,6.00,2290.00,2419.00,-865.00,156.00,-170.00,-704.00
280.00,176.00,8.00,1945.00,2543.00,-973.00,85.00,-98.00,-613.00
280.00,174.00,8.00,1591.00,2611.00,-1018.00,28.00,-31.00,-341.00
280.00,172.00,8.00,1370.00,2585.00,-989.00,0.00,1.00,-247.00
280.00,170.00,7.00,1070.00,2546.00,-845.00,-19.00,51.00,-36.00
280.00,172.00,8.00,1208.00,2366.00,-910.00,-111.00,138.00,364.00
280.00,174.00,7.00,1375.00,2286.00,-786.00,-112.00,172.00,487.00
280.00,178.00,8.00,1552.00,2307.00,-843.00,-152.00,216.00,594.00
280.00,182.00,8.00,1671.00,2315.00,-847.00,-179.00,226.00,646.00
278.00,202.00,9.00,2362.00,2304.00,-451.00,-293.00,317.00,872.00
276.00,212.00,10.00,2773.00,2159.00,-272.00,-258.00,307.00,953.00
272.00,220.00,10.00,3242.00,2002.00,-254.00,-303.00,383.00,996.00
272.00,314.00,9.00,5199.00,1591.00,451.00,-299.00,313.00,1009.00
272.00,336.00,10.00,5116.00,1452.00,649.00,-165.00,238.00,870.00
272.00,364.00,8.00,5415.00,1312.00,436.00,-186.00,200.00,789.00
272.00,374.00,9.00,5266.00,1202.00,625.00,-152.00,157.00,729.00
272.00,380.00,10.00,5433.00,1038.00,516.00,-102.00,140.00,698.00
270.00,390.00,9.00,5424.00,1048.00,590.00,-74.00,61.00,653.00
270.00,398.00,10.00,5399.00,937.00,606.00,-65.00,68.00,631.00
270.00,402.00,8.00,5528.00,823.00,670.00,-46.00,106.00,565.00
272.00,406.00,10.00,5774.00,751.00,884.00,150.00,-100.00,430.00
270.00,408.00,8.00,6029.00,539.00,914.00,216.00,-43.00,351.00
270.00,408.00,8.00,6247.00,572.00,576.00,299.00,-263.00,239.00
272.00,406.00,9.00,6293.00,597.00,747.00,336.00,-358.00,63.00
272.00,400.00,9.00,6069.00,331.00,647.00,398.00,-310.00,-34.00
274.00,392.00,10.00,6054.00,368.00,487.00,403.00,-218.00,-193.00
276.00,384.00,10.00,5721.00,291.00,367.00,493.00,-484.00,-303.00
278.00,372.00,10.00,5722.00,263.00,474.00,477.00,-401.00,-352.00
280.00,358.00,7.00,5625.00,240.00,263.00,476.00,-286.00,-521.00
282.00,346.00,9.00,5251.00,362.00,-82.00,468.00,-490.00,-657.00
286.00,334.00,11.00,5033.00,434.00,100.00,441.00,-360.00,-753.00
286.00,324.00,9.00,4736.00,490.00,-177.00,424.00,-299.00,-803.00
286.00,312.00,9.00,4251.00,657.00,-581.00,376.00,-428.00,-856.00
292.00,302.00,7.00,4219.00,865.00,-386.00,327.00,-383.00,-843.00
294.00,288.00,9.00,3677.00,1056.00,-930.00,300.00,-319.00,-881.00
292.00,278.00,10.00,3317.00,1144.00,-1292.00,252.00,-369.00,-890.00
294.00,270.00,9.00,3033.00,1194.00,-1300.00,122.00,-325.00,-805.00
294.00,262.00,8.00,2882.00,1373.00,-1370.00,42.00,-227.00,-758.00
294.00,258.00,8.00,2580.00,1478.00,-1580.00,-43.00,-210.00,-687.00
290.00,254.00,10.00,2053.00,1444.00,-1616.00,-203.00,-55.00,-586.00
290.00,250.00,7.00,1607.00,1382.00,-1749.00,-327.00,39.00,-358.00
286.00,252.00,8.00,1327.00,1295.00,-1019.00,-505.00,106.00,27.00
280.00,254.00,10.00,2267.00,1449.00,-954.00,-571.00,322.00,623.00
276.00,260.00,11.00,2710.00,1371.00,-825.00,-568.00,213.00,719.00
276.00,268.00,10.00,2710.00,1371.00,-825.00,-568.00,213.00,719.00
268.00,282.00,9.00,3394.00,1304.00,-887.00,-622.00,298.00,933.00
260.00,290.00,8.00,4110.00,1198.00,-545.00,-734.00,362.00,927.00
248.00,314.00,7.00,4492.00,1066.00,-385.00,-726.00,274.00,889.00
242.00,330.00,10.00,5103.00,712.00,193.00,-800.00,308.00,758.00
#0.00,0.00,0.00,5083.00,639.00,200.00,-759.00,230.00,747.00
220.00,362.00,7.00,5128.00,593.00,-16.00,-725.00,116.00,838.00
208.00,378.00,8.00,5271.00,293.00,127.00,-759.00,110.00,755.00
196.00,396.00,10.00,5540.00,139.00,76.00,-768.00,37.00,642.00
188.00,404.00,10.00,5540.00,139.00,76.00,-768.00,37.00,642.00
182.00,410.00,10.00,5633.00,-2.00,-132.00,-761.00,-32.00,605.00
166.00,416.00,9.00,5764.00,-105.00,-447.00,-762.00,-165.00,613.00
160.00,422.00,9.00,5842.00,-209.00,-498.00,-771.00,-166.00,526.00
146.00,424.00,10.00,6100.00,-408.00,-525.00,-789.00,-273.00,494.00
136.00,426.00,10.00,6332.00,-365.00,-701.00,-806.00,-288.00,420.00
124.00,424.00,10.00,6269.00,-469.00,-1046.00,-906.00,-336.00,189.00
114.00,420.00,10.00,6092.00,-570.00,-706.00,-1019.00,-348.00,123.00
98.00,414.00,7.00,6077.00,-544.00,-575.00,-1086.00,-342.00,-49.00
80.00,400.00,10.00,5921.00,-387.00,-189.00,-1091.00,-350.00,-337.00
72.00,390.00,10.00,5779.00,-267.00,-143.00,-1074.00,-331.00,-446.00
68.00,378.00,9.00,5666.00,-31.00,-43.00,-1063.00,-280.00,-599.00
#0.00,0.00,0.00,5362.00,378.00,-11.00,-917.00,-241.00,-733.00
58.00,342.00,9.00,5193.00,509.00,-132.00,-842.00,-263.00,-850.00
56.00,330.00,9.00,4514.00,733.00,-106.00,-763.00,-231.00,-985.00
56.00,318.00,10.00,3882.00,1055.00,129.00,-572.00,-239.00,-905.00
56.00,304.00,6.00,3504.00,1193.00,79.00,-426.00,-183.00,-816.00
54.00,298.00,9.00,3225.00,1413.00,-134.00,-301.00,-172.00,-723.00
58.00,292.00,6.00,3037.00,1528.00,-149.00,-264.00,-115.00,-681.00
58.00,282.00,6.00,2685.00,1531.00,-93.00,-166.00,-100.00,-531.00
60.00,278.00,7.00,2440.00,1704.00,-73.00,-50.00,-25.00,-374.00
60.00,276.00,6.00,2244.00,1628.00,15.00,33.00,5.00,-237.00
62.00,274.00,6.00,2082.00,1621.00,127.00,102.00,51.00,-117.00
62.00,274.00,6.00,1975.00,1586.00,289.00,251.00,85.00,73.00
60.00,276.00,7.00,2067.00,1425.00,188.00,396.00,104.00,295.00
60.00,282.00,7.00,2642.00,1504.00,-111.00,476.00,224.00,435.00
60.00,286.00,7.00,2989.00,1541.00,-364.00,509.00,238.00,491.00
64.00,294.00,10.00,3522.00,1441.00,-405.00,547.00,270.00,504.00
62.00,302.00,7.00,4052.00,1421.00,-526.00,576.00,320.00,517.00
64.00,312.00,8.00,4470.00,1417.00,-690.00,600.00,331.00,512.00
68.00,318.00,10.00,4720.00,1326.00,-649.00,623.00,358.00,499.00
68.00,328.00,8.00,4919.00,1236.00,-639.00,604.00,409.00,385.00
74.00,334.00,10.00,4979.00,1058.00,-778.00,652.00,416.00,354.00
78.00,342.00,9.00,4971.00,862.00,-572.00,633.00,460.00,233.00
86.00,348.00,9.00,4986.00,848.00,-531.00,724.00,367.00,325.00
94.00,354.00,9.00,5268.00,748.00,-531.00,640.00,530.00,189.00
98.00,360.00,7.00,4766.00,430.00,-160.00,653.00,399.00,192.00
110.00,364.00,10.00,4992.00,548.00,103.00,821.00,337.00,336.00
120.00,372.00,9.00,5216.00,461.00,-320.00,838.00,432.00,267.00
142.00,380.00,9.00,4755.00,403.00,587.00,789.00,340.00,230.00
154.00,386.00,10.00,5096.00,410.00,92.00,988.00,371.00,290.00
172.00,390.00,8.00,5327.00,456.00,-434.00,733.00,503.00,121.00
180.00,392.00,9.00,5109.00,521.00,159.00,694.00,434.00,93.00
194.00,394.00,9.00,5247.00,475.00,133.00,726.00,429.00,110.00
#0.00,0.00,0.00,5621.00,567.00,20.00,724.00,368.00,103.00
238.00,392.00,8.00,5802.00,610.00,-239.00,720.00,262.00,-1.00
242.00,392.00,8.00,5654.00,621.00,-234.00,661.00,200.00,-64.00
254.00,386.00,10.00,5908.00,633.00,-443.00,625.00,101.00,-56.00
262.00,380.00,10.00,6198.00,755.00,-507.00,575.00,53.00,-136.00
266.00,366.00,9.00,6359.00,803.00,-499.00,465.00,17.00,-389.00
270.00,360.00,9.00,6202.00,873.00,-161.00,401.00,-87.00,-539.00
278.00,326.00,10.00,5690.00,991.00,-88.00,336.00,-246.00,-794.00
278.00,316.00,10.00,5368.00,1030.00,147.00,302.00,-276.00,-877.00
280.00,220.00,9.00,3653.00,1909.00,-122.00,261.00,-377.00,-858.00
284.00,202.00,10.00,3168.00,2125.00,-419.00,233.00,-354.00,-853.00
282.00,190.00,10.00,2822.00,2111.00,-561.00,211.00,-311.00,-809.00
284.00,184.00,10.00,2354.00,2261.00,-931.00,133.00,-244.00,-739.00
286.00,178.00,7.00,1964.00,2251.00,-965.00,103.00,-211.00,-641.00
282.00,172.00,10.00,1523.00,2163.00,-993.00,30.00,-123.00,-506.00
284.00,168.00,8.00,1269.00,2106.00,-1047.00,-13.00,-63.00,-380.00
286.00,168.00,8.00,970.00,2097.00,-1109.00,-74.00,-40.00,-183.00
284.00,170.00,8.00,769.00,1830.00,-620.00,-170.00,148.00,224.00
282.00,172.00,8.00,769.00,1830.00,-620.00,-170.00,148.00,224.00
284.00,176.00,8.00,838.00,1902.00,-514.00,-144.00,158.00,441.00
284.00,184.00,9.00,1577.00,1909.00,-831.00,-160.00,269.00,835.00
280.00,194.00,10.00,1726.00,1918.00,-799.00,-192.00,288.00,858.00
274.00,286.00,9.00,4918.00,1767.00,452.00,-390.00,426.00,1045.00
278.00,338.00,9.00,5397.00,1636.00,663.00,-257.00,317.00,849.00
276.00,358.00,10.00,5340.00,1179.00,928.00,-147.00,256.00,728.00
280.00,364.00,10.00,5418.00,1195.00,635.00,-91.00,196.00,724.00
282.00,378.00,10.00,5268.00,894.00,625.00,-101.00,140.00,635.00
282.00,388.00,10.00,5268.00,894.00,625.00,-101.00,140.00,635.00
282.00,398.00,10.00,5085.00,953.00,650.00,-39.00,114.00,670.00
286.00,406.00,12.00,5466.00,786.00,424.00,-51.00,95.00,625.00
282.00,412.00,10.00,5456.00,840.00,621.00,-28.00,1.00,614.00
284.00,416.00,8.00,5561.00,703.00,1001.00,158.00,-93.00,601.00
286.00,418.00,7.00,6325.00,657.00,826.00,264.00,-151.00,563.00
286.00,418.00,10.00,6591.00,693.00,855.00,306.00,-227.00,302.00
288.00,416.00,8.00,6356.00,638.00,959.00,411.00,-339.00,175.00
290.00,410.00,8.00,6221.00,414.00,955.00,562.00,-404.00,81.00
294.00,400.00,9.00,6304.00,431.00,464.00,594.00,-289.00,-72.00
296.00,390.00,10.00,6062.00,303.00,73.00,603.00,-474.00,-221.00
298.00,380.00,10.00,5905.00,289.00,221.00,587.00,-471.00,-327.00
302.00,368.00,10.00,5655.00,180.00,-2.00,518.00,-344.00,-479.00
304.00,354.00,9.00,5367.00,197.00,-251.00,483.00,-410.00,-625.00
310.00,316.00,7.00,4056.00,550.00,-480.00,269.00,-380.00,-826.00
312.00,300.00,10.00,3585.00,704.00,-786.00,236.00,-307.00,-799.00
312.00,290.00,9.00,3292.00,793.00,-922.00,168.00,-328.00,-793.00
310.00,280.00,10.00,2857.00,978.00,-1000.00,103.00,-203.00,-765.00
314.00,274.00,10.00,2477.00,1010.00,-1218.00,73.00,-159.00,-704.00
310.00,268.00,8.00,2217.00,1032.00,-1262.00,0.00,-150.00,-556.00
310.00,264.00,10.00,1831.00,1011.00,-1257.00,-137.00,47.00,-444.00
308.00,264.00,7.00,1368.00,850.00,-1221.00,-359.00,164.00,-1.00
304.00,268.00,9.00,1706.00,850.00,-1168.00,-465.00,281.00,258.00
300.00,274.00,9.00,2179.00,824.00,-1114.00,-482.00,267.00,439.00
264.00,348.00,8.00,5201.00,763.00,-297.00,-818.00,269.00,909.00
#0.00,0.00,0.00,5517.00,814.00,-435.00,-772.00,94.00,981.00
242.00,376.00,10.00,5972.00,666.00,-365.00,-822.00,189.00,818.00
234.00,386.00,7.00,6051.00,571.00,-453.00,-784.00,-10.00,835.00
220.00,396.00,10.00,6131.00,555.00,-540.00,-771.00,-80.00,821.00
208.00,404.00,10.00,6057.00,306.00,-621.00,-820.00,-57.00,695.00
196.00,408.00,10.00,6201.00,10.00,-616.00,-809.00,-253.00,539.00
166.00,416.00,10.00,5910.00,-278.00,-788.00,-902.00,-247.00,489.00
160.00,412.00,7.00,5959.00,-254.00,-796.00,-977.00,-276.00,266.00
144.00,412.00,10.00,5573.00,-372.00,-692.00,-1068.00,-280.00,209.00
132.00,406.00,9.00,5575.00,-331.00,-519.00,-1057.00,-318.00,112.00
116.00,398.00,9.00,5349.00,-361.00,-436.00,-1107.00,-276.00,11.00
106.00,396.00,8.00,5343.00,-256.00,-517.00,-1053.00,-347.00,52.00
96.00,388.00,8.00,5375.00,-116.00,-726.00,-1066.00,-254.00,-143.00
86.00,380.00,8.00,5275.00,8.00,-667.00,-1094.00,-300.00,-164.00
78.00,372.00,8.00,5362.00,150.00,-552.00,-1067.00,-237.00,-305.00
72.00,364.00,9.00,5190.00,178.00,-701.00,-1067.00,-220.00,-378.00
64.00,356.00,9.00,5129.00,460.00,-408.00,-1017.00,-243.00,-412.00
62.00,346.00,8.00,4913.00,631.00,-162.00,-935.00,-163.00,-619.00
60.00,336.00,10.00,4607.00,667.00,38.00,-847.00,-177.00,-560.00
58.00,330.00,7.00,4431.00,950.00,292.00,-685.00,-165.00,-582.00
54.00,318.00,10.00,4004.00,1088.00,287.00,-502.00,-153.00,-607.00
56.00,312.00,8.00,3554.00,1221.00,464.00,-327.00,-107.00,-594.00
56.00,304.00,7.00,3060.00,1268.00,333.00,-159.00,-73.00,-511.00
58.00,300.00,7.00,2744.00,1281.00,292.00,-58.00,-44.00,-416.00
58.00,298.00,6.00,2467.00,1295.00,290.00,53.00,91.00,-336.00
60.00,296.00,7.00,2189.00,1117.00,358.00,204.00,113.00,-82.00
62.00,300.00,7.00,2558.00,1195.00,82.00,348.00,135.00,52.00
62.00,302.00,8.00,2705.00,1234.00,-94.00,392.00,208.00,177.00
64.00,308.00,8.00,3482.00,1325.00,-305.00,433.00,289.00,227.00
66.00,314.00,8.00,4001.00,1357.00,-349.00,448.00,332.00,278.00
70.00,318.00,7.00,4216.00,1373.00,-419.00,489.00,343.00,256.00
74.00,324.00,8.00,4373.00,1296.00,-158.00,518.00,383.00,237.00
78.00,330.00,8.00,4781.00,1088.00,-217.00,723.00,288.00,295.00
86.00,336.00,10.00,4594.00,909.00,-152.00,694.00,436.00,171.00
92.00,342.00,10.00,4569.00,839.00,-40.00,818.00,320.00,293.00
102.00,346.00,10.00,4947.00,672.00,-134.00,902.00,374.00,225.00
112.00,352.00,10.00,4806.00,586.00,-369.00,682.00,587.00,52.00
152.00,372.00,10.00,5105.00,606.00,-283.00,812.00,581.00,123.00
160.00,378.00,11.00,4843.00,513.00,357.00,883.00,477.00,337.00
198.00,386.00,10.00,5579.00,585.00,-301.00,819.00,491.00,226.00
206.00,388.00,9.00,5587.00,609.00,-46.00,763.00,464.00,151.00
226.00,390.00,10.00,5582.00,584.00,78.00,861.00,390.00,179.00
236.00,390.00,10.00,5994.00,587.00,-627.00,840.00,271.00,89.00
250.00,388.00,9.00,6261.00,683.00,-713.00,739.00,243.00,-8.00
260.00,382.00,10.00,6169.00,697.00,-533.00,619.00,215.00,-151.00
268.00,378.00,10.00,6045.00,671.00,-541.00,581.00,125.00,-276.00
274.00,372.00,8.00,5946.00,753.00,-612.00,521.00,35.00,-360.00
280.00,358.00,10.00,6026.00,861.00,-338.00,437.00,26.00,-482.00
284.00,350.00,8.00,5955.00,1024.00,-109.00,412.00,-93.00,-586.00
290.00,332.00,10.00,5751.00,1165.00,-42.00,385.00,-154.00,-710.00
292.00,316.00,9.00,5506.00,1206.00,103.00,356.00,-177.00,-833.00
292.00,262.00,10.00,4348.00,1666.00,-66.00,301.00,-334.00,-929.00
296.00,234.00,9.00,3628.00,2026.00,-232.00,276.00,-331.00,-953.00
296.00,220.00,10.00,3205.00,2125.00,-411.00,242.00,-329.00,-960.00
298.00,208.00,10.00,2942.00,2188.00,-462.00,224.00,-321.00,-888.00
296.00,200.00,8.00,2519.00,2369.00,-584.00,158.00,-255.00,-757.00
294.00,190.00,10.00,2356.00,2449.00,-621.00,153.00,-246.00,-757.00
296.00,184.00,7.00,1978.00,2346.00,-826.00,148.00,-213.00,-712.00
294.00,178.00,10.00,1602.00,2486.00,-1061.00,58.00,-112.00,-574.00
296.00,174.00,8.00,1354.00,2488.00,-1146.00,10.00,-81.00,-403.00
296.00,170.00,7.00,1354.00,2488.00,-1146.00,10.00,-81.00,-403.00
296.00,168.00,8.00,1230.00,2498.00,-1178.00,-46.00,-55.00,-351.00
294.00,168.00,8.00,948.00,2236.00,-899.00,-136.00,18.00,-62.00
294.00,170.00,9.00,848.00,2221.00,-727.00,-153.00,95.00,174.00
294.00,174.00,10.00,911.00,2175.00,-651.00,-177.00,144.00,385.00
290.00,180.00,9.00,1100.00,2199.00,-646.00,-154.00,203.00,623.00
#0.00,0.00,0.00,1388.00,2054.00,-699.00,-224.00,224.00,806.00
288.00,208.00,10.00,2383.00,2005.00,-413.00,-350.00,318.00,1043.00
286.00,314.00,9.00,5186.00,1437.00,607.00,-334.00,343.00,1156.00
286.00,382.00,10.00,5461.00,1192.00,981.00,-227.00,248.00,1010.00
292.00,398.00,13.00,5713.00,1082.00,1015.00,-142.00,121.00,1022.00
290.00,408.00,10.00,6011.00,994.00,927.00,-60.00,81.00,814.00
290.00,418.00,10.00,5829.00,730.00,881.00,-28.00,56.00,751.00
290.00,424.00,8.00,6035.00,829.00,669.00,22.00,-5.00,698.00
290.00,428.00,9.00,6221.00,793.00,713.00,3.00,-9.00,526.00
288.00,430.00,10.00,6100.00,513.00,970.00,88.00,-97.00,409.00
288.00,428.00,10.00,6237.00,530.00,864.00,172.00,-125.00,249.00
290.00,424.00,8.00,6005.00,389.00,796.00,208.00,-151.00,42.00
292.00,420.00,9.00,5821.00,232.00,846.00,327.00,-367.00,-22.00
294.00,414.00,10.00,5564.00,-56.00,1089.00,463.00,-448.00,58.00
296.00,406.00,10.00,5887.00,132.00,730.00,553.00,-386.00,-23.00
298.00,396.00,10.00,5557.00,-95.00,167.00,554.00,-451.00,-221.00
300.00,386.00,10.00,5268.00,-92.00,37.00,494.00,-430.00,-174.00
302.00,376.00,10.00,5277.00,53.00,-189.00,437.00,-425.00,-400.00
304.00,354.00,10.00,4652.00,65.00,-105.00,313.00,-319.00,-481.00
308.00,342.00,10.00,4295.00,150.00,-455.00,296.00,-321.00,-617.00
308.00,332.00,11.00,4210.00,142.00,-445.00,237.00,-401.00,-580.00
308.00,324.00,9.00,4229.00,433.00,-596.00,196.00,-285.00,-731.00
308.00,312.00,9.00,4144.00,647.00,-605.00,149.00,-293.00,-594.00
310.00,304.00,9.00,4097.00,853.00,-855.00,110.00,-212.00,-694.00
308.00,296.00,9.00,3870.00,981.00,-958.00,96.00,-195.00,-730.00
312.00,290.00,9.00,3663.00,1133.00,-869.00,35.00,-154.00,-687.00
308.00,282.00,10.00,3504.00,1379.00,-1161.00,20.00,-66.00,-761.00
310.00,276.00,8.00,3083.00,1415.00,-1319.00,-42.00,-46.00,-754.00
310.00,272.00,8.00,2824.00,1465.00,-1258.00,-114.00,13.00,-755.00
308.00,268.00,7.00,2384.00,1564.00,-1218.00,-178.00,102.00,-651.00
308.00,268.00,7.00,2012.00,1589.00,-1215.00,-300.00,129.00,-345.00
306.00,270.00,8.00,2116.00,1485.00,-924.00,-359.00,240.00,-192.00
306.00,272.00,10.00,2448.00,1573.00,-601.00,-401.00,281.00,126.00
302.00,276.00,8.00,2448.00,1573.00,-601.00,-401.00,281.00,126.00
298.00,282.00,10.00,2799.00,1478.00,-625.00,-449.00,334.00,290.00
294.00,302.00,10.00,3716.00,1476.00,-99.00,-362.00,385.00,571.00
294.00,326.00,10.00,4588.00,1273.00,-121.00,-423.00,284.00,816.00
288.00,342.00,8.00,4876.00,1115.00,-318.00,-508.00,263.00,758.00
282.00,350.00,12.00,5171.00,874.00,-238.00,-532.00,194.00,772.00
280.00,360.00,7.00,5381.00,895.00,-460.00,-491.00,30.00,806.00
274.00,372.00,8.00,5406.00,811.00,-547.00,-566.00,63.00,709.00
266.00,380.00,10.00,5406.00,811.00,-547.00,-566.00,63.00,709.00
256.00,394.00,9.00,5562.00,514.00,-377.00,-664.00,15.00,738.00
244.00,398.00,10.00,5670.00,556.00,-408.00,-637.00,-116.00,677.00
236.00,404.00,9.00,5582.00,347.00,-416.00,-746.00,-98.00,575.00
226.00,410.00,10.00,5668.00,196.00,-130.00,-803.00,-175.00,609.00
#0.00,0.00,0.00,5724.00,167.00,-193.00,-767.00,-235.00,400.00
196.00,416.00,10.00,5661.00,101.00,-268.00,-787.00,-212.00,364.00
182.00,414.00,8.00,5599.00,-64.00,-437.00,-819.00,-282.00,365.00
170.00,414.00,9.00,5658.00,-99.00,-449.00,-864.00,-301.00,253.00
162.00,412.00,9.00,5656.00,-110.00,-439.00,-874.00,-296.00,194.00
134.00,398.00,10.00,5590.00,-20.00,-440.00,-909.00,-377.00,-63.00
126.00,396.00,8.00,5402.00,-23.00,-443.00,-902.00,-404.00,-106.00
114.00,388.00,8.00,5115.00,36.00,-464.00,-932.00,-343.00,-117.00
104.00,380.00,10.00,5224.00,143.00,-490.00,-951.00,-376.00,-186.00
94.00,372.00,10.00,5283.00,335.00,-351.00,-941.00,-392.00,-280.00
88.00,364.00,7.00,4993.00,456.00,-379.00,-917.00,-310.00,-365.00
80.00,352.00,8.00,4942.00,579.00,-307.00,-837.00,-346.00,-424.00
78.00,344.00,10.00,4811.00,691.00,-253.00,-739.00,-319.00,-471.00
70.00,336.00,9.00,4497.00,907.00,-403.00,-624.00,-259.00,-496.00
70.00,326.00,7.00,4310.00,929.00,-482.00,-582.00,-220.00,-506.00
68.00,320.00,8.00,4099.00,1067.00,-467.00,-443.00,-284.00,-453.00
68.00,312.00,8.00,3929.00,1210.00,-586.00,-363.00,-209.00,-433.00
66.00,306.00,8.00,3759.00,1220.00,-737.00,-340.00,-173.00,-427.00
66.00,298.00,7.00,3535.00,1309.00,-818.00,-300.00,-146.00,-385.00
66.00,294.00,7.00,3344.00,1386.00,-789.00,-242.00,-135.00,-321.00
64.00,290.00,7.00,2967.00,1354.00,-372.00,-192.00,-85.00,-277.00
64.00,288.00,7.00,2720.00,1406.00,-312.00,-79.00,-65.00,-172.00
64.00,288.00,6.00,2599.00,1419.00,-280.00,9.00,-44.00,-59.00
66.00,290.00,7.00,2735.00,1308.00,-206.00,140.00,108.00,86.00
66.00,294.00,7.00,2952.00,1387.00,-85.00,207.00,186.00,173.00
66.00,298.00,7.00,3159.00,1446.00,-162.00,291.00,245.00,277.00
70.00,304.00,9.00,3724.00,1521.00,-478.00,376.00,274.00,274.00
72.00,310.00,10.00,4033.00,1408.00,-691.00,396.00,303.00,262.00
72.00,316.00,8.00,4230.00,1323.00,-600.00,452.00,334.00,373.00
76.00,324.00,8.00,4580.00,1368.00,-828.00,487.00,415.00,367.00
82.00,330.00,10.00,4877.00,1240.00,-1211.00,521.00,370.00,266.00
86.00,336.00,10.00,4850.00,1039.00,-902.00,465.00,428.00,194.00
90.00,344.00,10.00,4793.00,905.00,-961.00,486.00,441.00,172.00
98.00,348.00,8.00,4856.00,830.00,-835.00,499.00,406.00,193.00
106.00,354.00,9.00,4819.00,816.00,-757.00,496.00,406.00,206.00
110.00,360.00,10.00,4816.00,796.00,-792.00,536.00,414.00,170.00
120.00,362.00,10.00,4762.00,680.00,-626.00,455.00,451.00,146.00
130.00,370.00,8.00,4589.00,545.00,-110.00,497.00,415.00,211.00
136.00,374.00,9.00,4845.00,498.00,-65.00,619.00,382.00,218.00
150.00,380.00,7.00,4728.00,511.00,-249.00,513.00,478.00,177.00
158.00,382.00,11.00,4606.00,508.00,-39.00,566.00,370.00,237.00
172.00,390.00,8.00,4847.00,347.00,90.00,686.00,342.00,330.00
178.00,392.00,8.00,5266.00,486.00,-472.00,535.00,438.00,198.00
192.00,396.00,10.00,5054.00,439.00,-31.00,383.00,490.00,97.00
204.00,400.00,9.00,4874.00,505.00,273.00,397.00,515.00,122.00
212.00,402.00,10.00,5282.00,420.00,210.00,564.00,309.00,206.00
224.00,402.00,9.00,5563.00,409.00,-73.00,587.00,268.00,227.00
236.00,402.00,10.00,5936.00,439.00,-170.00,565.00,157.00,137.00
246.00,402.00,10.00,5934.00,370.00,-92.00,553.00,153.00,103.00
254.00,396.00,9.00,5927.00,290.00,-30.00,541.00,106.00,102.00
260.00,392.00,10.00,6109.00,425.00,-143.00,595.00,-40.00,-61.00
266.00,382.00,9.00,5920.00,344.00,-220.00,544.00,-72.00,-138.00
270.00,376.00,10.00,5893.00,371.00,-287.00,442.00,-95.00,-313.00
276.00,364.00,10.00,5615.00,338.00,69.00,405.00,-188.00,-440.00
280.00,350.00,9.00,5530.00,404.00,132.00,422.00,-181.00,-513.00
280.00,338.00,9.00,5026.00,658.00,-182.00,353.00,-251.00,-641.00
284.00,330.00,10.00,4950.00,732.00,-92.00,324.00,-276.00,-701.00
284.00,316.00,9.00,4674.00,888.00,-196.00,272.00,-234.00,-746.00
286.00,304.00,9.00,4503.00,1120.00,-228.00,241.00,-304.00,-746.00
286.00,290.00,9.00,4592.00,1273.00,-110.00,258.00,-330.00,-756.00
##0.00,0.00,0.00,4441.00,1520.00,-362.00,224.00,-279.00,-844.00
286.00,268.00,7.00,4259.00,1698.00,-381.00,187.00,-299.00,-875.00
288.00,252.00,10.00,4027.00,1819.00,-468.00,159.00,-271.00,-933.00
288.00,244.00,7.00,3803.00,1870.00,-473.00,131.00,-265.00,-899.00
288.00,230.00,11.00,3605.00,2034.00,-472.00,149.00,-238.00,-912.00
290.00,222.00,10.00,3263.00,2177.00,-585.00,140.00,-244.00,-921.00
290.00,212.00,10.00,3063.00,2230.00,-711.00,112.00,-163.00,-885.00
288.00,206.00,10.00,2930.00,2339.00,-794.00,93.00,-161.00,-858.00
292.00,198.00,10.00,2727.00,2561.00,-844.00,104.00,-148.00,-831.00
288.00,192.00,10.00,2404.00,2637.00,-1020.00,63.00,-126.00,-793.00
288.00,188.00,10.00,2225.00,2711.00,-1135.00,75.00,-109.00,-684.00
290.00,184.00,8.00,2084.00,2802.00,-1228.00,20.00,-118.00,-499.00
290.00,182.00,7.00,2011.00,2897.00,-1152.00,-8.00,-48.00,-462.00
290.00,180.00,7.00,1896.00,2923.00,-1167.00,-12.00,-43.00,-321.00
290.00,178.00,8.00,1979.00,3080.00,-1192.00,-36.00,-27.00,-148.00
288.00,176.00,8.00,2071.00,3247.00,-1069.00,-81.00,6.00,-17.00
286.00,176.00,10.00,2350.00,3428.00,-999.00,-30.00,33.00,-85.00
288.00,176.00,8.00,2414.00,3362.00,-1086.00,-73.00,72.00,-103.00
286.00,176.00,7.00,2282.00,3475.00,-994.00,-91.00,108.00,-12.00
288.00,176.00,7.00,2471.00,3537.00,-1035.00,-3.00,51.00,20.00
288.00,176.00,8.00,2555.00,3609.00,-1112.00,14.00,-11.00,48.00
286.00,178.00,7.00,2533.00,3592.00,-1121.00,-2.00,13.00,52.00
288.00,176.00,7.00,2560.00,3544.00,-1046.00,3.00,28.00,33.00
288.00,176.00,8.00,2568.00,3599.00,-1067.00,14.00,115.00,-12.00
288.00,178.00,7.00,2453.00,3511.00,-1048.00,67.00,136.00,-64.00
288.00,178.00,7.00,2480.00,3571.00,-1120.00,85.00,153.00,-53.00
