374.00,180.00,7.00,1005.00,2899.00,2935.00,-32.00,70.00,20.00
374.00,180.00,7.00,969.00,2792.00,3091.00,-97.00,-42.00,57.00
376.00,182.00,7.00,929.00,2867.00,3171.00,-113.00,43.00,38.00
374.00,182.00,8.00,882.00,2922.00,3190.00,-62.00,9.00,42.00
374.00,182.00,8.00,970.00,2921.00,3248.00,-85.00,70.00,55.00
374.00,182.00,8.00,787.00,2856.00,3283.00,-115.00,84.00,67.00
374.00,182.00,8.00,752.00,2979.00,3267.00,-132.00,72.00,102.00
376.00,182.00,7.00,865.00,2958.00,3229.00,-126.00,45.00,87.00
374.00,184.00,6.00,1006.00,2930.00,3262.00,-53.00,55.00,-30.00
374.00,184.00,6.00,882.00,2863.00,3150.00,-68.00,96.00,-11.00
374.00,184.00,6.00,826.00,2835.00,3094.00,-85.00,64.00,62.00
374.00,184.00,7.00,916.00,2927.00,3196.00,-71.00,77.00,10.00
376.00,184.00,7.00,808.00,2808.00,3208.00,-83.00,19.00,3.00
374.00,184.00,7.00,801.00,2760.00,3149.00,-3.00,36.00,111.00
0.00,0.00,0.00,791.00,2789.00,3114.00,-44.00,8.00,86.00
376.00,182.00,7.00,903.00,2767.00,3146.00,-57.00,-29.00,83.00
376.00,184.00,7.00,886.00,2721.00,3139.00,-28.00,30.00,4.00
376.00,184.00,7.00,759.00,2726.00,3164.00,-37.00,67.00,81.00
376.00,186.00,6.00,780.00,3061.00,3424.00,-104.00,-22.00,114.00
378.00,186.00,8.00,1063.00,3482.00,4299.00,53.00,21.00,15.00
376.00,182.00,7.00,977.00,3734.00,4718.00,380.00,84.00,-4.00
376.00,176.00,8.00,909.00,3877.00,4579.00,712.00,131.00,-158.00
378.00,170.00,10.00,796.00,3815.00,4087.00,977.00,245.00,-221.00
376.00,166.00,6.00,654.00,3639.00,3357.00,1156.00,152.00,-103.00
378.00,156.00,10.00,645.00,3687.00,3112.00,1104.00,75.00,-69.00
374.00,146.00,7.00,676.00,3699.00,2906.00,1031.00,186.00,-150.00
376.00,136.00,7.00,676.00,3699.00,2906.00,1031.00,186.00,-150.00
372.00,132.00,10.00,622.00,3529.00,2325.00,1251.00,197.00,-145.00
374.00,126.00,8.00,522.00,3544.00,1771.00,1268.00,39.00,-7.00
372.00,120.00,7.00,417.00,3476.00,1393.00,1129.00,116.00,-129.00
372.00,116.00,7.00,310.00,3568.00,956.00,1095.00,150.00,-59.00
370.00,112.00,7.00,357.00,3663.00,618.00,1019.00,-1.00,27.00
370.00,108.00,7.00,356.00,3694.00,550.00,1006.00,7.00,-54.00
370.00,106.00,7.00,340.00,3667.00,57.00,962.00,74.00,38.00
368.00,104.00,6.00,338.00,3551.00,-501.00,650.00,5.00,31.00
370.00,102.00,6.00,314.00,3400.00,-766.00,463.00,-26.00,30.00
0.00,0.00,0.00,258.00,3309.00,-923.00,327.00,15.00,41.00
368.00,102.00,6.00,258.00,3309.00,-923.00,327.00,15.00,41.00
0.00,0.00,0.00,605.00,2689.00,-1215.00,-164.00,-104.00,72.00
368.00,106.00,7.00,321.00,2232.00,-1230.00,-821.00,-110.00,207.00
368.00,110.00,7.00,395.00,2279.00,-1124.00,-1080.00,-157.00,296.00
370.00,116.00,8.00,430.00,2158.00,-527.00,-1488.00,-133.00,236.00
372.00,122.00,10.00,401.00,2193.00,59.00,-1868.00,-108.00,345.00
374.00,132.00,9.00,759.00,2316.00,766.00,-2105.00,-47.00,618.00
374.00,190.00,7.00,2042.00,2225.00,3052.00,-2276.00,-311.00,877.00
372.00,214.00,6.00,2961.00,2177.00,5187.00,-1860.00,-596.00,989.00
370.00,234.00,6.00,3796.00,2789.00,5282.00,-1205.00,-815.00,1070.00
358.00,264.00,8.00,5055.00,3282.00,5526.00,-1297.00,-437.00,374.00
352.00,272.00,8.00,5055.00,3282.00,5526.00,-1297.00,-437.00,374.00
342.00,276.00,9.00,4774.00,3121.00,5986.00,-877.00,-460.00,-67.00
334.00,278.00,9.00,4309.00,2879.00,5789.00,-404.00,-684.00,-242.00
322.00,272.00,7.00,4178.00,2752.00,5431.00,-146.00,-617.00,-411.00
318.00,268.00,8.00,3921.00,2596.00,5394.00,-43.00,-553.00,-592.00
312.00,264.00,6.00,3156.00,2133.00,4380.00,370.00,-451.00,-804.00
302.00,250.00,9.00,3049.00,1871.00,3924.00,517.00,-418.00,-772.00
298.00,222.00,10.00,2673.00,1787.00,3139.00,712.00,-406.00,-814.00
292.00,214.00,8.00,2513.00,1793.00,2773.00,585.00,-383.00,-840.00
292.00,208.00,6.00,2365.00,1765.00,2437.00,703.00,-329.00,-743.00
290.00,196.00,9.00,2157.00,1839.00,2085.00,738.00,-274.00,-626.00
288.00,188.00,11.00,2048.00,2025.00,1597.00,539.00,-230.00,-608.00
290.00,182.00,8.00,1999.00,1986.00,1334.00,363.00,-255.00,-667.00
292.00,180.00,8.00,1749.00,1968.00,1359.00,387.00,-304.00,-484.00
290.00,176.00,7.00,1492.00,1898.00,1211.00,297.00,-201.00,-261.00
294.00,178.00,9.00,1330.00,1905.00,788.00,94.00,-32.00,62.00
292.00,182.00,8.00,1361.00,1838.00,505.00,-142.00,-76.00,397.00
292.00,188.00,10.00,1528.00,1827.00,804.00,-241.00,-138.00,737.00
298.00,214.00,6.00,2079.00,1663.00,1455.00,-577.00,-13.00,1034.00
302.00,218.00,10.00,3080.00,2032.00,2323.00,-541.00,-8.00,1389.00
306.00,244.00,6.00,3591.00,1791.00,3140.00,-687.00,76.00,1465.00
308.00,248.00,10.00,4175.00,2125.00,3622.00,-385.00,-87.00,1758.00
316.00,262.00,10.00,5108.00,2391.00,3871.00,257.00,23.00,1522.00
340.00,280.00,10.00,6206.00,2369.00,3005.00,557.00,120.00,1034.00
354.00,284.00,6.00,6585.00,2365.00,2659.00,675.00,285.00,407.00
358.00,282.00,7.00,6611.00,2239.00,2400.00,791.00,196.00,137.00
366.00,276.00,10.00,6696.00,2114.00,2253.00,859.00,131.00,-174.00
0.00,0.00,0.00,6775.00,2116.00,2279.00,891.00,221.00,-657.00
392.00,210.00,7.00,4287.00,1970.00,1494.00,1240.00,49.00,-1683.00
392.00,164.00,6.00,3008.00,2231.00,822.00,1435.00,59.00,-1958.00
386.00,140.00,9.00,1503.00,2584.00,-254.00,1039.00,-202.00,-1498.00
384.00,132.00,7.00,691.00,2510.00,-706.00,995.00,-131.00,-1208.00
382.00,128.00,8.00,691.00,2510.00,-706.00,995.00,-131.00,-1208.00
382.00,124.00,7.00,446.00,2685.00,-1237.00,743.00,-204.00,-746.00
380.00,122.00,6.00,504.00,2837.00,-1251.00,647.00,-181.00,-740.00
378.00,120.00,6.00,142.00,2572.00,-1350.00,567.00,-167.00,-743.00
376.00,120.00,6.00,-270.00,2492.00,-1647.00,169.00,-158.00,-5.00
376.00,122.00,6.00,-50.00,2565.00,-1147.00,-560.00,-61.00,725.00
376.00,126.00,6.00,516.00,2837.00,-736.00,-735.00,37.00,943.00
380.00,130.00,6.00,925.00,2671.00,-479.00,-978.00,107.00,1238.00
378.00,136.00,10.00,925.00,2671.00,-479.00,-978.00,107.00,1238.00
384.00,144.00,7.00,1459.00,2804.00,-111.00,-1067.00,8.00,1858.00
386.00,156.00,7.00,2031.00,3063.00,291.00,-1096.00,74.00,1860.00
386.00,160.00,7.00,3273.00,2706.00,897.00,-1022.00,26.00,2110.00
390.00,200.00,6.00,4157.00,2509.00,1314.00,-1120.00,313.00,1657.00
0.00,0.00,0.00,5642.00,2319.00,1878.00,-996.00,59.00,2051.00
390.00,238.00,9.00,6201.00,2402.00,1961.00,-851.00,93.00,1534.00
378.00,266.00,9.00,6948.00,2468.00,2464.00,-698.00,-162.00,1095.00
376.00,270.00,8.00,6739.00,2359.00,2515.00,-436.00,-1.00,-9.00
372.00,268.00,10.00,5880.00,1851.00,2378.00,-298.00,-120.00,-217.00
368.00,268.00,8.00,5626.00,1801.00,2393.00,-120.00,-251.00,-213.00
364.00,264.00,8.00,5626.00,1801.00,2393.00,-120.00,-251.00,-213.00
362.00,254.00,11.00,5432.00,1757.00,2172.00,-25.00,-206.00,-505.00
360.00,246.00,10.00,4392.00,1384.00,1770.00,16.00,-173.00,-713.00
356.00,238.00,8.00,4135.00,1459.00,1753.00,94.00,-169.00,-764.00
352.00,232.00,9.00,3954.00,1440.00,1551.00,188.00,-164.00,-903.00
354.00,222.00,10.00,3662.00,1441.00,1344.00,213.00,-212.00,-819.00
350.00,216.00,9.00,3655.00,1716.00,1104.00,225.00,-294.00,-716.00
352.00,208.00,9.00,3611.00,1853.00,1035.00,130.00,-114.00,-931.00
348.00,200.00,8.00,3145.00,1824.00,948.00,183.00,-120.00,-818.00
348.00,196.00,7.00,2961.00,1900.00,869.00,221.00,-168.00,-579.00
348.00,192.00,7.00,2912.00,2196.00,648.00,182.00,-82.00,-438.00
346.00,192.00,7.00,2856.00,2282.00,487.00,76.00,-21.00,-431.00
346.00,192.00,7.00,2811.00,2297.00,337.00,20.00,-19.00,-127.00
0.00,0.00,0.00,2893.00,2353.00,330.00,8.00,-31.00,-61.00
346.00,192.00,8.00,2914.00,2330.00,369.00,-102.00,-93.00,-22.00
346.00,196.00,8.00,2941.00,2260.00,574.00,-138.00,-44.00,275.00
346.00,200.00,9.00,3203.00,2313.00,599.00,-307.00,109.00,334.00
346.00,204.00,8.00,3243.00,2134.00,759.00,-295.00,-6.00,385.00
346.00,210.00,9.00,3177.00,2093.00,1001.00,-254.00,-31.00,500.00
346.00,218.00,7.00,3376.00,2051.00,1181.00,-318.00,155.00,685.00
348.00,224.00,10.00,3511.00,1977.00,1397.00,-271.00,161.00,754.00
346.00,232.00,11.00,3612.00,2030.00,1507.00,-135.00,67.00,852.00
350.00,244.00,10.00,4131.00,2094.00,1699.00,-61.00,129.00,986.00
352.00,250.00,10.00,4538.00,2131.00,1770.00,-97.00,304.00,982.00
358.00,258.00,8.00,5613.00,2391.00,2004.00,302.00,157.00,620.00
362.00,262.00,8.00,5982.00,2510.00,1810.00,419.00,183.00,559.00
368.00,260.00,11.00,6637.00,2622.00,1436.00,325.00,227.00,-385.00
374.00,260.00,8.00,6679.00,2533.00,1732.00,595.00,86.00,-650.00
376.00,256.00,7.00,6653.00,2528.00,1666.00,601.00,90.00,-790.00
382.00,246.00,10.00,6373.00,2503.00,1524.00,637.00,86.00,-1025.00
384.00,236.00,9.00,5837.00,2480.00,1464.00,726.00,15.00,-1345.00
384.00,198.00,6.00,4224.00,2541.00,1130.00,939.00,-49.00,-1551.00
382.00,182.00,6.00,3471.00,2711.00,767.00,951.00,-148.00,-1780.00
382.00,170.00,6.00,2847.00,2711.00,653.00,1148.00,-195.00,-1915.00
382.00,154.00,10.00,2179.00,2582.00,173.00,1122.00,-100.00,-1608.00
378.00,144.00,7.00,1914.00,2987.00,-191.00,742.00,-191.00,-1378.00
378.00,138.00,8.00,1521.00,2936.00,-348.00,781.00,-99.00,-1755.00
374.00,132.00,7.00,694.00,2881.00,-592.00,857.00,-233.00,-1214.00
372.00,130.00,7.00,474.00,3055.00,-761.00,782.00,-186.00,-953.00
0.00,0.00,0.00,224.00,3074.00,-1244.00,425.00,-49.00,-994.00
370.00,122.00,6.00,-34.00,2971.00,-1553.00,179.00,6.00,-268.00
370.00,122.00,6.00,-347.00,2703.00,-1808.00,-118.00,53.00,9.00
368.00,126.00,7.00,324.00,3277.00,-1259.00,-421.00,134.00,393.00
370.00,126.00,7.00,98.00,3268.00,-1311.00,-390.00,53.00,556.00
0.00,0.00,0.00,166.00,3237.00,-1310.00,-457.00,-30.00,900.00
372.00,130.00,7.00,744.00,3281.00,-844.00,-657.00,72.00,1039.00
0.00,0.00,0.00,1177.00,2947.00,-630.00,-719.00,43.00,1408.00
378.00,150.00,6.00,2830.00,3168.00,145.00,-907.00,212.00,1810.00
382.00,184.00,6.00,3192.00,2785.00,442.00,-816.00,91.00,2135.00
382.00,198.00,6.00,4303.00,2760.00,1065.00,-1072.00,393.00,2217.00
382.00,214.00,6.00,4811.00,2631.00,1173.00,-890.00,302.00,1954.00
384.00,226.00,10.00,4774.00,2172.00,964.00,-634.00,15.00,2239.00
376.00,250.00,10.00,6030.00,1280.00,701.00,-646.00,312.00,1017.00
370.00,262.00,6.00,5843.00,965.00,1074.00,-650.00,-281.00,1236.00
372.00,264.00,7.00,6398.00,1318.00,1475.00,-558.00,-185.00,853.00
364.00,272.00,8.00,6398.00,1318.00,1475.00,-558.00,-185.00,853.00
356.00,274.00,8.00,6267.00,1204.00,1264.00,-555.00,-67.00,262.00
352.00,270.00,10.00,5917.00,676.00,1297.00,-502.00,-217.00,59.00
346.00,270.00,8.00,5618.00,835.00,1601.00,-355.00,-65.00,-203.00
342.00,266.00,10.00,5463.00,623.00,1458.00,-273.00,-86.00,-339.00
338.00,258.00,8.00,4984.00,650.00,1330.00,-181.00,-234.00,-374.00
336.00,252.00,8.00,4716.00,734.00,1158.00,-112.00,-188.00,-504.00
334.00,244.00,10.00,4716.00,734.00,1158.00,-112.00,-188.00,-504.00
332.00,238.00,9.00,4418.00,585.00,1013.00,-99.00,-85.00,-796.00
330.00,234.00,7.00,4127.00,672.00,953.00,-56.00,-145.00,-668.00
328.00,226.00,9.00,4087.00,930.00,794.00,-25.00,-163.00,-638.00
330.00,220.00,10.00,3636.00,979.00,550.00,-47.00,15.00,-527.00
328.00,216.00,8.00,3515.00,1082.00,537.00,-15.00,-90.00,-318.00
328.00,212.00,8.00,3671.00,1266.00,364.00,24.00,41.00,-250.00
328.00,210.00,7.00,3504.00,1189.00,288.00,-29.00,2.00,-46.00
328.00,210.00,7.00,3456.00,1254.00,409.00,7.00,-53.00,82.00
328.00,210.00,7.00,3456.00,1254.00,409.00,7.00,-53.00,82.00
328.00,212.00,7.00,3603.00,1180.00,440.00,-42.00,20.00,100.00
330.00,216.00,8.00,3603.00,1180.00,440.00,-42.00,20.00,100.00
328.00,222.00,9.00,3589.00,986.00,378.00,-36.00,85.00,269.00
330.00,228.00,9.00,3725.00,936.00,730.00,-69.00,112.00,548.00
330.00,236.00,10.00,4095.00,943.00,907.00,-12.00,133.00,687.00
334.00,242.00,8.00,4127.00,827.00,1022.00,18.00,114.00,738.00
346.00,272.00,8.00,5220.00,783.00,1523.00,281.00,364.00,731.00
350.00,276.00,10.00,5220.00,783.00,1523.00,281.00,364.00,731.00
358.00,284.00,10.00,5569.00,725.00,1586.00,313.00,427.00,946.00
366.00,286.00,9.00,7185.00,944.00,1330.00,468.00,267.00,-13.00
374.00,286.00,10.00,6952.00,618.00,1337.00,561.00,288.00,-424.00
378.00,280.00,9.00,6952.00,618.00,1337.00,561.00,288.00,-424.00
388.00,266.00,6.00,6672.00,466.00,1129.00,744.00,-68.00,-1380.00
396.00,224.00,7.00,6136.00,993.00,1528.00,849.00,-65.00,-1743.00
396.00,220.00,6.00,5686.00,1205.00,1374.00,958.00,-93.00,-2194.00
396.00,202.00,6.00,4745.00,1110.00,931.00,1069.00,-211.00,-2482.00
392.00,172.00,6.00,2493.00,2069.00,-4.00,776.00,-47.00,-1728.00
0.00,0.00,0.00,2436.00,2307.00,-287.00,733.00,-201.00,-1803.00
390.00,146.00,10.00,2582.00,2264.00,-156.00,1007.00,-582.00,-2273.00
384.00,140.00,8.00,1380.00,2232.00,-126.00,837.00,-381.00,-1319.00
382.00,134.00,7.00,1673.00,3091.00,-269.00,489.00,-16.00,-1396.00
380.00,130.00,7.00,1347.00,2611.00,-740.00,562.00,-204.00,-1919.00
376.00,128.00,6.00,297.00,2907.00,-996.00,652.00,-386.00,-304.00
376.00,126.00,7.00,579.00,3210.00,-1015.00,152.00,-44.00,-448.00
372.00,126.00,6.00,331.00,3134.00,-1042.00,-187.00,172.00,-541.00
374.00,126.00,6.00,-148.00,2896.00,-1034.00,-355.00,255.00,125.00
374.00,128.00,7.00,206.00,2987.00,-979.00,-252.00,-13.00,937.00
374.00,130.00,7.00,739.00,3227.00,-716.00,-302.00,103.00,774.00
374.00,132.00,6.00,782.00,3143.00,-761.00,-495.00,152.00,609.00
376.00,134.00,6.00,901.00,3032.00,-605.00,-527.00,64.00,1228.00
378.00,140.00,9.00,1455.00,3147.00,-377.00,-618.00,216.00,1308.00
380.00,148.00,9.00,1652.00,3103.00,-363.00,-662.00,235.00,1222.00
384.00,156.00,9.00,2465.00,2538.00,147.00,-785.00,136.00,1800.00
386.00,170.00,6.00,3293.00,2704.00,529.00,-793.00,289.00,1653.00
388.00,176.00,10.00,3550.00,2327.00,585.00,-696.00,215.00,1427.00
388.00,196.00,6.00,3954.00,2121.00,707.00,-567.00,-8.00,1930.00
388.00,210.00,6.00,4718.00,2197.00,1060.00,-638.00,83.00,1935.00
388.00,212.00,6.00,5464.00,2292.00,1040.00,-633.00,197.00,1386.00
388.00,236.00,10.00,5464.00,2292.00,1040.00,-633.00,197.00,1386.00
384.00,248.00,9.00,5582.00,2262.00,714.00,-398.00,-132.00,1410.00
378.00,254.00,10.00,6286.00,2259.00,715.00,-505.00,-78.00,1281.00
374.00,262.00,10.00,6506.00,2296.00,807.00,-585.00,-2.00,1126.00
370.00,262.00,9.00,6525.00,2275.00,1102.00,-546.00,-150.00,412.00
364.00,264.00,10.00,6508.00,2289.00,1450.00,-397.00,-211.00,136.00
356.00,260.00,8.00,6379.00,2245.00,1597.00,-327.00,-180.00,-392.00
354.00,256.00,8.00,5768.00,2009.00,1590.00,-183.00,-282.00,-654.00
352.00,246.00,11.00,5368.00,1925.00,1559.00,-97.00,-274.00,-709.00
348.00,234.00,10.00,5029.00,1865.00,1363.00,-9.00,-203.00,-896.00
0.00,0.00,0.00,4548.00,1716.00,1195.00,14.00,-252.00,-1097.00
344.00,216.00,9.00,3790.00,1590.00,1181.00,91.00,-226.00,-979.00
338.00,206.00,11.00,3480.00,1720.00,1008.00,125.00,-134.00,-795.00
338.00,200.00,10.00,3320.00,1862.00,648.00,175.00,-104.00,-835.00
342.00,192.00,10.00,3222.00,1970.00,352.00,229.00,-236.00,-932.00
340.00,186.00,7.00,2886.00,1976.00,406.00,225.00,-253.00,-666.00
338.00,182.00,7.00,2897.00,2259.00,324.00,207.00,-202.00,-565.00
338.00,178.00,8.00,3054.00,2501.00,-38.00,232.00,-134.00,-811.00
340.00,176.00,7.00,2677.00,2299.00,-213.00,193.00,-233.00,-607.00
340.00,176.00,7.00,2540.00,2456.00,-218.00,61.00,-163.00,-211.00
338.00,174.00,7.00,2610.00,2547.00,-292.00,-128.00,79.00,-164.00
340.00,176.00,9.00,2505.00,2449.00,-302.00,-115.00,32.00,128.00
340.00,184.00,10.00,2831.00,2445.00,-34.00,-260.00,110.00,564.00
334.00,190.00,9.00,3028.00,2217.00,279.00,-301.00,116.00,807.00
334.00,198.00,10.00,3401.00,1990.00,622.00,-318.00,192.00,1106.00
338.00,210.00,7.00,3766.00,1996.00,1004.00,-237.00,183.00,1095.00
338.00,210.00,6.00,3766.00,1996.00,1004.00,-237.00,183.00,1095.00
344.00,238.00,11.00,4109.00,1753.00,1186.00,-125.00,212.00,1307.00
342.00,246.00,9.00,4849.00,1840.00,1488.00,-43.00,293.00,1244.00
352.00,260.00,7.00,5494.00,1923.00,1423.00,107.00,331.00,921.00
354.00,264.00,8.00,5958.00,2058.00,1323.00,263.00,214.00,791.00
360.00,268.00,10.00,6426.00,2176.00,1297.00,319.00,222.00,637.00
364.00,270.00,7.00,7399.00,2463.00,1144.00,359.00,322.00,82.00
370.00,264.00,10.00,7764.00,2500.00,1073.00,360.00,298.00,-406.00
380.00,230.00,6.00,7086.00,2352.00,1590.00,874.00,39.00,-1964.00
382.00,196.00,6.00,5948.00,2277.00,1450.00,1023.00,-41.00,-2204.00
378.00,142.00,10.00,1733.00,2003.00,-289.00,1011.00,-189.00,-2292.00
372.00,136.00,8.00,1097.00,1844.00,-503.00,1054.00,-213.00,-2333.00
372.00,130.00,6.00,106.00,2098.00,-1101.00,693.00,-174.00,-1101.00
372.00,128.00,6.00,29.00,2343.00,-1202.00,432.00,1.00,-1110.00
370.00,126.00,7.00,-337.00,2197.00,-1439.00,416.00,-64.00,-784.00
0.00,0.00,0.00,-441.00,2619.00,-1389.00,-363.00,-7.00,519.00
368.00,128.00,6.00,66.00,3016.00,-969.00,-446.00,-4.00,816.00
368.00,132.00,6.00,409.00,3143.00,-966.00,-499.00,122.00,706.00
370.00,134.00,7.00,509.00,2991.00,-954.00,-496.00,17.00,1088.00
372.00,142.00,7.00,898.00,3048.00,-630.00,-613.00,3.00,1419.00
374.00,150.00,7.00,1584.00,3160.00,-358.00,-790.00,239.00,1307.00
378.00,172.00,6.00,1849.00,2840.00,32.00,-686.00,40.00,1868.00
380.00,200.00,6.00,3847.00,2963.00,332.00,-754.00,337.00,1834.00
382.00,202.00,6.00,4011.00,2805.00,320.00,-725.00,275.00,1840.00
0.00,0.00,0.00,6075.00,2901.00,834.00,-785.00,182.00,2304.00
380.00,258.00,10.00,6221.00,2639.00,537.00,-572.00,217.00,1619.00
374.00,264.00,8.00,6592.00,2366.00,453.00,-739.00,-25.00,1950.00
370.00,272.00,7.00,8338.00,2808.00,1109.00,-756.00,-138.00,1490.00
362.00,270.00,10.00,8153.00,2852.00,1654.00,-697.00,-15.00,-497.00
358.00,262.00,10.00,7125.00,2112.00,2484.00,-383.00,-347.00,-752.00
0.00,0.00,0.00,3441.00,1559.00,1222.00,258.00,-268.00,-1436.00
0.00,0.00,0.00,2678.00,1691.00,589.00,304.00,-63.00,-1525.00
344.00,190.00,10.00,2121.00,1542.00,387.00,323.00,-230.00,-1182.00
340.00,184.00,8.00,1884.00,1788.00,341.00,331.00,-279.00,-707.00
342.00,180.00,7.00,2053.00,2252.00,75.00,218.00,-54.00,-567.00
342.00,178.00,7.00,1706.00,2200.00,-556.00,11.00,-69.00,12.00
342.00,174.00,7.00,2115.00,2444.00,-434.00,-116.00,-68.00,433.00
340.00,178.00,7.00,2300.00,2339.00,-310.00,-291.00,112.00,343.00
340.00,182.00,7.00,2300.00,2339.00,-310.00,-291.00,112.00,343.00
340.00,182.00,6.00,2262.00,2149.00,-18.00,-295.00,63.00,789.00
342.00,192.00,9.00,2502.00,2037.00,175.00,-337.00,43.00,1035.00
340.00,202.00,9.00,2976.00,2062.00,383.00,-348.00,154.00,1051.00
340.00,220.00,10.00,3262.00,1660.00,1301.00,-390.00,243.00,1570.00
342.00,234.00,10.00,3779.00,1829.00,1626.00,-264.00,260.00,1564.00
350.00,274.00,6.00,5177.00,2058.00,2047.00,-24.00,337.00,1522.00
356.00,284.00,6.00,6340.00,2411.00,1986.00,193.00,331.00,1499.00
358.00,286.00,9.00,7280.00,2731.00,1804.00,250.00,360.00,1013.00
366.00,290.00,9.00,8037.00,2755.00,1734.00,341.00,359.00,699.00
374.00,282.00,7.00,9046.00,2991.00,1490.00,451.00,318.00,159.00
380.00,264.00,7.00,9384.00,2702.00,1611.00,654.00,175.00,-1066.00
382.00,248.00,9.00,8714.00,2021.00,1746.00,785.00,30.00,-1563.00
386.00,218.00,6.00,5308.00,1201.00,1223.00,1365.00,-348.00,-2492.00
386.00,180.00,6.00,2404.00,1183.00,10.00,1225.00,-306.00,-2282.00
388.00,166.00,10.00,2404.00,1183.00,10.00,1225.00,-306.00,-2282.00
380.00,140.00,7.00,1300.00,1842.00,-578.00,1059.00,-392.00,-2367.00
378.00,132.00,7.00,912.00,1822.00,-805.00,989.00,-421.00,-2128.00
374.00,128.00,7.00,35.00,2278.00,-1181.00,484.00,-139.00,-1286.00
374.00,124.00,6.00,35.00,2278.00,-1181.00,484.00,-139.00,-1286.00
0.00,0.00,0.00,-162.00,2321.00,-1314.00,370.00,-69.00,-1158.00
0.00,0.00,0.00,-568.00,2466.00,-1513.00,183.00,-97.00,-147.00
370.00,122.00,6.00,273.00,3018.00,-1298.00,-464.00,112.00,826.00
370.00,128.00,6.00,647.00,2878.00,-779.00,-622.00,96.00,1315.00
372.00,132.00,6.00,1152.00,3085.00,-408.00,-820.00,287.00,1401.00
374.00,142.00,6.00,1152.00,3085.00,-408.00,-820.00,287.00,1401.00
382.00,194.00,6.00,4385.00,2260.00,348.00,-792.00,149.00,2477.00
380.00,216.00,10.00,5915.00,2940.00,767.00,-827.00,183.00,1889.00
0.00,0.00,0.00,6318.00,2748.00,358.00,-708.00,108.00,1266.00
372.00,256.00,6.00,7146.00,3082.00,690.00,-736.00,-129.00,1255.00
362.00,264.00,9.00,7011.00,2792.00,1012.00,-643.00,-283.00,38.00
354.00,264.00,10.00,6498.00,2727.00,1438.00,-591.00,-345.00,-52.00
348.00,264.00,9.00,6255.00,2780.00,1561.00,-479.00,-260.00,-601.00
344.00,260.00,8.00,5571.00,2434.00,1538.00,-288.00,-314.00,-1060.00
338.00,250.00,9.00,5073.00,2223.00,1545.00,-175.00,-428.00,-1105.00
328.00,236.00,9.00,4472.00,2093.00,1489.00,-52.00,-262.00,-1149.00
326.00,214.00,10.00,4046.00,2089.00,1041.00,14.00,-211.00,-1305.00
322.00,206.00,10.00,3394.00,1959.00,982.00,145.00,-247.00,-1425.00
320.00,196.00,10.00,2773.00,1906.00,879.00,170.00,-182.00,-1134.00
320.00,190.00,10.00,2567.00,2096.00,485.00,135.00,-97.00,-862.00
326.00,184.00,10.00,2567.00,2308.00,159.00,204.00,-145.00,-882.00
322.00,180.00,9.00,2081.00,2368.00,-180.00,134.00,-68.00,-355.00
324.00,180.00,7.00,1992.00,2386.00,-324.00,-63.00,61.00,-51.00
322.00,180.00,7.00,2052.00,2352.00,-371.00,-97.00,43.00,158.00
324.00,182.00,8.00,2003.00,2138.00,-216.00,-211.00,89.00,376.00
324.00,186.00,10.00,2086.00,2078.00,-118.00,-267.00,103.00,616.00
322.00,190.00,7.00,2547.00,2079.00,-12.00,-320.00,121.00,858.00
318.00,200.00,9.00,2805.00,1887.00,297.00,-366.00,107.00,952.00
0.00,0.00,0.00,2836.00,1676.00,920.00,-389.00,206.00,1219.00
322.00,220.00,9.00,2977.00,1670.00,1183.00,-340.00,281.00,1451.00
324.00,232.00,10.00,3829.00,1798.00,1423.00,-169.00,250.00,1613.00
326.00,260.00,10.00,4952.00,1905.00,2124.00,79.00,341.00,1666.00
340.00,282.00,6.00,5644.00,2175.00,2040.00,256.00,354.00,1578.00
344.00,288.00,9.00,6289.00,2303.00,1905.00,377.00,429.00,1078.00
354.00,288.00,11.00,6913.00,2271.00,1854.00,510.00,267.00,811.00
364.00,290.00,7.00,7808.00,2640.00,1707.00,686.00,429.00,335.00
372.00,282.00,8.00,8254.00,2685.00,1319.00,712.00,464.00,-286.00
374.00,278.00,7.00,8293.00,2539.00,1086.00,818.00,172.00,-1069.00
384.00,230.00,9.00,7556.00,2353.00,1473.00,977.00,186.00,-2184.00
386.00,200.00,7.00,3945.00,1677.00,590.00,1405.00,-131.00,-2849.00
376.00,150.00,7.00,10.00,1682.00,-1002.00,1084.00,-312.00,-1480.00
374.00,140.00,7.00,10.00,1682.00,-1002.00,1084.00,-312.00,-1480.00
0.00,0.00,0.00,-158.00,1813.00,-1164.00,746.00,-216.00,-1193.00
368.00,130.00,6.00,-424.00,1804.00,-1458.00,326.00,-53.00,-1101.00
364.00,126.00,6.00,-836.00,1970.00,-1491.00,211.00,-148.00,-265.00
0.00,0.00,0.00,-396.00,2735.00,-1182.00,-404.00,-6.00,687.00
366.00,128.00,7.00,21.00,3071.00,-775.00,-463.00,67.00,976.00
366.00,130.00,6.00,303.00,3201.00,-711.00,-615.00,204.00,875.00
368.00,132.00,7.00,360.00,3075.00,-737.00,-648.00,158.00,1088.00
0.00,0.00,0.00,753.00,2951.00,-612.00,-564.00,-46.00,1577.00
372.00,148.00,7.00,1521.00,3217.00,-156.00,-695.00,163.00,1549.00
374.00,154.00,7.00,1821.00,3159.00,-94.00,-801.00,305.00,1327.00
386.00,186.00,10.00,3843.00,2761.00,565.00,-634.00,353.00,1686.00
388.00,200.00,9.00,4184.00,2263.00,343.00,-529.00,152.00,2351.00
388.00,228.00,6.00,4958.00,2286.00,661.00,-616.00,1.00,2399.00
384.00,256.00,6.00,5795.00,2508.00,927.00,-548.00,249.00,1314.00
382.00,260.00,10.00,5855.00,2210.00,751.00,-505.00,272.00,1474.00
380.00,272.00,9.00,7224.00,2290.00,546.00,-391.00,-249.00,1146.00
374.00,276.00,8.00,6959.00,1925.00,798.00,-683.00,-29.00,152.00
368.00,274.00,10.00,7114.00,2423.00,1373.00,-477.00,-306.00,-577.00
362.00,272.00,10.00,6406.00,2064.00,1455.00,-471.00,-319.00,-1199.00
360.00,268.00,7.00,5416.00,1886.00,1553.00,-183.00,-416.00,-1251.00
352.00,252.00,10.00,4569.00,1847.00,1321.00,-70.00,-350.00,-1466.00
346.00,244.00,9.00,4349.00,1775.00,1149.00,-48.00,-359.00,-1612.00
342.00,214.00,9.00,3251.00,1508.00,934.00,113.00,-266.00,-1502.00
338.00,204.00,7.00,3004.00,1641.00,810.00,151.00,-295.00,-1182.00
334.00,198.00,10.00,2611.00,1852.00,613.00,105.00,-111.00,-1015.00
336.00,192.00,8.00,2337.00,1880.00,444.00,115.00,-54.00,-780.00
336.00,186.00,6.00,2314.00,2078.00,201.00,158.00,-30.00,-242.00
338.00,186.00,7.00,2570.00,2323.00,-176.00,51.00,-2.00,-120.00
338.00,184.00,7.00,2377.00,2289.00,-272.00,-84.00,62.00,9.00
338.00,186.00,7.00,2699.00,2313.00,-41.00,-213.00,148.00,392.00
338.00,188.00,9.00,2749.00,2057.00,51.00,-274.00,146.00,549.00
334.00,192.00,10.00,2787.00,1959.00,184.00,-264.00,96.00,832.00
338.00,198.00,11.00,2787.00,1959.00,184.00,-264.00,96.00,832.00
338.00,206.00,10.00,3064.00,1940.00,546.00,-355.00,164.00,1110.00
336.00,220.00,6.00,3274.00,1900.00,741.00,-373.00,249.00,1073.00
340.00,228.00,10.00,3679.00,1549.00,1401.00,-213.00,235.00,1405.00
340.00,244.00,6.00,4538.00,1739.00,1649.00,-70.00,344.00,1307.00
350.00,270.00,8.00,5980.00,1987.00,1653.00,299.00,328.00,847.00
358.00,280.00,8.00,6572.00,2225.00,1397.00,332.00,362.00,455.00
362.00,286.00,10.00,6572.00,2225.00,1397.00,332.00,362.00,455.00
372.00,284.00,10.00,6987.00,2279.00,1329.00,469.00,218.00,72.00
374.00,280.00,8.00,7360.00,2556.00,1139.00,553.00,187.00,-375.00
380.00,270.00,7.00,7433.00,2558.00,788.00,477.00,280.00,-941.00
384.00,210.00,6.00,3945.00,2534.00,946.00,1075.00,-147.00,-2519.00
378.00,164.00,7.00,3269.00,2743.00,599.00,1301.00,-239.00,-2745.00
370.00,138.00,6.00,390.00,2250.00,-835.00,592.00,-128.00,-1451.00
366.00,132.00,7.00,-286.00,2201.00,-973.00,561.00,-161.00,-883.00
366.00,128.00,7.00,-329.00,2539.00,-1068.00,278.00,-47.00,-514.00
366.00,126.00,6.00,267.00,3017.00,-822.00,-610.00,122.00,985.00
366.00,128.00,6.00,442.00,3013.00,-742.00,-649.00,211.00,991.00
368.00,132.00,7.00,721.00,2761.00,-697.00,-640.00,119.00,1952.00
0.00,0.00,0.00,1880.00,2846.00,137.00,-1072.00,208.00,2111.00
384.00,176.00,10.00,4349.00,2202.00,264.00,-856.00,23.00,2967.00
0.00,0.00,0.00,7241.00,1634.00,873.00,-834.00,-383.00,2452.00
376.00,268.00,10.00,7975.00,2064.00,1383.00,-862.00,199.00,1165.00
370.00,272.00,10.00,7466.00,1714.00,1482.00,-890.00,127.00,116.00
364.00,276.00,10.00,7466.00,1714.00,1482.00,-890.00,127.00,116.00
356.00,270.00,7.00,6899.00,1769.00,2075.00,-449.00,-364.00,-164.00
354.00,264.00,9.00,6525.00,1762.00,2028.00,-277.00,-181.00,-592.00
350.00,256.00,10.00,5760.00,1530.00,1484.00,-222.00,-142.00,-880.00
344.00,250.00,10.00,4797.00,1438.00,1231.00,-113.00,-299.00,-984.00
344.00,242.00,7.00,4212.00,1382.00,1242.00,-27.00,-194.00,-916.00
340.00,230.00,10.00,3553.00,1492.00,749.00,58.00,-112.00,-595.00
336.00,222.00,10.00,3497.00,1560.00,616.00,80.00,-123.00,-424.00
340.00,216.00,10.00,3355.00,1562.00,519.00,37.00,-81.00,-394.00
340.00,210.00,10.00,3218.00,1688.00,401.00,75.00,-103.00,-232.00
336.00,208.00,8.00,3218.00,1688.00,401.00,75.00,-103.00,-232.00
336.00,204.00,7.00,3283.00,1760.00,303.00,27.00,-21.00,-57.00
336.00,204.00,8.00,3261.00,1796.00,298.00,-20.00,13.00,-77.00
334.00,204.00,7.00,3131.00,1758.00,287.00,-52.00,60.00,-71.00
334.00,204.00,7.00,3179.00,1626.00,336.00,-59.00,-21.00,111.00
336.00,208.00,9.00,3238.00,1413.00,580.00,-156.00,75.00,356.00
336.00,212.00,10.00,3331.00,1399.00,679.00,-123.00,88.00,460.00
336.00,218.00,9.00,3384.00,1330.00,781.00,-101.00,83.00,592.00
336.00,226.00,9.00,3573.00,1375.00,1057.00,-75.00,158.00,746.00
342.00,244.00,10.00,4045.00,1363.00,1588.00,103.00,156.00,807.00
344.00,250.00,10.00,4326.00,1412.00,1619.00,144.00,299.00,857.00
348.00,260.00,10.00,4742.00,1537.00,1727.00,140.00,405.00,753.00
356.00,270.00,8.00,5827.00,1852.00,1589.00,402.00,296.00,498.00
362.00,272.00,9.00,6328.00,1911.00,1410.00,341.00,484.00,305.00
368.00,272.00,10.00,7214.00,2160.00,1353.00,301.00,535.00,-148.00
372.00,270.00,10.00,7606.00,2233.00,1503.00,524.00,267.00,-673.00
0.00,0.00,0.00,7593.00,2290.00,1518.00,627.00,215.00,-1034.00
382.00,240.00,6.00,7179.00,2472.00,1381.00,664.00,281.00,-2009.00
382.00,208.00,6.00,5713.00,2456.00,1573.00,983.00,21.00,-2284.00
382.00,204.00,6.00,4835.00,2682.00,1216.00,1255.00,13.00,-2709.00
0.00,0.00,0.00,2071.00,2591.00,327.00,944.00,-66.00,-2036.00
372.00,158.00,6.00,1340.00,2427.00,9.00,990.00,-110.00,-2112.00
368.00,148.00,6.00,372.00,2657.00,-489.00,475.00,-145.00,-833.00
364.00,136.00,7.00,172.00,2872.00,-584.00,473.00,-80.00,-990.00
362.00,134.00,6.00,-485.00,2702.00,-803.00,438.00,-103.00,-454.00
358.00,128.00,7.00,-543.00,2735.00,-833.00,377.00,-115.00,-222.00
358.00,126.00,6.00,-557.00,2765.00,-871.00,301.00,-119.00,-35.00
358.00,124.00,6.00,-139.00,2973.00,-775.00,24.00,8.00,67.00
356.00,124.00,7.00,-377.00,2886.00,-1024.00,-83.00,-22.00,506.00
358.00,124.00,6.00,-128.00,2882.00,-896.00,-202.00,-54.00,697.00
356.00,124.00,6.00,170.00,3059.00,-424.00,-547.00,178.00,600.00
360.00,132.00,7.00,249.00,2962.00,-287.00,-550.00,164.00,862.00
364.00,138.00,6.00,690.00,2859.00,-371.00,-402.00,-54.00,1609.00
366.00,146.00,6.00,1244.00,2677.00,28.00,-838.00,448.00,1509.00
376.00,180.00,10.00,3501.00,2610.00,467.00,-620.00,261.00,2299.00
382.00,214.00,7.00,4005.00,2118.00,233.00,-760.00,316.00,2248.00
364.00,258.00,10.00,6887.00,2442.00,1226.00,-808.00,-348.00,528.00
356.00,260.00,8.00,7204.00,2680.00,2110.00,-671.00,-282.00,206.00
348.00,264.00,10.00,7139.00,2814.00,2063.00,-581.00,-127.00,-350.00
342.00,256.00,10.00,6699.00,2659.00,1991.00,-331.00,-344.00,-585.00
336.00,248.00,10.00,5614.00,2208.00,1803.00,-141.00,-285.00,-780.00
332.00,238.00,7.00,4394.00,1682.00,1420.00,-125.00,-58.00,-941.00
326.00,230.00,9.00,3609.00,1509.00,1417.00,-71.00,15.00,-932.00
326.00,224.00,7.00,2737.00,1137.00,1621.00,-150.00,194.00,-747.00
322.00,214.00,6.00,2529.00,1150.00,1719.00,-161.00,304.00,-471.00
322.00,212.00,7.00,2953.00,1408.00,1871.00,-31.00,696.00,-472.00
324.00,212.00,6.00,2953.00,1402.00,1739.00,-78.00,1072.00,-577.00
366.00,270.00,6.00,3868.00,1468.00,4024.00,-1401.00,-81.00,111.00
358.00,280.00,7.00,4264.00,1420.00,4662.00,-1334.00,-287.00,-29.00
354.00,284.00,6.00,3995.00,1109.00,4937.00,-1240.00,-125.00,-284.00
330.00,300.00,6.00,4286.00,1317.00,5256.00,-1063.00,-245.00,-321.00
270.00,294.00,6.00,2726.00,1143.00,5851.00,192.00,-234.00,-1000.00
258.00,286.00,6.00,2726.00,1143.00,5851.00,192.00,-234.00,-1000.00
242.00,272.00,5.00,2677.00,1108.00,5486.00,308.00,-250.00,-1092.00
240.00,268.00,6.00,2100.00,984.00,5312.00,425.00,-284.00,-1068.00
230.00,256.00,6.00,2005.00,1099.00,5141.00,462.00,-133.00,-994.00
222.00,240.00,6.00,1743.00,1080.00,4718.00,716.00,-218.00,-1056.00
206.00,208.00,7.00,1607.00,1366.00,4039.00,863.00,-83.00,-865.00
202.00,182.00,6.00,867.00,1432.00,2416.00,763.00,33.00,-532.00
200.00,156.00,6.00,706.00,1566.00,1287.00,528.00,17.00,-274.00
202.00,144.00,9.00,561.00,1462.00,980.00,279.00,51.00,-176.00
202.00,134.00,7.00,532.00,1439.00,1021.00,109.00,11.00,42.00
202.00,132.00,7.00,851.00,1556.00,1123.00,-85.00,57.00,172.00
204.00,128.00,7.00,949.00,1592.00,1378.00,-195.00,99.00,95.00
206.00,128.00,8.00,910.00,1565.00,1727.00,-321.00,125.00,214.00
206.00,130.00,7.00,1181.00,1724.00,1997.00,-426.00,173.00,350.00
206.00,134.00,7.00,1181.00,1724.00,1997.00,-426.00,173.00,350.00
206.00,142.00,10.00,1450.00,1887.00,2173.00,-532.00,127.00,401.00
212.00,152.00,8.00,1450.00,1887.00,2173.00,-532.00,127.00,401.00
212.00,162.00,10.00,1560.00,1733.00,2534.00,-530.00,35.00,438.00
222.00,188.00,6.00,2066.00,1839.00,3273.00,-724.00,189.00,486.00
0.00,0.00,0.00,2376.00,1852.00,3679.00,-736.00,209.00,560.00
248.00,254.00,7.00,2277.00,1216.00,4392.00,-577.00,142.00,579.00
258.00,266.00,7.00,2075.00,1006.00,4336.00,-496.00,21.00,688.00
266.00,276.00,6.00,2314.00,675.00,4717.00,-396.00,-10.00,731.00
270.00,282.00,7.00,2314.00,675.00,4717.00,-396.00,-10.00,731.00
276.00,288.00,7.00,2693.00,807.00,5013.00,-290.00,-95.00,999.00
288.00,296.00,6.00,3325.00,969.00,4854.00,-197.00,80.00,731.00
292.00,298.00,8.00,3325.00,969.00,4854.00,-197.00,80.00,731.00
0.00,0.00,0.00,3046.00,843.00,5270.00,-95.00,4.00,795.00
310.00,302.00,10.00,3495.00,1058.00,5906.00,80.00,100.00,826.00
318.00,294.00,8.00,4320.00,1405.00,6071.00,505.00,89.00,329.00
322.00,290.00,5.00,3814.00,1148.00,6421.00,641.00,128.00,135.00
330.00,270.00,10.00,3602.00,1131.00,6454.00,937.00,287.00,96.00
360.00,192.00,6.00,2580.00,714.00,4269.00,1680.00,184.00,-235.00
370.00,100.00,7.00,1544.00,2218.00,1974.00,1327.00,77.00,-330.00
370.00,84.00,9.00,1334.00,2528.00,1345.00,1196.00,-34.00,-250.00
368.00,80.00,7.00,1440.00,2712.00,917.00,1019.00,7.00,-308.00
364.00,72.00,9.00,1001.00,2853.00,708.00,923.00,-27.00,-242.00
366.00,66.00,7.00,1001.00,2853.00,708.00,923.00,-27.00,-242.00
366.00,62.00,7.00,1219.00,3012.00,540.00,830.00,7.00,-256.00
366.00,60.00,6.00,897.00,2682.00,-294.00,465.00,-23.00,-175.00
364.00,60.00,7.00,578.00,2363.00,-602.00,221.00,43.00,-111.00
366.00,58.00,6.00,486.00,2096.00,-612.00,-41.00,31.00,-5.00
366.00,60.00,6.00,460.00,2127.00,-464.00,-261.00,34.00,99.00
366.00,64.00,6.00,768.00,2077.00,-156.00,-447.00,82.00,78.00
368.00,66.00,7.00,743.00,2162.00,-124.00,-594.00,122.00,77.00
370.00,74.00,8.00,800.00,2214.00,625.00,-848.00,80.00,261.00
374.00,82.00,10.00,850.00,2382.00,989.00,-1052.00,117.00,300.00
376.00,90.00,9.00,1159.00,2410.00,1776.00,-1172.00,125.00,389.00
378.00,102.00,10.00,1257.00,2729.00,2147.00,-1216.00,140.00,270.00
382.00,140.00,6.00,1645.00,2854.00,2967.00,-1278.00,74.00,455.00
386.00,190.00,6.00,1704.00,2014.00,3898.00,-1295.00,-23.00,697.00
386.00,208.00,6.00,2561.00,1926.00,3956.00,-1337.00,108.00,583.00
386.00,230.00,7.00,2100.00,1602.00,3838.00,-1320.00,-31.00,762.00
376.00,278.00,6.00,3384.00,1144.00,4223.00,-1364.00,-155.00,705.00
356.00,312.00,7.00,4441.00,56.00,4890.00,-1089.00,-399.00,342.00
0.00,0.00,0.00,4718.00,-90.00,5338.00,-670.00,-279.00,-312.00
0.00,0.00,0.00,4640.00,-157.00,5035.00,-610.00,-209.00,-470.00
284.00,302.00,6.00,4291.00,-360.00,4887.00,-173.00,-98.00,-1062.00
282.00,300.00,6.00,3885.00,-246.00,4577.00,-54.00,-127.00,-1074.00
0.00,0.00,0.00,3431.00,-266.00,4387.00,150.00,-298.00,-1128.00
254.00,264.00,7.00,3577.00,-131.00,4435.00,177.00,-206.00,-1073.00
246.00,248.00,6.00,3199.00,-78.00,4103.00,337.00,-242.00,-1057.00
238.00,234.00,6.00,2883.00,137.00,3338.00,402.00,-153.00,-1132.00
238.00,230.00,6.00,2537.00,266.00,3074.00,448.00,-354.00,-951.00
232.00,216.00,6.00,2648.00,576.00,2988.00,434.00,-151.00,-940.00
220.00,178.00,6.00,2418.00,885.00,2884.00,491.00,-277.00,-712.00
216.00,164.00,9.00,2254.00,1128.00,2416.00,449.00,-102.00,-614.00
216.00,156.00,7.00,2150.00,1377.00,1918.00,359.00,-151.00,-500.00
216.00,148.00,8.00,2001.00,1522.00,1385.00,211.00,-33.00,-271.00
216.00,144.00,7.00,2001.00,1522.00,1385.00,211.00,-33.00,-271.00
216.00,140.00,7.00,1912.00,1613.00,1048.00,124.00,-115.00,-160.00
216.00,140.00,8.00,1855.00,1478.00,1193.00,-36.00,16.00,-44.00
214.00,140.00,7.00,1855.00,1478.00,1193.00,-36.00,16.00,-44.00
212.00,144.00,10.00,1917.00,1549.00,1217.00,-204.00,123.00,39.00
214.00,150.00,7.00,2033.00,1585.00,1845.00,-315.00,56.00,293.00
216.00,154.00,10.00,2047.00,1539.00,2097.00,-376.00,158.00,409.00
212.00,162.00,9.00,2577.00,1684.00,2364.00,-395.00,73.00,471.00
214.00,172.00,10.00,2635.00,1571.00,2536.00,-396.00,98.00,482.00
214.00,182.00,10.00,2672.00,1369.00,2683.00,-481.00,273.00,456.00
0.00,0.00,0.00,3362.00,1176.00,2922.00,-501.00,340.00,646.00
238.00,238.00,10.00,3271.00,409.00,3407.00,-641.00,414.00,706.00
256.00,272.00,6.00,2998.00,-125.00,4151.00,-596.00,377.00,878.00
264.00,282.00,7.00,3561.00,93.00,4289.00,-558.00,404.00,825.00
270.00,292.00,6.00,3288.00,-76.00,4485.00,-490.00,337.00,846.00
278.00,298.00,7.00,3641.00,-263.00,4765.00,-339.00,212.00,1088.00
284.00,304.00,7.00,3641.00,-263.00,4765.00,-339.00,212.00,1088.00
300.00,310.00,10.00,4083.00,-137.00,5039.00,-268.00,525.00,802.00
308.00,312.00,10.00,3884.00,-231.00,5076.00,13.00,293.00,767.00
318.00,314.00,10.00,4048.00,-154.00,5317.00,488.00,486.00,482.00
334.00,300.00,10.00,3819.00,-183.00,5841.00,895.00,428.00,210.00
350.00,280.00,7.00,3400.00,-115.00,5544.00,1361.00,296.00,-6.00
356.00,266.00,6.00,3036.00,-30.00,5450.00,1548.00,240.00,-154.00
0.00,0.00,0.00,1885.00,982.00,4120.00,1915.00,165.00,-334.00
378.00,110.00,10.00,1238.00,1947.00,1982.00,1688.00,-28.00,-242.00
378.00,102.00,10.00,1433.00,2482.00,1885.00,1576.00,-65.00,-201.00
372.00,94.00,7.00,1172.00,2730.00,1223.00,1434.00,35.00,-330.00
370.00,90.00,7.00,1131.00,2847.00,1017.00,1421.00,-116.00,-162.00
368.00,82.00,7.00,1120.00,3093.00,799.00,1267.00,-11.00,-245.00
366.00,80.00,7.00,1095.00,3247.00,168.00,1112.00,-106.00,-227.00
0.00,0.00,0.00,771.00,3110.00,-388.00,936.00,-75.00,-159.00
364.00,74.00,6.00,822.00,3008.00,-1048.00,655.00,-18.00,-63.00
364.00,70.00,6.00,850.00,2682.00,-923.00,-266.00,-103.00,66.00
366.00,70.00,6.00,526.00,2535.00,-317.00,-654.00,17.00,136.00
366.00,72.00,6.00,526.00,2535.00,-317.00,-654.00,17.00,136.00
366.00,74.00,6.00,857.00,2839.00,-238.00,-790.00,6.00,102.00
368.00,78.00,7.00,392.00,2690.00,185.00,-935.00,35.00,40.00
370.00,82.00,7.00,392.00,2690.00,185.00,-935.00,35.00,40.00
374.00,90.00,7.00,280.00,2420.00,697.00,-1005.00,21.00,289.00
376.00,94.00,6.00,923.00,2822.00,937.00,-1203.00,118.00,181.00
394.00,194.00,6.00,2184.00,1926.00,4176.00,-1579.00,-84.00,777.00
392.00,230.00,6.00,2628.00,1142.00,4483.00,-1500.00,-151.00,840.00
390.00,248.00,7.00,2819.00,637.00,4713.00,-1476.00,-211.00,991.00
386.00,268.00,9.00,3818.00,620.00,4723.00,-1412.00,-267.00,822.00
380.00,294.00,6.00,3581.00,116.00,4469.00,-1281.00,-335.00,687.00
378.00,296.00,6.00,3423.00,-254.00,4567.00,-1403.00,-260.00,866.00
358.00,324.00,8.00,4094.00,-472.00,4719.00,-1408.00,-246.00,852.00
338.00,334.00,10.00,3968.00,-1142.00,4694.00,-1105.00,-308.00,450.00
326.00,340.00,7.00,3991.00,-1510.00,4450.00,-606.00,-294.00,-281.00
0.00,0.00,0.00,4068.00,-1485.00,4262.00,-560.00,-254.00,-297.00
0.00,0.00,0.00,4394.00,-1453.00,4111.00,-396.00,-312.00,-672.00
274.00,314.00,6.00,4140.00,-1349.00,3761.00,-215.00,-161.00,-847.00
268.00,308.00,7.00,4332.00,-1438.00,3903.00,-48.00,-399.00,-1048.00
0.00,0.00,0.00,3959.00,-1426.00,4003.00,12.00,-136.00,-1208.00
240.00,272.00,6.00,3716.00,-1071.00,3315.00,248.00,-292.00,-1274.00
232.00,258.00,6.00,3130.00,-946.00,3621.00,314.00,-152.00,-1171.00
226.00,244.00,6.00,3230.00,-682.00,3397.00,399.00,-192.00,-1081.00
212.00,192.00,6.00,2707.00,437.00,2097.00,418.00,-55.00,-877.00
210.00,182.00,6.00,2627.00,559.00,2112.00,440.00,-228.00,-822.00
210.00,170.00,8.00,2493.00,825.00,1975.00,327.00,19.00,-580.00
206.00,166.00,10.00,2388.00,1115.00,1736.00,229.00,-96.00,-462.00
208.00,160.00,7.00,2342.00,1065.00,1455.00,145.00,-51.00,-274.00
208.00,160.00,8.00,2220.00,1073.00,1399.00,65.00,37.00,-202.00
208.00,160.00,10.00,1921.00,1126.00,1110.00,-123.00,177.00,-78.00
208.00,162.00,8.00,1871.00,979.00,1329.00,-181.00,-51.00,219.00
204.00,166.00,10.00,2061.00,871.00,1597.00,-333.00,151.00,352.00
210.00,186.00,6.00,2285.00,837.00,2347.00,-362.00,98.00,565.00
208.00,190.00,6.00,2766.00,614.00,2497.00,-543.00,421.00,604.00
212.00,200.00,7.00,2634.00,530.00,2850.00,-522.00,328.00,605.00
232.00,254.00,6.00,3485.00,-199.00,3823.00,-509.00,513.00,842.00
240.00,268.00,6.00,3859.00,-168.00,3773.00,-515.00,582.00,729.00
250.00,282.00,10.00,3633.00,-387.00,4019.00,-437.00,440.00,632.00
258.00,294.00,9.00,3630.00,-556.00,4157.00,-447.00,549.00,653.00
272.00,310.00,6.00,3710.00,-700.00,4191.00,-521.00,819.00,557.00
278.00,310.00,10.00,3158.00,-830.00,4312.00,-368.00,444.00,560.00
292.00,322.00,6.00,3383.00,-828.00,4923.00,-179.00,201.00,918.00
296.00,324.00,9.00,3896.00,-726.00,5138.00,-114.00,616.00,670.00
302.00,324.00,6.00,3257.00,-880.00,5246.00,188.00,291.00,512.00
318.00,324.00,10.00,3229.00,-799.00,5529.00,327.00,153.00,641.00
322.00,318.00,7.00,3688.00,-522.00,6054.00,493.00,383.00,500.00
332.00,308.00,10.00,3508.00,-686.00,5810.00,765.00,482.00,138.00
352.00,276.00,6.00,3313.00,-543.00,5810.00,1196.00,469.00,16.00
0.00,0.00,0.00,2298.00,-230.00,5151.00,1632.00,215.00,-124.00
366.00,234.00,10.00,2111.00,-93.00,4985.00,1619.00,362.00,-225.00
368.00,204.00,6.00,1889.00,112.00,4531.00,1681.00,292.00,-226.00
372.00,198.00,10.00,1620.00,547.00,4098.00,1716.00,149.00,-169.00
370.00,182.00,6.00,1728.00,835.00,4076.00,1681.00,83.00,-185.00
368.00,128.00,10.00,1032.00,2012.00,2829.00,1629.00,123.00,-309.00
370.00,116.00,10.00,789.00,2185.00,2443.00,1611.00,-46.00,-164.00
366.00,98.00,9.00,788.00,2673.00,1391.00,1418.00,-43.00,-131.00
362.00,92.00,7.00,667.00,2744.00,827.00,1256.00,-119.00,-62.00
362.00,86.00,8.00,685.00,2756.00,539.00,1012.00,72.00,-3.00
360.00,82.00,7.00,537.00,2885.00,139.00,912.00,-111.00,21.00
358.00,78.00,6.00,589.00,2999.00,-152.00,654.00,-80.00,38.00
358.00,76.00,7.00,527.00,3035.00,-424.00,436.00,48.00,53.00
358.00,76.00,7.00,578.00,2994.00,-551.00,192.00,-185.00,92.00
358.00,74.00,6.00,380.00,2873.00,-340.00,4.00,-104.00,118.00
358.00,74.00,6.00,668.00,3000.00,0.00,-307.00,-91.00,140.00
360.00,74.00,6.00,511.00,2910.00,330.00,-518.00,27.00,109.00
362.00,76.00,6.00,634.00,2914.00,483.00,-611.00,66.00,168.00
362.00,80.00,7.00,675.00,3020.00,526.00,-643.00,64.00,173.00
364.00,84.00,7.00,700.00,2985.00,766.00,-752.00,24.00,159.00
364.00,90.00,10.00,807.00,2887.00,1087.00,-825.00,55.00,156.00
370.00,98.00,7.00,606.00,2991.00,1420.00,-938.00,114.00,218.00
372.00,100.00,9.00,946.00,2882.00,1887.00,-1084.00,41.00,167.00
374.00,112.00,9.00,809.00,2771.00,2245.00,-1168.00,134.00,238.00
378.00,138.00,6.00,1279.00,2285.00,3288.00,-1273.00,80.00,225.00
380.00,164.00,6.00,1384.00,2194.00,3513.00,-1241.00,-55.00,248.00
380.00,226.00,6.00,2168.00,1058.00,4275.00,-1166.00,-346.00,641.00
380.00,250.00,10.00,2487.00,900.00,4547.00,-1112.00,-381.00,619.00
0.00,0.00,0.00,3401.00,240.00,4906.00,-939.00,-393.00,591.00
360.00,298.00,7.00,3288.00,19.00,4742.00,-918.00,-321.00,578.00
354.00,306.00,7.00,3606.00,-55.00,4572.00,-812.00,-487.00,604.00
346.00,310.00,9.00,3787.00,-235.00,4669.00,-786.00,-399.00,348.00
338.00,314.00,10.00,3594.00,-600.00,4310.00,-726.00,-432.00,395.00
0.00,0.00,0.00,4254.00,-569.00,4105.00,-613.00,-623.00,243.00
322.00,322.00,10.00,4199.00,-731.00,4252.00,-548.00,-717.00,211.00
290.00,312.00,10.00,4234.00,-1083.00,4026.00,-358.00,-470.00,-467.00
280.00,306.00,7.00,4086.00,-1011.00,3781.00,-144.00,-356.00,-608.00
272.00,300.00,6.00,4211.00,-900.00,3781.00,-86.00,-470.00,-726.00
254.00,284.00,6.00,4160.00,-759.00,3651.00,-52.00,-233.00,-902.00
238.00,282.00,18.00,4124.00,-736.00,3558.00,56.00,-247.00,-971.00
236.00,260.00,6.00,3854.00,-638.00,3457.00,119.00,-364.00,-954.00
236.00,256.00,6.00,3871.00,-389.00,3339.00,178.00,-214.00,-1038.00
222.00,230.00,6.00,3483.00,-30.00,3060.00,279.00,-293.00,-1065.00
216.00,216.00,6.00,3266.00,206.00,2926.00,327.00,-213.00,-1099.00
214.00,204.00,6.00,3207.00,462.00,2656.00,350.00,-210.00,-991.00
210.00,192.00,6.00,2607.00,582.00,2305.00,408.00,-138.00,-995.00
206.00,168.00,10.00,2270.00,958.00,1675.00,307.00,-148.00,-623.00
208.00,160.00,6.00,2199.00,1022.00,1292.00,224.00,4.00,-588.00
206.00,158.00,7.00,1834.00,862.00,989.00,86.00,-1.00,-390.00
206.00,158.00,7.00,1702.00,990.00,1090.00,-9.00,-24.00,-187.00
206.00,158.00,7.00,1680.00,716.00,1237.00,-162.00,-2.00,227.00
208.00,162.00,9.00,1976.00,822.00,1476.00,-272.00,62.00,404.00
210.00,170.00,10.00,2352.00,985.00,1631.00,-328.00,142.00,530.00
210.00,176.00,10.00,2942.00,763.00,1862.00,-384.00,182.00,565.00
212.00,188.00,10.00,2830.00,793.00,2230.00,-426.00,191.00,658.00
226.00,246.00,6.00,4029.00,239.00,3234.00,-408.00,352.00,785.00
226.00,252.00,10.00,3476.00,-99.00,3459.00,-326.00,292.00,757.00
242.00,272.00,6.00,4135.00,-97.00,3437.00,-350.00,604.00,589.00
254.00,290.00,7.00,3634.00,-448.00,3704.00,-268.00,429.00,781.00
258.00,294.00,6.00,4126.00,-475.00,3790.00,-336.00,674.00,569.00
272.00,308.00,9.00,4126.00,-475.00,3790.00,-336.00,674.00,569.00
280.00,314.00,8.00,3211.00,-832.00,4309.00,-231.00,484.00,597.00
288.00,316.00,7.00,3454.00,-819.00,4357.00,-109.00,342.00,844.00
300.00,324.00,10.00,4266.00,-696.00,4676.00,-93.00,834.00,631.00
0.00,0.00,0.00,3735.00,-827.00,4683.00,-9.00,804.00,344.00
330.00,318.00,7.00,4086.00,-687.00,5707.00,595.00,566.00,487.00
336.00,312.00,8.00,4079.00,-656.00,5206.00,768.00,619.00,-105.00
350.00,296.00,6.00,2876.00,-862.00,5592.00,993.00,463.00,83.00
356.00,280.00,6.00,3034.00,-524.00,5453.00,1354.00,457.00,-240.00
368.00,232.00,7.00,2007.00,-202.00,5353.00,1731.00,334.00,-323.00
0.00,0.00,0.00,1522.00,768.00,4731.00,1894.00,231.00,-282.00
378.00,152.00,9.00,1160.00,1630.00,3461.00,1920.00,155.00,-231.00
372.00,112.00,9.00,640.00,2545.00,718.00,1286.00,14.00,-199.00
366.00,100.00,6.00,517.00,2858.00,-285.00,881.00,-55.00,-81.00
364.00,92.00,7.00,517.00,2858.00,-285.00,881.00,-55.00,-81.00
362.00,88.00,7.00,332.00,2813.00,-605.00,537.00,14.00,46.00
360.00,86.00,6.00,332.00,2813.00,-605.00,537.00,14.00,46.00
360.00,86.00,7.00,416.00,2753.00,-613.00,51.00,-155.00,116.00
360.00,84.00,6.00,429.00,2717.00,-372.00,-337.00,36.00,141.00
0.00,0.00,0.00,401.00,2836.00,-172.00,-461.00,-7.00,129.00
364.00,84.00,6.00,362.00,2752.00,141.00,-607.00,-27.00,149.00
364.00,86.00,6.00,362.00,2752.00,141.00,-607.00,-27.00,149.00
366.00,90.00,6.00,549.00,2769.00,473.00,-817.00,53.00,225.00
368.00,94.00,7.00,639.00,2856.00,746.00,-910.00,-85.00,273.00
370.00,102.00,9.00,789.00,2841.00,1079.00,-1012.00,-55.00,259.00
374.00,108.00,9.00,624.00,2723.00,1490.00,-1190.00,123.00,176.00
0.00,0.00,0.00,1152.00,2293.00,2933.00,-1416.00,-33.00,312.00
382.00,136.00,7.00,1336.00,2113.00,3486.00,-1411.00,-128.00,415.00
384.00,162.00,6.00,1336.00,2113.00,3486.00,-1411.00,-128.00,415.00
384.00,162.00,6.00,1445.00,2026.00,3837.00,-1569.00,180.00,284.00
386.00,180.00,6.00,1320.00,1795.00,3956.00,-1509.00,56.00,261.00
386.00,208.00,6.00,1582.00,1606.00,4379.00,-1365.00,-186.00,424.00
372.00,298.00,6.00,3269.00,86.00,5026.00,-1128.00,-232.00,469.00
358.00,316.00,7.00,3336.00,-487.00,4750.00,-1010.00,-255.00,348.00
346.00,326.00,6.00,3508.00,-731.00,4554.00,-865.00,-365.00,345.00
342.00,328.00,9.00,3397.00,-997.00,4247.00,-881.00,-195.00,-6.00
332.00,332.00,9.00,3407.00,-1191.00,4256.00,-722.00,-395.00,58.00
328.00,330.00,6.00,3708.00,-1217.00,4509.00,-619.00,-279.00,-248.00
0.00,0.00,0.00,3544.00,-1505.00,4199.00,-315.00,-391.00,-565.00
294.00,322.00,8.00,3596.00,-1489.00,4258.00,-284.00,-332.00,-548.00
288.00,316.00,5.00,3822.00,-1405.00,4078.00,-55.00,-264.00,-799.00
272.00,302.00,7.00,3897.00,-1221.00,4032.00,96.00,-346.00,-913.00
266.00,298.00,6.00,3878.00,-1042.00,4112.00,169.00,-162.00,-966.00
250.00,278.00,7.00,3945.00,-999.00,3682.00,243.00,-274.00,-1126.00
248.00,274.00,6.00,3445.00,-927.00,3955.00,314.00,-329.00,-1066.00
238.00,260.00,7.00,3439.00,-691.00,3847.00,373.00,-79.00,-1072.00
224.00,234.00,6.00,3484.00,-386.00,3341.00,523.00,-502.00,-1014.00
218.00,220.00,6.00,3339.00,-201.00,3611.00,495.00,-194.00,-1130.00
218.00,216.00,6.00,2899.00,-90.00,2902.00,510.00,-145.00,-1143.00
206.00,176.00,6.00,1583.00,293.00,1841.00,371.00,50.00,-728.00
202.00,166.00,9.00,1447.00,668.00,1354.00,258.00,-134.00,-402.00
200.00,158.00,6.00,1129.00,570.00,1140.00,93.00,-8.00,-316.00
200.00,160.00,8.00,841.00,522.00,1063.00,-38.00,38.00,-122.00
200.00,162.00,8.00,832.00,546.00,1191.00,-216.00,21.00,158.00
198.00,166.00,9.00,1179.00,491.00,1495.00,-292.00,68.00,357.00
202.00,180.00,6.00,1598.00,544.00,1905.00,-350.00,71.00,506.00
0.00,0.00,0.00,1886.00,481.00,2201.00,-432.00,114.00,621.00
204.00,202.00,9.00,2934.00,504.00,3043.00,-439.00,222.00,792.00
218.00,232.00,6.00,2831.00,-113.00,3521.00,-377.00,180.00,943.00
232.00,260.00,6.00,3710.00,-333.00,3487.00,-343.00,278.00,918.00
250.00,284.00,6.00,3816.00,-241.00,3764.00,-350.00,492.00,724.00
260.00,296.00,6.00,3884.00,-526.00,4023.00,-348.00,557.00,638.00
270.00,308.00,8.00,3506.00,-878.00,4446.00,-277.00,621.00,639.00
292.00,324.00,10.00,2752.00,-1009.00,4763.00,42.00,319.00,733.00
300.00,322.00,7.00,2879.00,-967.00,5084.00,131.00,130.00,836.00
324.00,320.00,9.00,3237.00,-802.00,5565.00,426.00,604.00,332.00
336.00,316.00,7.00,3237.00,-802.00,5565.00,426.00,604.00,332.00
346.00,308.00,10.00,3017.00,-743.00,5727.00,663.00,400.00,379.00
356.00,292.00,6.00,3383.00,-386.00,6017.00,986.00,507.00,113.00
356.00,290.00,6.00,2779.00,-370.00,5857.00,1391.00,345.00,-132.00
372.00,238.00,6.00,1717.00,-140.00,5220.00,1836.00,171.00,-203.00
376.00,202.00,6.00,1710.00,121.00,5009.00,1960.00,252.00,-293.00
376.00,166.00,7.00,1175.00,943.00,3872.00,1895.00,184.00,-256.00
376.00,136.00,6.00,758.00,1458.00,2999.00,1760.00,92.00,3.00
374.00,124.00,7.00,817.00,1839.00,2669.00,1723.00,57.00,-57.00
372.00,122.00,7.00,822.00,2058.00,2155.00,1568.00,182.00,-144.00
370.00,108.00,8.00,587.00,2175.00,1807.00,1554.00,59.00,-110.00
368.00,104.00,7.00,807.00,2633.00,850.00,1208.00,75.00,-58.00
366.00,98.00,7.00,443.00,2767.00,476.00,1035.00,18.00,-96.00
364.00,94.00,7.00,426.00,2895.00,341.00,907.00,-3.00,-24.00
