337.00,127.00,16.29,-321.00,4148.00,719.00,63.00,72.00,286.00
341.00,126.00,16.26,-162.00,3878.00,1308.00,-57.00,-103.00,328.00
347.00,126.00,15.89,-303.00,3983.00,1499.00,18.00,-46.00,312.00
353.00,127.00,15.95,-312.00,3673.00,1483.00,71.00,102.00,453.00
362.00,129.00,16.01,-5.00,3632.00,1463.00,144.00,155.00,559.00
371.00,133.00,15.99,225.00,3499.00,1547.00,311.00,238.00,626.00
380.00,137.00,16.08,739.00,3512.00,1025.00,296.00,176.00,712.00
388.00,143.00,16.02,863.00,3565.00,917.00,146.00,171.00,651.00
397.00,150.00,16.15,802.00,3339.00,1018.00,19.00,285.00,703.00
405.00,158.00,16.14,1384.00,3153.00,1046.00,68.00,277.00,774.00
412.00,168.00,16.14,1627.00,3307.00,802.00,4.00,114.00,753.00
418.00,178.00,16.02,1957.00,3262.00,983.00,-83.00,205.00,784.00
423.00,189.00,16.03,2304.00,3409.00,983.00,-229.00,221.00,632.00
426.00,200.00,16.03,2304.00,3409.00,983.00,-229.00,221.00,632.00
429.00,212.00,15.95,2312.00,3404.00,1214.00,-280.00,251.00,598.00
429.00,224.00,15.90,2536.00,3494.00,1168.00,-289.00,237.00,532.00
429.00,235.00,15.92,2318.00,3204.00,1200.00,-312.00,154.00,441.00
429.00,247.00,15.88,2421.00,3311.00,1243.00,-437.00,232.00,420.00
427.00,259.00,15.82,2736.00,3344.00,1369.00,-587.00,130.00,387.00
424.00,271.00,15.92,2954.00,3302.00,1600.00,-564.00,98.00,279.00
420.00,282.00,15.83,2939.00,3326.00,1759.00,-571.00,65.00,150.00
413.00,292.00,15.79,3013.00,3161.00,1856.00,-647.00,-1.00,69.00
406.00,302.00,15.84,3333.00,3332.00,2060.00,-674.00,-89.00,6.00
395.00,309.00,16.05,3435.00,3515.00,2141.00,-692.00,-164.00,-176.00
383.00,315.00,17.13,3317.00,3390.00,2468.00,-630.00,-233.00,-403.00
369.00,319.00,17.22,3211.00,3236.00,2366.00,-587.00,-301.00,-373.00
354.00,322.00,17.64,2927.00,3954.00,2590.00,-683.00,-381.00,-743.00
340.50,328.00,17.97,2927.00,3954.00,2590.00,-683.00,-381.00,-743.00
324.50,322.00,18.51,2281.00,3929.00,2818.00,-342.00,-533.00,-568.00
307.00,322.50,20.19,2047.00,4098.00,2831.00,-370.00,-477.00,-731.00
293.00,313.50,19.75,1961.00,4108.00,3069.00,-247.00,-545.00,-712.00
277.50,305.00,19.71,1449.00,4262.00,3174.00,-28.00,-480.00,-614.00
263.00,296.00,17.01,1350.00,4430.00,3030.00,64.00,-420.00,-504.00
253.00,285.00,17.01,1490.00,4406.00,2932.00,182.00,-440.00,-520.00
245.00,272.00,17.01,1167.00,4229.00,2653.00,310.00,-353.00,-549.00
240.00,259.00,17.01,937.00,4083.00,2299.00,330.00,-199.00,-430.00
236.00,245.00,16.98,1028.00,4089.00,2218.00,399.00,-235.00,-388.00
233.00,231.00,16.92,895.00,3922.00,1959.00,458.00,-168.00,-426.00
232.00,217.00,16.82,752.00,3796.00,1706.00,422.00,-78.00,-312.00
233.00,204.00,16.87,886.00,3757.00,1768.00,449.00,-114.00,-256.00
234.00,190.00,16.91,985.00,3824.00,1688.00,484.00,-99.00,-302.00
237.00,177.00,16.95,733.00,3747.00,1451.00,517.00,59.00,-349.00
242.00,166.00,16.87,461.00,3606.00,1369.00,501.00,44.00,-64.00
249.00,155.00,16.78,692.00,3554.00,1449.00,494.00,99.00,-35.00
255.00,145.00,16.73,615.00,3476.00,1320.00,476.00,162.00,-71.00
265.00,136.00,16.61,483.00,3363.00,1103.00,427.00,163.00,101.00
275.00,130.00,16.61,661.00,3249.00,875.00,379.00,248.00,283.00
286.00,124.00,16.48,879.00,3233.00,771.00,249.00,405.00,238.00
297.00,120.00,16.39,787.00,3168.00,1020.00,301.00,280.00,317.00
309.00,118.00,16.54,1338.00,3345.00,861.00,278.00,378.00,364.00
322.00,117.00,16.54,1368.00,3361.00,770.00,207.00,429.00,268.00
334.00,117.00,16.56,1322.00,3226.00,871.00,261.00,308.00,284.00
347.00,119.00,16.52,1547.00,3323.00,781.00,239.00,353.00,334.00
357.50,122.00,16.58,1419.00,3142.00,502.00,165.00,445.00,310.00
369.50,127.50,16.57,1448.00,3246.00,474.00,97.00,386.00,410.00
383.00,132.00,16.08,1997.00,3232.00,616.00,135.00,378.00,415.00
394.00,138.00,15.83,1754.00,3060.00,453.00,61.00,447.00,393.00
404.00,146.00,16.02,2001.00,3058.00,602.00,41.00,296.00,566.00
414.00,155.00,16.41,2374.00,2981.00,566.00,-23.00,340.00,443.00
422.00,165.00,16.32,2435.00,2874.00,798.00,-123.00,341.00,507.00
431.00,176.00,16.25,2910.00,2977.00,783.00,-139.00,279.00,563.00
434.00,186.00,16.23,2721.00,3099.00,992.00,-204.00,272.00,457.00
438.00,198.00,16.06,3238.00,3051.00,1253.00,-150.00,172.00,532.00
439.00,209.00,15.90,3016.00,3114.00,979.00,-220.00,193.00,332.00
440.00,219.00,15.81,2939.00,3230.00,1301.00,-319.00,202.00,361.00
439.00,229.00,15.75,3150.00,3140.00,1383.00,-270.00,122.00,342.00
438.00,239.00,15.73,2976.00,3229.00,1166.00,-296.00,151.00,194.00
435.00,249.00,15.65,3278.00,3269.00,1446.00,-367.00,131.00,182.00
430.00,257.00,15.63,3329.00,3014.00,1282.00,-382.00,102.00,70.00
424.00,265.00,15.78,3358.00,3301.00,1241.00,-369.00,-99.00,28.00
417.00,272.00,15.70,3396.00,3260.00,1295.00,-374.00,-113.00,-53.00
409.00,280.00,15.83,3188.00,2830.00,1117.00,-513.00,21.00,-134.00
400.00,287.00,15.87,2722.00,3206.00,1386.00,-613.00,-50.00,-88.00
392.00,295.00,15.93,2772.00,3219.00,1953.00,-642.00,-39.00,0.00
382.00,301.00,16.01,2925.00,2909.00,2167.00,-552.00,-31.00,-67.00
371.00,308.00,16.27,2983.00,3041.00,1880.00,-566.00,-201.00,-31.00
359.00,313.00,16.64,3496.00,3350.00,2227.00,-673.00,-258.00,-199.00
348.00,318.00,17.99,3309.00,3463.00,2510.00,-552.00,-386.00,-321.00
331.00,317.00,21.07,3272.00,3795.00,2534.00,-525.00,-407.00,-319.00
319.50,314.00,19.18,3237.00,3817.00,2758.00,-517.00,-314.00,-456.00
305.00,312.00,19.14,2868.00,3855.00,3041.00,-362.00,-395.00,-626.00
289.50,312.00,19.24,2540.00,4006.00,2985.00,-172.00,-446.00,-535.00
274.00,302.50,18.07,2419.00,4003.00,2815.00,-147.00,-386.00,-560.00
265.50,287.00,17.57,2235.00,4085.00,2758.00,9.00,-350.00,-690.00
255.00,275.00,17.43,1904.00,4032.00,2638.00,183.00,-336.00,-669.00
248.00,262.00,17.08,1531.00,3866.00,2442.00,267.00,-229.00,-537.00
243.00,249.00,17.04,1461.00,3880.00,2264.00,283.00,-209.00,-491.00
240.00,235.00,17.16,1430.00,3793.00,2113.00,344.00,-144.00,-591.00
239.00,223.00,17.03,1003.00,3619.00,1999.00,421.00,-12.00,-519.00
239.00,210.00,17.01,1027.00,3623.00,1612.00,460.00,-58.00,-246.00
241.00,199.00,17.12,1164.00,3683.00,1578.00,486.00,-88.00,-260.00
241.00,188.50,17.76,1260.00,3625.00,1450.00,447.00,4.00,-265.00
245.50,179.50,18.58,1239.00,3586.00,1373.00,416.00,80.00,-211.00
254.50,167.50,17.40,1227.00,3577.00,1246.00,471.00,59.00,-80.00
261.00,158.00,16.73,1139.00,3465.00,1147.00,445.00,118.00,-81.00
268.00,150.00,16.50,1235.00,3386.00,963.00,426.00,87.00,60.00
276.00,143.00,16.20,1257.00,3321.00,926.00,373.00,152.00,82.00
285.00,137.00,16.19,1186.00,3124.00,853.00,366.00,208.00,60.00
294.00,133.00,16.12,1239.00,3108.00,805.00,303.00,200.00,229.00
305.00,131.00,16.09,1393.00,3208.00,770.00,256.00,248.00,186.00
315.00,130.00,16.11,1448.00,3267.00,747.00,266.00,259.00,246.00
326.00,130.00,16.00,1733.00,3456.00,588.00,292.00,249.00,336.00
336.00,131.00,16.02,1846.00,3458.00,543.00,232.00,263.00,331.00
347.00,132.00,15.98,1767.00,3355.00,672.00,167.00,300.00,207.00
357.00,135.00,16.22,1898.00,3313.00,687.00,214.00,219.00,324.00
367.00,138.00,16.29,1941.00,3235.00,660.00,157.00,349.00,249.00
378.00,143.00,16.31,1632.00,3075.00,746.00,77.00,369.00,221.00
388.00,149.00,16.30,1987.00,3006.00,757.00,165.00,200.00,547.00
397.50,157.00,16.49,2279.00,2850.00,654.00,101.00,387.00,419.00
408.50,167.00,16.51,2383.00,2836.00,664.00,31.00,388.00,450.00
416.00,175.00,16.51,2549.00,2772.00,479.00,-2.00,315.00,439.00
422.00,186.00,16.44,2555.00,2795.00,593.00,-71.00,373.00,430.00
427.00,197.00,16.28,3071.00,2887.00,693.00,-94.00,310.00,569.00
432.00,209.00,16.05,2999.00,3066.00,942.00,-150.00,271.00,300.00
434.00,220.00,16.02,3180.00,3057.00,861.00,-193.00,295.00,373.00
436.00,231.00,15.89,3285.00,2952.00,757.00,-271.00,201.00,333.00
436.00,241.00,15.79,3428.00,2952.00,1071.00,-324.00,183.00,236.00
434.00,252.00,15.78,3242.00,2797.00,1164.00,-354.00,236.00,62.00
432.00,262.00,15.72,3068.00,3043.00,1082.00,-477.00,204.00,113.00
429.00,272.00,15.72,3435.00,3012.00,1535.00,-421.00,31.00,136.00
424.00,281.00,15.90,3531.00,2915.00,1416.00,-438.00,124.00,13.00
418.00,289.00,16.11,3515.00,3146.00,1156.00,-578.00,61.00,-86.00
410.00,297.00,16.08,3445.00,2981.00,1593.00,-609.00,-42.00,-220.00
401.00,305.00,16.30,3205.00,2741.00,1727.00,-695.00,87.00,-230.00
391.00,312.00,16.28,3270.00,2974.00,1571.00,-689.00,20.00,-190.00
379.00,319.00,16.30,3274.00,3039.00,1726.00,-792.00,-102.00,-362.00
366.00,324.00,17.28,3189.00,2972.00,2340.00,-839.00,-110.00,-468.00
353.00,328.00,17.97,3156.00,3148.00,2491.00,-712.00,-98.00,-556.00
338.00,327.50,20.31,3276.00,3518.00,2375.00,-527.00,-497.00,-411.00
321.00,330.50,20.82,3322.00,3823.00,2564.00,-498.00,-559.00,-495.00
305.50,326.50,20.84,2550.00,4261.00,3113.00,-361.00,-362.00,-683.00
292.50,324.00,20.79,2470.00,4424.00,3287.00,-80.00,-558.00,-514.00
279.00,316.00,20.29,2487.00,4418.00,3307.00,-47.00,-487.00,-572.00
267.00,299.00,16.94,2307.00,4305.00,3315.00,-31.00,-313.00,-697.00
259.00,286.00,17.01,1498.00,4022.00,2890.00,269.00,-340.00,-458.00
252.00,271.00,17.01,1656.00,3937.00,2410.00,381.00,-260.00,-578.00
247.00,256.00,17.06,1166.00,3715.00,2283.00,460.00,-264.00,-495.00
244.00,241.00,17.06,1197.00,3687.00,2104.00,471.00,-162.00,-356.00
242.00,227.00,16.92,1244.00,3556.00,1773.00,421.00,-66.00,-400.00
241.00,212.00,16.84,1021.00,3519.00,1762.00,487.00,-147.00,-396.00
243.00,198.00,17.03,863.00,3419.00,1704.00,516.00,-96.00,-237.00
246.00,186.00,17.07,1071.00,3482.00,1516.00,429.00,92.00,-166.00
250.00,174.00,17.00,1019.00,3443.00,1468.00,454.00,31.00,-141.00
255.00,163.00,16.91,1082.00,3437.00,1366.00,437.00,3.00,-17.00
262.00,153.00,16.93,1071.00,3459.00,1259.00,371.00,195.00,46.00
269.00,144.00,16.68,1217.00,3403.00,1180.00,374.00,135.00,54.00
277.00,136.00,16.67,1266.00,3390.00,1163.00,429.00,39.00,114.00
287.00,130.00,16.52,1218.00,3353.00,1056.00,379.00,174.00,116.00
296.00,124.00,16.42,1117.00,3277.00,1091.00,372.00,200.00,170.00
308.00,121.00,16.42,1328.00,3184.00,887.00,392.00,156.00,292.00
319.00,118.00,16.28,1372.00,3106.00,755.00,378.00,219.00,255.00
331.00,117.00,16.43,1377.00,3047.00,710.00,290.00,265.00,349.00
343.00,118.00,16.59,1710.00,3139.00,631.00,258.00,304.00,380.00
355.00,120.00,16.60,1868.00,3109.00,588.00,278.00,267.00,395.00
367.00,124.00,16.56,2072.00,3157.00,530.00,243.00,319.00,399.00
377.00,129.00,16.55,1968.00,3045.00,539.00,188.00,370.00,376.00
388.00,134.00,16.59,2147.00,2987.00,567.00,193.00,291.00,449.00
397.50,141.00,16.67,2126.00,2979.00,528.00,163.00,310.00,398.00
408.00,149.00,16.54,2021.00,2802.00,437.00,59.00,421.00,428.00
418.00,159.00,16.54,2220.00,2852.00,522.00,18.00,355.00,585.00
426.00,170.00,16.54,2922.00,2718.00,584.00,-9.00,341.00,493.00
433.00,182.00,16.55,2960.00,2612.00,597.00,-86.00,290.00,650.00
438.00,194.00,16.54,3501.00,2686.00,684.00,-113.00,249.00,600.00
441.00,206.00,16.45,3359.00,2806.00,751.00,-208.00,317.00,430.00
443.00,218.00,16.43,3491.00,2777.00,665.00,-209.00,236.00,458.00
443.00,230.00,16.33,3554.00,2746.00,761.00,-322.00,201.00,399.00
442.00,242.00,16.34,3511.00,2940.00,1021.00,-389.00,196.00,352.00
440.00,252.00,16.22,3749.00,2729.00,1065.00,-342.00,94.00,194.00
436.00,262.00,16.06,3454.00,2733.00,1099.00,-424.00,70.00,215.00
432.00,272.00,15.90,3693.00,2894.00,1264.00,-551.00,132.00,195.00
426.00,281.00,16.02,3432.00,2708.00,1422.00,-527.00,115.00,29.00
420.00,290.00,16.02,3620.00,2651.00,1522.00,-524.00,-6.00,129.00
412.00,298.00,16.15,3836.00,2637.00,1498.00,-559.00,10.00,54.00
403.00,305.00,16.14,3809.00,2707.00,1636.00,-667.00,22.00,-79.00
393.00,310.00,16.51,3928.00,2788.00,1975.00,-658.00,-81.00,-119.00
381.00,315.00,17.31,3924.00,2676.00,2086.00,-632.00,-107.00,-214.00
367.00,317.00,17.38,3843.00,2920.00,2021.00,-638.00,-149.00,-382.00
353.00,318.00,17.66,3786.00,2990.00,2200.00,-628.00,-231.00,-461.00
338.00,317.00,17.96,3646.00,2931.00,2379.00,-538.00,-280.00,-511.00
324.50,315.00,19.06,3498.00,3238.00,2424.00,-474.00,-307.00,-539.00
309.50,310.50,19.16,3196.00,3338.00,2476.00,-392.00,-415.00,-633.00
294.00,304.00,19.14,2929.00,3391.00,2732.00,-354.00,-403.00,-572.00
279.00,296.00,17.43,2827.00,3625.00,2837.00,-260.00,-286.00,-583.00
267.00,286.00,17.32,2659.00,3693.00,2739.00,-114.00,-388.00,-586.00
257.00,275.00,17.11,2443.00,3722.00,2812.00,27.00,-374.00,-619.00
250.00,263.00,16.98,2095.00,3780.00,2625.00,133.00,-167.00,-583.00
244.00,249.00,17.09,2010.00,3796.00,2514.00,193.00,-195.00,-514.00
241.00,236.00,17.11,1906.00,3797.00,2368.00,346.00,-236.00,-477.00
240.00,222.00,17.09,1786.00,3703.00,2019.00,390.00,-74.00,-478.00
241.00,209.00,17.09,1811.00,3605.00,1773.00,534.00,-220.00,-307.00
243.00,195.00,17.28,1825.00,3494.00,1595.00,526.00,-188.00,-314.00
246.00,182.00,17.28,1777.00,3448.00,1528.00,494.00,-46.00,-356.00
251.50,169.00,17.19,1553.00,3367.00,1505.00,455.00,-41.00,-274.00
256.00,158.00,17.15,1628.00,3366.00,1428.00,514.00,15.00,-213.00
263.00,148.00,17.14,1449.00,3247.00,1183.00,492.00,82.00,-185.00
271.00,139.00,17.11,1370.00,3204.00,1130.00,505.00,53.00,-60.00
280.00,131.00,17.03,1518.00,3221.00,1015.00,482.00,98.00,24.00
290.00,125.00,16.69,1578.00,3201.00,654.00,430.00,165.00,94.00
300.00,119.00,16.70,1694.00,3139.00,650.00,422.00,152.00,145.00
311.00,116.00,16.60,1916.00,3057.00,632.00,326.00,239.00,97.00
322.00,113.00,16.60,1819.00,2894.00,476.00,299.00,276.00,107.00
332.00,112.00,16.42,1894.00,2889.00,413.00,251.00,295.00,224.00
343.00,112.00,16.44,1894.00,2889.00,413.00,251.00,295.00,224.00
354.00,114.00,16.50,2049.00,2954.00,412.00,214.00,268.00,269.00
364.00,118.00,16.57,2204.00,2959.00,385.00,202.00,338.00,309.00
374.00,122.00,16.51,2184.00,2931.00,351.00,138.00,336.00,304.00
383.00,128.00,16.57,2231.00,2878.00,498.00,90.00,300.00,396.00
393.00,136.00,16.57,2745.00,2813.00,423.00,78.00,349.00,394.00
401.00,144.00,16.43,2664.00,2708.00,272.00,41.00,363.00,326.00
408.00,153.00,16.65,2558.00,2597.00,463.00,-7.00,331.00,406.00
414.00,164.00,16.63,2791.00,2725.00,367.00,-76.00,321.00,434.00
420.00,175.00,16.62,2636.00,2834.00,562.00,-117.00,303.00,479.00
425.00,188.00,16.64,3401.00,2863.00,932.00,-97.00,221.00,568.00
429.00,200.00,16.70,3165.00,2934.00,833.00,-149.00,264.00,487.00
431.00,212.00,16.69,3165.00,2934.00,833.00,-149.00,264.00,487.00
433.00,224.00,16.68,3476.00,2870.00,835.00,-151.00,174.00,531.00
434.00,236.00,16.62,3639.00,2749.00,930.00,-212.00,186.00,514.00
433.00,246.00,16.57,4055.00,3046.00,860.00,-289.00,245.00,389.00
431.00,256.00,16.55,3768.00,2834.00,962.00,-306.00,125.00,204.00
427.00,264.00,16.51,3990.00,2687.00,1200.00,-302.00,17.00,291.00
422.00,270.00,16.66,3815.00,2682.00,1298.00,-403.00,109.00,-88.00
416.00,276.00,16.60,3631.00,2399.00,1527.00,-399.00,-43.00,-19.00
409.00,282.00,16.58,3548.00,2439.00,1398.00,-423.00,12.00,-19.00
401.00,288.00,16.66,3429.00,2681.00,1327.00,-512.00,47.00,-91.00
392.00,293.00,16.66,3421.00,2670.00,1441.00,-485.00,-60.00,-73.00
383.00,298.00,16.64,3693.00,2633.00,1424.00,-476.00,-135.00,19.00
373.00,303.00,16.76,3846.00,2509.00,1471.00,-496.00,-194.00,-35.00
361.00,306.00,16.84,3980.00,2747.00,1597.00,-579.00,-205.00,-62.00
348.00,309.00,17.37,3832.00,2863.00,1787.00,-629.00,-179.00,-213.00
335.00,310.00,17.51,3623.00,2756.00,1911.00,-593.00,-248.00,-214.00
321.00,309.00,17.57,3650.00,2753.00,2001.00,-528.00,-353.00,-176.00
309.00,308.00,18.44,3749.00,2892.00,1972.00,-485.00,-326.00,-313.00
295.00,305.00,18.67,3633.00,3117.00,2113.00,-489.00,-353.00,-387.00
282.50,300.50,18.80,3542.00,3266.00,2417.00,-429.00,-358.00,-413.00
267.00,292.00,17.73,3552.00,3438.00,2656.00,-281.00,-310.00,-465.00
256.00,282.00,17.50,3366.00,3565.00,2661.00,-170.00,-298.00,-578.00
247.00,270.00,17.43,3156.00,3653.00,2601.00,-60.00,-310.00,-609.00
240.00,257.00,17.31,2927.00,3622.00,2434.00,46.00,-223.00,-649.00
234.00,242.00,17.27,2743.00,3538.00,2335.00,207.00,-243.00,-656.00
232.00,228.00,17.22,2483.00,3537.00,2284.00,328.00,-196.00,-704.00
230.00,213.00,17.26,2172.00,3423.00,1815.00,381.00,-106.00,-587.00
232.00,198.00,17.23,2102.00,3412.00,1747.00,408.00,-103.00,-567.00
234.00,185.00,17.32,1843.00,3324.00,1503.00,456.00,-81.00,-554.00
237.00,172.00,17.30,1601.00,3218.00,1240.00,445.00,-2.00,-427.00
242.00,161.00,17.19,1608.00,3173.00,1231.00,387.00,67.00,-326.00
248.00,151.00,16.96,1607.00,3194.00,1109.00,433.00,131.00,-263.00
254.00,143.00,16.85,1662.00,3235.00,926.00,439.00,57.00,-189.00
262.00,135.00,16.77,1572.00,3129.00,841.00,366.00,159.00,-47.00
270.00,129.00,16.73,1751.00,3188.00,890.00,356.00,160.00,-11.00
280.00,124.00,16.55,1510.00,3127.00,837.00,363.00,187.00,56.00
290.00,121.00,16.47,1707.00,3125.00,702.00,346.00,198.00,176.00
301.00,118.00,16.42,1880.00,3215.00,706.00,345.00,228.00,154.00
312.00,117.00,16.47,1907.00,3137.00,580.00,338.00,228.00,231.00
323.00,117.00,16.45,2293.00,3161.00,508.00,314.00,259.00,269.00
334.00,118.00,16.51,2306.00,3208.00,495.00,298.00,279.00,215.00
345.00,119.00,16.55,2280.00,3176.00,457.00,281.00,262.00,237.00
356.00,122.00,16.55,2291.00,3033.00,394.00,283.00,274.00,281.00
366.00,125.00,16.64,2412.00,2954.00,379.00,240.00,280.00,314.00
376.00,130.00,16.70,2430.00,2929.00,428.00,202.00,322.00,279.00
386.00,136.00,16.68,2428.00,2786.00,373.00,188.00,297.00,344.00
395.00,142.00,16.69,2801.00,2824.00,400.00,165.00,296.00,393.00
403.00,150.00,16.65,2621.00,2880.00,384.00,117.00,321.00,347.00
410.00,158.00,16.64,3020.00,2841.00,363.00,92.00,253.00,437.00
417.00,167.00,16.62,2912.00,2733.00,396.00,100.00,214.00,431.00
423.00,176.00,16.60,3081.00,2690.00,426.00,56.00,231.00,504.00
427.00,186.00,16.62,3393.00,2611.00,481.00,-22.00,285.00,432.00
431.00,197.00,16.48,3272.00,2583.00,447.00,-48.00,225.00,396.00
432.00,207.00,16.50,3553.00,2652.00,557.00,-60.00,187.00,423.00
434.00,217.00,16.43,3469.00,2511.00,520.00,-220.00,281.00,342.00
433.00,227.00,16.44,3612.00,2518.00,685.00,-202.00,172.00,316.00
432.00,238.00,16.36,3432.00,2404.00,671.00,-257.00,172.00,216.00
430.00,249.00,16.44,3447.00,2485.00,748.00,-355.00,220.00,285.00
426.00,260.00,16.37,3559.00,2441.00,920.00,-364.00,103.00,307.00
421.00,271.00,16.40,3861.00,2369.00,994.00,-420.00,93.00,247.00
416.00,281.00,16.43,3703.00,2409.00,919.00,-525.00,171.00,82.00
409.00,291.00,16.51,3863.00,2657.00,1072.00,-594.00,191.00,99.00
400.00,299.00,16.69,4324.00,2730.00,1265.00,-599.00,46.00,45.00
390.00,305.00,17.04,4568.00,2619.00,1688.00,-622.00,-57.00,-171.00
378.00,308.00,17.39,4420.00,2576.00,1753.00,-620.00,-64.00,-254.00
363.00,311.00,17.52,4178.00,2516.00,1908.00,-603.00,-182.00,-287.00
349.00,312.00,17.74,3995.00,2625.00,1921.00,-522.00,-299.00,-224.00
334.00,311.00,18.04,3845.00,2815.00,2049.00,-560.00,-288.00,-255.00
322.00,307.50,18.79,3677.00,2965.00,2147.00,-537.00,-320.00,-305.00
307.00,305.00,19.08,3533.00,3097.00,2269.00,-433.00,-415.00,-252.00
292.50,301.50,18.99,3601.00,3322.00,2169.00,-368.00,-406.00,-268.00
278.50,293.00,18.21,3572.00,3518.00,2253.00,-313.00,-376.00,-375.00
270.50,281.50,17.74,3434.00,3490.00,2253.00,-165.00,-421.00,-467.00
258.00,270.00,17.61,3297.00,3436.00,2311.00,-72.00,-394.00,-469.00
250.50,258.50,17.62,2970.00,3389.00,2232.00,13.00,-313.00,-526.00
242.00,247.50,17.56,2776.00,3416.00,1972.00,127.00,-320.00,-501.00
240.00,232.00,17.44,2662.00,3455.00,1745.00,206.00,-294.00,-434.00
238.00,218.00,17.45,2567.00,3334.00,1553.00,253.00,-165.00,-473.00
238.00,205.00,17.23,2423.00,3323.00,1582.00,329.00,-198.00,-436.00
238.00,192.00,17.28,2324.00,3293.00,1562.00,349.00,-116.00,-414.00
241.00,178.00,17.45,2324.00,3293.00,1562.00,349.00,-116.00,-414.00
245.00,167.00,17.42,2219.00,3233.00,1301.00,380.00,39.00,-412.00
251.00,156.00,17.35,1970.00,3127.00,1038.00,463.00,-42.00,-213.00
257.00,146.00,17.27,2034.00,3147.00,982.00,451.00,17.00,-204.00
265.00,138.00,17.07,2028.00,3115.00,917.00,426.00,123.00,-228.00
273.00,131.00,17.07,1981.00,3052.00,570.00,380.00,179.00,-121.00
282.00,125.00,16.80,1838.00,2893.00,690.00,376.00,274.00,-55.00
291.00,121.00,16.67,1746.00,2861.00,556.00,255.00,433.00,25.00
302.00,118.00,16.51,2124.00,3080.00,604.00,215.00,422.00,139.00
313.00,117.00,16.49,2387.00,3169.00,619.00,247.00,414.00,55.00
324.00,116.00,16.50,2319.00,3111.00,586.00,271.00,420.00,64.00
335.00,116.00,16.46,2468.00,3094.00,616.00,236.00,415.00,151.00
346.00,117.00,16.47,2646.00,3192.00,578.00,266.00,374.00,129.00
356.00,119.00,16.52,2574.00,3096.00,517.00,336.00,298.00,94.00
366.00,120.00,16.56,2551.00,2968.00,414.00,231.00,381.00,116.00
376.00,124.00,16.55,2424.00,2885.00,420.00,215.00,336.00,185.00
385.00,128.00,16.58,2545.00,2722.00,416.00,194.00,334.00,254.00
393.00,133.00,16.47,2524.00,2607.00,252.00,160.00,341.00,250.00
402.00,140.00,16.73,2235.00,2584.00,256.00,73.00,284.00,348.00
410.00,149.00,16.83,2656.00,2523.00,287.00,25.00,272.00,525.00
417.00,159.00,16.89,2870.00,2479.00,323.00,-26.00,317.00,447.00
423.00,171.00,16.94,2527.00,2373.00,348.00,-113.00,317.00,401.00
428.00,183.00,16.97,2917.00,2325.00,556.00,-170.00,240.00,630.00
433.00,197.00,16.84,3237.00,2645.00,794.00,-262.00,254.00,536.00
437.00,211.00,16.79,3729.00,2607.00,805.00,-282.00,164.00,627.00
439.00,223.00,16.84,4035.00,2701.00,894.00,-296.00,140.00,424.00
439.00,235.00,16.89,4042.00,2620.00,1023.00,-401.00,239.00,331.00
438.00,247.00,17.07,4378.00,2443.00,1291.00,-424.00,146.00,275.00
435.00,256.00,17.10,4101.00,2461.00,1575.00,-383.00,65.00,155.00
430.00,265.00,17.03,4372.00,2226.00,1512.00,-463.00,105.00,195.00
423.00,273.00,16.99,4391.00,2146.00,1520.00,-530.00,143.00,47.00
415.00,280.00,17.08,3684.00,2042.00,1616.00,-525.00,78.00,-87.00
405.00,287.00,17.15,3853.00,2000.00,1671.00,-507.00,-22.00,54.00
394.00,294.00,17.10,3970.00,2178.00,1608.00,-494.00,-47.00,34.00
382.00,300.00,17.60,3902.00,2355.00,1477.00,-557.00,-184.00,20.00
368.00,305.00,17.62,3904.00,2228.00,1665.00,-620.00,-187.00,39.00
354.00,310.00,18.31,4165.00,2233.00,1837.00,-676.00,-196.00,-4.00
338.00,312.00,18.52,4201.00,2334.00,1823.00,-661.00,-262.00,-54.00
321.00,313.00,19.16,4269.00,2604.00,1984.00,-684.00,-303.00,-161.00
305.00,311.00,19.41,4327.00,2734.00,2343.00,-642.00,-326.00,-264.00
290.50,305.50,20.10,4262.00,2858.00,2680.00,-545.00,-328.00,-408.00
272.50,298.00,19.27,4078.00,3015.00,2776.00,-416.00,-374.00,-504.00
259.50,285.50,18.77,3746.00,3115.00,2835.00,-300.00,-347.00,-608.00
248.50,271.50,18.45,3484.00,3072.00,2880.00,-194.00,-319.00,-654.00
236.00,258.00,18.53,3414.00,3172.00,2809.00,-35.00,-331.00,-684.00
232.50,242.50,18.41,2843.00,3191.00,2456.00,157.00,-250.00,-680.00
225.00,227.00,18.20,2625.00,3217.00,2205.00,224.00,-149.00,-602.00
223.00,211.00,18.17,2482.00,3248.00,1967.00,359.00,-167.00,-559.00
221.00,197.00,18.14,2228.00,3149.00,1823.00,428.00,-158.00,-538.00
224.00,182.00,18.20,2108.00,3113.00,1638.00,436.00,-65.00,-381.00
227.00,168.00,18.07,2129.00,3138.00,1566.00,436.00,-42.00,-370.00
232.50,156.00,17.94,2035.00,3112.00,1512.00,491.00,-42.00,-353.00
240.00,144.00,17.83,1890.00,3062.00,1343.00,543.00,-63.00,-312.00
248.00,134.00,17.76,1902.00,3028.00,977.00,493.00,46.00,-140.00
257.00,126.00,17.54,2017.00,3054.00,933.00,469.00,65.00,-89.00
266.00,118.00,17.40,1821.00,2911.00,786.00,503.00,97.00,-108.00
277.00,113.00,17.33,2287.00,2903.00,692.00,406.00,147.00,135.00
287.00,108.00,17.18,2349.00,2962.00,662.00,400.00,249.00,-57.00
298.00,105.00,17.08,2038.00,2886.00,547.00,440.00,207.00,27.00
310.00,103.00,17.01,2131.00,2872.00,392.00,367.00,248.00,176.00
322.00,103.00,16.83,2307.00,2907.00,420.00,355.00,311.00,203.00
333.00,104.00,16.85,2501.00,2937.00,281.00,384.00,294.00,157.00
345.00,105.00,16.83,2396.00,2946.00,207.00,370.00,267.00,217.00
356.00,108.00,16.89,2562.00,2791.00,179.00,318.00,275.00,281.00
367.00,112.00,16.93,2903.00,2827.00,190.00,266.00,324.00,295.00
377.00,117.50,16.84,2903.00,2827.00,190.00,266.00,324.00,295.00
387.00,122.00,16.87,2828.00,2697.00,170.00,249.00,287.00,302.00
397.00,128.00,16.78,2851.00,2571.00,49.00,206.00,259.00,364.00
405.00,136.00,16.78,2836.00,2531.00,125.00,159.00,271.00,424.00
413.00,144.00,16.75,3062.00,2546.00,131.00,119.00,294.00,455.00
420.00,153.00,16.73,3105.00,2509.00,160.00,64.00,210.00,491.00
426.00,163.00,16.82,3533.00,2468.00,360.00,30.00,222.00,529.00
432.00,173.00,16.77,3517.00,2378.00,460.00,-30.00,277.00,443.00
436.00,183.00,16.77,3660.00,2252.00,428.00,-9.00,166.00,481.00
438.00,194.00,16.94,3830.00,2220.00,449.00,-22.00,102.00,523.00
440.00,204.00,16.84,3856.00,2133.00,496.00,-178.00,301.00,411.00
440.00,215.00,16.82,4073.00,2099.00,664.00,-173.00,142.00,394.00
439.00,225.00,16.58,3943.00,2073.00,739.00,-175.00,139.00,318.00
436.00,236.00,16.68,3958.00,2217.00,538.00,-276.00,254.00,345.00
433.00,246.00,16.67,3984.00,2128.00,671.00,-341.00,189.00,284.00
429.00,256.00,16.62,4016.00,2039.00,804.00,-386.00,140.00,286.00
424.00,265.00,16.50,4213.00,2155.00,766.00,-442.00,150.00,243.00
418.00,274.00,16.73,4008.00,2050.00,966.00,-507.00,139.00,207.00
410.00,282.00,16.88,4183.00,1977.00,1272.00,-539.00,78.00,177.00
402.00,290.00,16.95,4216.00,1827.00,1358.00,-539.00,82.00,112.00
393.00,298.00,17.12,4098.00,1779.00,1296.00,-560.00,78.00,96.00
382.00,305.00,17.13,4563.00,1908.00,1392.00,-593.00,-104.00,116.00
370.00,310.00,17.47,4520.00,1905.00,1488.00,-625.00,-51.00,7.00
358.00,314.00,17.57,4514.00,1974.00,1524.00,-649.00,-55.00,-100.00
344.00,316.00,18.15,4479.00,1981.00,1638.00,-626.00,-184.00,-156.00
331.50,317.50,18.86,4359.00,2028.00,1715.00,-628.00,-186.00,-189.00
317.50,319.00,19.06,4381.00,2166.00,1704.00,-606.00,-234.00,-204.00
302.00,314.00,19.05,4471.00,2273.00,1882.00,-586.00,-317.00,-293.00
287.00,309.00,19.10,4317.00,2474.00,2160.00,-531.00,-303.00,-413.00
273.50,303.00,19.04,4306.00,2728.00,2383.00,-420.00,-281.00,-458.00
258.50,292.50,18.37,4211.00,2834.00,2403.00,-322.00,-318.00,-504.00
251.00,279.00,17.84,4122.00,2982.00,2548.00,-216.00,-270.00,-618.00
244.00,264.00,17.84,3804.00,3053.00,2543.00,-62.00,-168.00,-800.00
239.00,249.00,17.71,3501.00,2986.00,2521.00,86.00,-222.00,-769.00
236.00,233.00,17.74,3153.00,2932.00,2086.00,285.00,-132.00,-731.00
236.00,217.00,17.75,2844.00,2927.00,1625.00,378.00,-82.00,-674.00
238.00,202.00,17.61,2671.00,2920.00,1282.00,424.00,-153.00,-574.00
240.00,188.00,17.59,2590.00,2943.00,1231.00,411.00,-112.00,-491.00
243.00,174.00,17.46,2463.00,2915.00,1165.00,446.00,-54.00,-480.00
247.00,162.00,17.48,2253.00,2833.00,1153.00,464.00,-79.00,-404.00
254.00,151.00,17.52,2209.00,2795.00,1006.00,468.00,-42.00,-292.00
261.00,142.00,17.52,2153.00,2763.00,946.00,485.00,-44.00,-195.00
269.00,134.00,17.41,2216.00,2822.00,768.00,502.00,-47.00,-145.00
277.00,127.00,17.11,2174.00,2825.00,518.00,423.00,133.00,-121.00
287.00,122.00,17.03,2182.00,2877.00,456.00,459.00,21.00,-38.00
297.00,119.00,16.90,2136.00,2850.00,504.00,465.00,29.00,24.00
308.00,116.00,16.76,2385.00,2846.00,310.00,373.00,250.00,38.00
319.00,115.00,16.83,2344.00,2789.00,450.00,428.00,149.00,136.00
330.00,116.00,17.04,2639.00,2886.00,393.00,417.00,218.00,151.00
342.00,117.00,17.10,2405.00,2884.00,203.00,392.00,328.00,115.00
353.50,120.00,17.01,2537.00,2861.00,171.00,365.00,276.00,272.00
365.00,123.00,16.99,2932.00,2809.00,228.00,332.00,341.00,244.00
377.00,127.00,17.04,2664.00,2798.00,186.00,364.00,345.00,194.00
389.00,133.00,16.73,2805.00,2617.00,51.00,354.00,295.00,389.00
399.00,140.00,16.65,2927.00,2408.00,33.00,303.00,360.00,331.00
409.00,147.00,16.62,3123.00,2252.00,-20.00,277.00,330.00,382.00
419.00,156.00,16.60,3113.00,2120.00,-161.00,226.00,303.00,398.00
426.00,166.00,16.71,3078.00,1929.00,-135.00,167.00,308.00,492.00
433.00,177.00,16.77,3586.00,1970.00,-120.00,54.00,310.00,537.00
438.00,190.00,16.74,3569.00,1905.00,26.00,-46.00,270.00,593.00
442.00,202.00,16.80,3806.00,1899.00,103.00,-81.00,229.00,612.00
444.00,216.00,16.81,3824.00,1778.00,268.00,-169.00,250.00,576.00
445.00,230.00,16.85,4150.00,1960.00,399.00,-208.00,218.00,550.00
444.00,244.00,16.84,4094.00,1820.00,388.00,-198.00,116.00,547.00
442.00,257.00,16.76,4664.00,1874.00,538.00,-212.00,-93.00,681.00
439.00,268.00,16.77,4945.00,1989.00,508.00,-284.00,79.00,490.00
433.00,278.00,16.77,5053.00,1841.00,320.00,-374.00,94.00,336.00
426.00,285.00,16.72,5042.00,1852.00,292.00,-311.00,-196.00,264.00
418.00,291.00,16.75,5034.00,1912.00,261.00,-391.00,-128.00,201.00
408.00,296.00,16.95,5012.00,1819.00,308.00,-555.00,45.00,70.00
396.00,299.00,17.28,4883.00,1690.00,624.00,-551.00,-245.00,-8.00
384.00,301.00,17.32,4664.00,1642.00,627.00,-550.00,-192.00,-41.00
370.00,302.00,17.28,4550.00,1764.00,532.00,-692.00,-85.00,-52.00
356.00,301.00,17.47,4713.00,2036.00,747.00,-686.00,-282.00,-97.00
341.00,299.00,17.85,4651.00,2176.00,954.00,-646.00,-359.00,-114.00
327.00,296.00,18.06,4710.00,2203.00,1024.00,-688.00,-196.00,-157.00
314.00,290.00,18.32,4611.00,2389.00,1047.00,-671.00,-251.00,-272.00
301.00,284.50,18.83,4362.00,2707.00,1376.00,-507.00,-327.00,-345.00
288.50,274.50,18.05,4324.00,2839.00,1431.00,-424.00,-307.00,-381.00
279.00,262.00,17.62,4211.00,3008.00,1436.00,-224.00,-398.00,-416.00
271.00,249.00,17.43,4211.00,3008.00,1436.00,-224.00,-398.00,-416.00
266.00,236.00,17.40,3854.00,3022.00,1178.00,-108.00,-239.00,-569.00
263.00,222.00,17.38,3704.00,2962.00,1098.00,79.00,-256.00,-560.00
261.00,208.00,17.42,3402.00,2816.00,977.00,84.00,-43.00,-610.00
261.00,193.00,17.39,3309.00,2871.00,986.00,170.00,-107.00,-631.00
263.00,179.00,17.35,3073.00,2758.00,897.00,272.00,-98.00,-621.00
267.00,166.00,17.18,2748.00,2765.00,693.00,323.00,0.00,-593.00
271.00,154.00,17.28,2625.00,2754.00,549.00,337.00,33.00,-467.00
277.00,144.00,17.26,2609.00,2760.00,560.00,360.00,76.00,-431.00
284.00,135.00,17.10,2566.00,2735.00,414.00,413.00,63.00,-366.00
292.00,128.00,16.95,2554.00,2720.00,243.00,454.00,82.00,-311.00
301.00,122.00,16.85,2333.00,2718.00,180.00,447.00,139.00,-284.00
310.00,117.00,16.72,2585.00,2742.00,-83.00,380.00,252.00,-156.00
319.00,114.00,16.56,2438.00,2682.00,-17.00,418.00,243.00,-175.00
329.00,113.00,16.34,2419.00,2694.00,-142.00,443.00,234.00,-32.00
339.00,113.00,16.40,2367.00,2671.00,-268.00,393.00,268.00,53.00
350.00,114.00,16.50,2700.00,2614.00,-175.00,374.00,245.00,156.00
360.00,116.00,16.46,2682.00,2650.00,-241.00,403.00,298.00,98.00
369.50,120.00,16.58,2623.00,2577.00,-342.00,323.00,342.00,181.00
378.50,125.50,16.63,3075.00,2606.00,-286.00,316.00,344.00,253.00
389.50,131.00,16.52,3101.00,2491.00,-432.00,312.00,359.00,183.00
397.00,136.00,16.53,3096.00,2411.00,-447.00,264.00,285.00,271.00
405.00,143.00,16.28,3181.00,2350.00,-463.00,245.00,304.00,297.00
412.00,151.00,16.25,3410.00,2211.00,-481.00,169.00,346.00,340.00
418.00,159.00,16.24,3453.00,2233.00,-555.00,126.00,296.00,339.00
422.00,168.00,16.32,3216.00,2174.00,-537.00,47.00,301.00,298.00
426.00,177.00,16.31,3571.00,2054.00,-416.00,-39.00,231.00,434.00
429.00,188.00,16.28,3539.00,2168.00,-6.00,-95.00,260.00,310.00
431.00,198.00,16.36,3637.00,2084.00,-205.00,-111.00,242.00,465.00
432.00,210.00,16.15,4176.00,2157.00,-174.00,-238.00,270.00,347.00
432.00,220.00,16.17,4094.00,2165.00,-131.00,-280.00,301.00,269.00
430.00,230.00,16.37,4003.00,2102.00,86.00,-261.00,101.00,403.00
428.00,241.00,16.28,4430.00,1995.00,138.00,-334.00,102.00,331.00
424.00,250.00,16.51,4336.00,2051.00,299.00,-425.00,215.00,233.00
418.00,259.00,16.61,4236.00,1821.00,231.00,-485.00,117.00,263.00
412.00,268.00,16.88,4476.00,1918.00,271.00,-527.00,59.00,272.00
403.00,277.00,16.88,4290.00,1952.00,516.00,-640.00,177.00,72.00
394.00,285.00,16.91,4226.00,1770.00,747.00,-661.00,47.00,151.00
384.00,292.00,16.95,4398.00,2013.00,810.00,-623.00,-7.00,146.00
373.00,299.00,16.98,4392.00,1910.00,671.00,-673.00,-52.00,162.00
360.00,305.00,16.99,4949.00,1943.00,822.00,-698.00,-113.00,197.00
346.00,309.00,18.47,5018.00,2029.00,959.00,-702.00,-128.00,20.00
333.50,311.00,19.06,4932.00,2131.00,996.00,-716.00,-216.00,-40.00
317.50,313.50,19.24,4937.00,2246.00,1304.00,-745.00,-263.00,-98.00
303.00,305.00,19.41,4956.00,2519.00,1716.00,-593.00,-366.00,-234.00
290.00,297.50,19.47,4905.00,2511.00,1726.00,-549.00,-386.00,-267.00
273.00,289.00,18.28,4586.00,2798.00,1886.00,-363.00,-335.00,-430.00
262.00,277.00,18.10,4324.00,2856.00,2011.00,-249.00,-332.00,-540.00
252.00,264.50,17.97,4059.00,2898.00,1957.00,-147.00,-316.00,-573.00
247.00,249.00,17.80,3872.00,2953.00,1864.00,-53.00,-286.00,-589.00
244.00,234.00,17.70,3655.00,2947.00,1696.00,69.00,-183.00,-614.00
242.00,219.00,17.68,3374.00,2918.00,1447.00,204.00,-212.00,-630.00
243.00,204.00,17.65,3058.00,2864.00,1167.00,298.00,-202.00,-594.00
245.00,190.00,17.63,3035.00,2812.00,976.00,321.00,-132.00,-573.00
249.00,177.00,17.62,2700.00,2775.00,791.00,415.00,-124.00,-428.00
254.00,165.00,17.64,2574.00,2736.00,649.00,433.00,-33.00,-376.00
260.00,155.00,17.54,2588.00,2709.00,562.00,387.00,75.00,-285.00
267.00,146.00,17.19,2598.00,2758.00,460.00,377.00,131.00,-294.00
276.00,139.00,17.16,2326.00,2603.00,325.00,432.00,99.00,-181.00
285.00,133.00,17.13,2430.00,2703.00,262.00,410.00,139.00,-160.00
294.00,128.00,16.86,2538.00,2762.00,229.00,389.00,305.00,-116.00
305.00,125.00,16.89,2601.00,2720.00,266.00,354.00,352.00,-37.00
316.00,123.00,16.84,2736.00,2730.00,143.00,406.00,312.00,10.00
326.00,122.00,16.83,2935.00,2722.00,88.00,437.00,252.00,47.00
337.00,122.00,16.81,2878.00,2683.00,49.00,428.00,235.00,76.00
348.00,124.00,16.70,3175.00,2764.00,-88.00,380.00,325.00,110.00
359.00,125.00,16.63,2938.00,2565.00,-93.00,371.00,353.00,31.00
369.00,127.00,16.50,2965.00,2457.00,-133.00,394.00,227.00,169.00
378.00,130.00,16.57,2934.00,2405.00,-259.00,323.00,317.00,136.00
387.00,135.00,16.48,2892.00,2326.00,-290.00,234.00,399.00,188.00
395.00,141.00,16.48,3012.00,2233.00,-230.00,171.00,378.00,288.00
402.00,148.00,16.48,2898.00,2176.00,-187.00,176.00,346.00,278.00
410.00,156.00,16.49,3011.00,2063.00,-56.00,75.00,488.00,368.00
416.00,166.00,16.49,3331.00,2207.00,-40.00,-10.00,559.00,399.00
421.00,176.00,16.68,3461.00,2136.00,196.00,16.00,385.00,408.00
425.00,187.00,16.67,3546.00,1993.00,154.00,-12.00,395.00,389.00
428.00,200.00,16.64,3493.00,2049.00,265.00,-155.00,388.00,522.00
431.00,213.00,16.65,3703.00,1980.00,339.00,-164.00,238.00,519.00
432.00,226.00,16.84,3634.00,1839.00,450.00,-273.00,338.00,490.00
433.00,240.00,16.83,4185.00,1859.00,569.00,-349.00,217.00,658.00
432.00,254.00,16.87,4415.00,1765.00,701.00,-386.00,184.00,493.00
429.00,267.00,17.00,4476.00,1754.00,840.00,-466.00,170.00,382.00
424.00,280.00,17.00,4459.00,1626.00,967.00,-529.00,202.00,337.00
419.00,291.00,17.02,4736.00,1639.00,1181.00,-535.00,97.00,323.00
412.00,301.00,17.07,4519.00,1508.00,1132.00,-581.00,142.00,124.00
403.00,311.00,16.90,4764.00,1597.00,1205.00,-604.00,-26.00,216.00
393.00,319.00,16.99,4764.00,1597.00,1205.00,-604.00,-26.00,216.00
382.00,326.00,17.36,4953.00,1689.00,1137.00,-589.00,-155.00,133.00
368.00,330.00,17.69,5271.00,1621.00,1308.00,-686.00,-257.00,-13.00
354.00,332.00,18.84,5121.00,1751.00,1623.00,-754.00,-155.00,-156.00
339.00,328.00,21.54,5022.00,1916.00,1805.00,-629.00,-532.00,-217.00
325.50,328.00,19.40,5124.00,2121.00,2067.00,-502.00,-624.00,-246.00
310.00,321.00,19.54,4975.00,2267.00,2217.00,-563.00,-268.00,-425.00
297.00,312.00,19.63,4723.00,2453.00,2174.00,-389.00,-376.00,-482.00
287.00,297.00,19.26,4525.00,2561.00,2116.00,-195.00,-603.00,-493.00
276.00,285.50,18.47,4314.00,2661.00,2052.00,-100.00,-489.00,-528.00
267.50,271.00,18.44,4026.00,2698.00,1764.00,-100.00,-275.00,-556.00
262.00,255.00,18.37,3916.00,2693.00,1554.00,28.00,-379.00,-568.00
259.00,237.00,17.78,3640.00,2722.00,1472.00,145.00,-315.00,-661.00
258.50,222.00,17.83,3337.00,2663.00,1325.00,172.00,-235.00,-652.00
260.00,205.00,17.81,3000.00,2668.00,1215.00,365.00,-258.00,-543.00
263.00,191.00,17.82,2839.00,2620.00,1125.00,374.00,-123.00,-559.00
268.00,178.00,17.66,2607.00,2592.00,881.00,411.00,-52.00,-441.00
275.00,167.00,17.64,2752.00,2655.00,699.00,460.00,-58.00,-350.00
283.00,157.00,17.34,2649.00,2623.00,591.00,482.00,-35.00,-340.00
292.00,149.00,17.27,2564.00,2539.00,348.00,498.00,43.00,-278.00
302.00,142.00,17.01,2589.00,2474.00,240.00,444.00,60.00,-125.00
312.00,137.00,16.96,2768.00,2482.00,202.00,480.00,132.00,-126.00
323.00,133.00,16.92,2564.00,2435.00,101.00,465.00,225.00,-188.00
334.00,131.00,16.78,2589.00,2319.00,12.00,463.00,203.00,28.00
345.00,131.00,16.89,2922.00,2448.00,-79.00,467.00,206.00,95.00
357.00,132.00,16.68,3014.00,2480.00,-195.00,426.00,294.00,58.00
368.00,133.00,16.52,2975.00,2374.00,-252.00,417.00,278.00,76.00
379.00,136.00,16.48,2962.00,2428.00,-195.00,441.00,214.00,184.00
390.00,140.00,16.54,3202.00,2244.00,-156.00,403.00,310.00,196.00
401.00,145.00,16.54,3192.00,2197.00,-206.00,368.00,332.00,225.00
410.00,150.00,16.52,3247.00,2109.00,-295.00,383.00,292.00,301.00
419.00,157.00,16.49,3624.00,2027.00,-536.00,346.00,283.00,308.00
426.00,164.00,16.50,3459.00,1976.00,-458.00,278.00,323.00,272.00
433.00,172.00,16.22,3700.00,1678.00,-504.00,161.00,332.00,359.00
438.00,181.00,16.24,3570.00,1785.00,-317.00,80.00,356.00,321.00
442.00,190.00,16.31,3822.00,1833.00,-382.00,24.00,315.00,435.00
446.00,200.00,16.24,3842.00,1853.00,-326.00,-17.00,307.00,383.00
448.00,210.00,16.31,4220.00,1805.00,-169.00,-76.00,246.00,449.00
449.00,220.00,16.17,4328.00,1793.00,-166.00,-155.00,303.00,349.00
448.00,229.00,16.18,4294.00,1800.00,35.00,-208.00,222.00,329.00
448.00,239.00,16.17,4550.00,1777.00,157.00,-195.00,112.00,297.00
445.00,247.00,16.25,4335.00,1747.00,176.00,-321.00,295.00,148.00
442.00,255.00,16.26,4377.00,1827.00,197.00,-370.00,286.00,189.00
438.00,262.00,16.28,4529.00,1759.00,303.00,-378.00,99.00,198.00
432.00,268.00,16.30,4518.00,1764.00,293.00,-424.00,152.00,97.00
426.00,275.00,16.40,4431.00,1752.00,238.00,-493.00,193.00,65.00
419.00,280.00,16.44,4447.00,1472.00,711.00,-498.00,78.00,74.00
410.00,286.00,16.69,4441.00,1585.00,890.00,-451.00,194.00,46.00
400.00,291.00,16.82,4380.00,1591.00,634.00,-585.00,218.00,25.00
389.00,295.00,17.07,4495.00,1596.00,1055.00,-616.00,-149.00,13.00
378.00,299.00,17.38,4579.00,1604.00,1128.00,-673.00,-21.00,-4.00
364.00,301.00,17.40,4713.00,1752.00,1091.00,-696.00,-35.00,-44.00
350.00,301.00,18.38,4925.00,1866.00,1432.00,-637.00,-319.00,-72.00
337.00,300.00,18.70,4955.00,1993.00,1675.00,-609.00,-240.00,-142.00
322.00,295.00,18.81,4831.00,2222.00,1626.00,-552.00,-305.00,-263.00
309.00,288.00,18.89,4708.00,2279.00,1771.00,-484.00,-391.00,-273.00
296.00,278.00,18.27,4609.00,2455.00,1942.00,-383.00,-397.00,-358.00
287.00,267.00,18.23,4475.00,2618.00,2012.00,-296.00,-274.00,-476.00
279.00,253.00,18.07,4255.00,2646.00,1945.00,-104.00,-378.00,-511.00
273.00,239.00,18.01,3920.00,2698.00,1806.00,-25.00,-303.00,-527.00
269.00,224.00,17.90,3724.00,2678.00,1593.00,91.00,-236.00,-568.00
269.50,210.00,17.90,3588.00,2694.00,1477.00,165.00,-265.00,-583.00
269.00,195.00,17.70,3206.00,2653.00,1172.00,257.00,-223.00,-557.00
271.00,182.00,17.74,3082.00,2660.00,923.00,297.00,-179.00,-444.00
275.00,169.00,17.71,2921.00,2616.00,814.00,369.00,-116.00,-450.00
280.00,158.00,17.43,2836.00,2602.00,649.00,391.00,-122.00,-396.00
286.00,149.00,17.39,2898.00,2576.00,549.00,408.00,-62.00,-284.00
294.00,140.00,17.32,2872.00,2612.00,424.00,453.00,8.00,-274.00
301.00,133.00,17.27,2738.00,2578.00,307.00,485.00,29.00,-262.00
310.00,127.00,17.00,2676.00,2511.00,170.00,489.00,73.00,-182.00
319.00,123.00,17.00,2667.00,2531.00,67.00,502.00,112.00,-167.00
329.00,120.00,16.92,2580.00,2469.00,-67.00,485.00,159.00,-115.00
339.00,119.00,16.76,2655.00,2445.00,-199.00,481.00,165.00,-1.00
349.00,119.00,16.72,2842.00,2498.00,-352.00,456.00,210.00,29.00
358.50,121.00,16.63,2814.00,2495.00,-433.00,438.00,230.00,41.00
368.00,122.00,16.55,2990.00,2444.00,-494.00,394.00,261.00,85.00
378.00,124.00,16.58,2970.00,2465.00,-489.00,346.00,276.00,101.00
387.00,128.00,16.56,3284.00,2417.00,-395.00,314.00,263.00,167.00
396.50,132.50,16.55,3410.00,2345.00,-347.00,310.00,303.00,109.00
403.00,137.00,16.49,3324.00,2348.00,-416.00,271.00,296.00,147.00
410.00,142.00,16.42,3482.00,2168.00,-358.00,223.00,329.00,76.00
416.00,147.00,16.32,3106.00,2079.00,-428.00,168.00,387.00,53.00
421.00,154.00,16.29,3038.00,1995.00,-495.00,129.00,326.00,230.00
426.00,161.00,16.27,3259.00,1977.00,-451.00,39.00,343.00,299.00
431.00,170.00,16.21,3280.00,2016.00,-280.00,35.00,326.00,297.00
434.00,180.00,16.42,3433.00,1857.00,-279.00,-38.00,308.00,434.00
438.00,192.00,16.35,3669.00,1898.00,-282.00,-124.00,333.00,443.00
440.00,203.00,16.35,3660.00,1934.00,-174.00,-167.00,311.00,445.00
441.00,215.00,16.28,4084.00,1862.00,-110.00,-218.00,236.00,500.00
441.00,227.00,16.30,4080.00,1781.00,111.00,-303.00,257.00,411.00
440.00,239.00,16.38,4314.00,1681.00,255.00,-345.00,260.00,432.00
437.00,251.00,16.45,4383.00,1781.00,274.00,-436.00,272.00,316.00
433.00,262.00,16.65,4328.00,1728.00,375.00,-477.00,256.00,296.00
428.00,273.00,16.63,4808.00,1851.00,518.00,-545.00,178.00,313.00
422.00,281.00,16.72,5016.00,1986.00,752.00,-601.00,180.00,119.00
414.00,287.00,16.92,4873.00,1660.00,1041.00,-602.00,103.00,-51.00
405.00,292.00,16.93,4896.00,1570.00,1085.00,-599.00,-39.00,-47.00
395.00,296.00,17.22,4748.00,1678.00,932.00,-579.00,-60.00,-118.00
383.00,299.00,17.96,4744.00,1643.00,859.00,-662.00,11.00,-145.00
369.00,301.00,18.01,4693.00,1732.00,1024.00,-744.00,-90.00,-157.00
355.00,302.00,18.09,4778.00,1845.00,1375.00,-674.00,-169.00,-152.00
341.00,300.00,18.65,4790.00,2278.00,1410.00,-647.00,-304.00,-214.00
326.00,296.00,18.81,4864.00,2475.00,1583.00,-619.00,-324.00,-296.00
315.00,290.00,19.16,4639.00,2714.00,1777.00,-522.00,-327.00,-356.00
299.00,280.00,18.30,4555.00,2873.00,1888.00,-408.00,-403.00,-322.00
288.00,268.00,18.27,4528.00,2799.00,2209.00,-268.00,-429.00,-509.00
279.00,255.00,18.12,3981.00,2726.00,2110.00,-113.00,-289.00,-591.00
273.00,240.00,18.01,3673.00,2732.00,1859.00,2.00,-286.00,-535.00
268.00,225.00,17.91,3559.00,2764.00,1444.00,165.00,-307.00,-545.00
266.00,209.00,17.52,3453.00,2756.00,1413.00,186.00,-259.00,-581.00
265.00,196.00,17.59,3037.00,2652.00,1098.00,244.00,-183.00,-533.00
266.00,182.00,17.56,2856.00,2586.00,1000.00,265.00,-217.00,-460.00
269.00,170.00,17.54,2985.00,2643.00,893.00,315.00,-203.00,-366.00
272.00,159.00,17.58,2814.00,2612.00,745.00,334.00,-89.00,-414.00
277.00,149.00,17.50,2677.00,2594.00,560.00,340.00,-79.00,-280.00
282.00,141.00,17.37,2693.00,2649.00,517.00,370.00,-88.00,-228.00
288.00,133.00,17.36,2766.00,2678.00,384.00,389.00,-25.00,-211.00
296.00,127.00,17.23,2715.00,2706.00,216.00,376.00,34.00,-107.00
303.00,122.00,17.10,2717.00,2669.00,185.00,382.00,80.00,-128.00
312.00,118.00,17.10,2628.00,2619.00,85.00,414.00,127.00,-124.00
321.00,115.00,17.08,2551.00,2619.00,-30.00,401.00,136.00,-21.00
330.00,114.00,16.91,2674.00,2676.00,-127.00,375.00,196.00,45.00
340.00,114.00,16.87,2748.00,2720.00,-195.00,391.00,210.00,51.00
350.00,115.00,16.82,3096.00,2709.00,-290.00,384.00,225.00,97.00
360.00,116.00,16.81,3220.00,2618.00,-311.00,344.00,286.00,48.00
369.00,118.00,16.59,3158.00,2564.00,-325.00,262.00,336.00,-30.00
377.00,120.00,16.53,2940.00,2426.00,-344.00,250.00,309.00,21.00
386.00,123.00,16.55,2948.00,2440.00,-265.00,260.00,287.00,86.00
394.00,128.00,16.59,2879.00,2357.00,-211.00,243.00,336.00,127.00
403.00,134.00,16.58,2653.00,2273.00,-214.00,203.00,280.00,233.00
411.00,142.00,16.97,2890.00,2194.00,-91.00,203.00,235.00,406.00
419.00,151.00,16.98,2901.00,2114.00,-33.00,196.00,314.00,381.00
428.00,162.00,16.99,3155.00,2101.00,-125.00,161.00,283.00,571.00
435.00,174.00,16.94,3845.00,2012.00,-223.00,164.00,285.00,635.00
440.00,185.00,16.87,4093.00,1978.00,-259.00,62.00,331.00,466.00
445.00,197.00,16.74,3823.00,1700.00,-140.00,6.00,309.00,473.00
448.00,209.00,16.73,4164.00,1740.00,-185.00,-74.00,292.00,530.00
450.00,221.00,16.75,4094.00,1736.00,-9.00,-131.00,306.00,406.00
450.00,233.00,16.77,4294.00,1489.00,58.00,-188.00,194.00,512.00
448.00,245.00,16.75,4505.00,1541.00,101.00,-240.00,206.00,450.00
445.00,256.00,16.71,4524.00,1622.00,145.00,-404.00,334.00,325.00
441.00,267.00,16.77,4564.00,1687.00,265.00,-423.00,237.00,262.00
436.00,277.00,16.71,4281.00,1558.00,511.00,-503.00,203.00,194.00
429.00,286.00,16.72,4752.00,1698.00,672.00,-572.00,198.00,234.00
421.00,294.00,16.92,4927.00,1729.00,767.00,-588.00,186.00,43.00
412.00,300.00,17.14,5011.00,1564.00,933.00,-600.00,16.00,64.00
402.00,305.00,17.33,4930.00,1568.00,942.00,-604.00,-46.00,-4.00
390.00,309.00,18.04,4930.00,1568.00,942.00,-604.00,-46.00,-4.00
377.00,311.00,18.31,4960.00,1668.00,980.00,-639.00,-150.00,48.00
364.00,311.00,18.17,4919.00,1813.00,1227.00,-664.00,-154.00,-31.00
351.50,311.50,18.95,4731.00,1715.00,1393.00,-643.00,-212.00,-34.00
337.00,305.00,19.13,4883.00,1882.00,1460.00,-581.00,-288.00,-66.00
323.00,299.00,19.26,4570.00,1979.00,1476.00,-506.00,-272.00,-249.00
311.00,292.00,19.38,4469.00,2087.00,1515.00,-462.00,-312.00,-285.00
295.00,284.00,18.79,4455.00,2223.00,1549.00,-409.00,-360.00,-309.00
288.50,272.00,18.25,4330.00,2365.00,1668.00,-318.00,-310.00,-383.00
278.00,260.00,18.15,4139.00,2538.00,1654.00,-215.00,-292.00,-405.00
271.00,247.00,18.02,4126.00,2519.00,1631.00,-116.00,-347.00,-454.00
266.00,233.00,18.02,3955.00,2515.00,1593.00,-31.00,-313.00,-540.00
264.00,218.00,18.03,3647.00,2492.00,1371.00,66.00,-263.00,-495.00
264.00,204.00,18.03,3626.00,2513.00,1363.00,140.00,-220.00,-506.00
265.00,190.00,17.87,3414.00,2488.00,1235.00,235.00,-177.00,-566.00
268.00,178.00,17.96,3080.00,2458.00,911.00,313.00,-127.00,-398.00
273.00,166.00,17.91,3190.00,2558.00,715.00,351.00,-92.00,-410.00
279.00,155.00,17.71,2966.00,2533.00,572.00,411.00,-44.00,-309.00
286.00,146.00,17.71,3069.00,2533.00,379.00,413.00,-8.00,-265.00
294.00,137.00,17.59,2890.00,2558.00,373.00,404.00,32.00,-284.00
302.00,130.00,17.62,2716.00,2472.00,243.00,419.00,64.00,-259.00
312.00,124.00,17.53,2591.00,2430.00,178.00,414.00,74.00,-227.00
322.00,119.00,17.46,2485.00,2395.00,158.00,410.00,122.00,-91.00
333.00,117.00,17.37,2937.00,2458.00,51.00,430.00,157.00,-17.00
344.00,115.00,17.21,3032.00,2432.00,-46.00,425.00,170.00,-56.00
355.00,115.00,17.05,3102.00,2340.00,-89.00,464.00,151.00,-24.00
366.00,116.00,17.24,3032.00,2304.00,-247.00,434.00,256.00,-5.00
376.00,118.00,17.09,3261.00,2246.00,-263.00,405.00,259.00,33.00
386.00,121.00,17.11,3088.00,2169.00,-279.00,404.00,275.00,11.00
396.00,125.00,16.98,3103.00,2124.00,-459.00,400.00,241.00,161.00
404.00,131.00,16.97,3362.00,2107.00,-482.00,313.00,316.00,149.00
413.00,137.00,17.16,2991.00,1997.00,-334.00,315.00,241.00,224.00
419.00,145.50,17.06,3471.00,2042.00,-511.00,297.00,224.00,425.00
426.00,153.00,17.06,3734.00,2139.00,-571.00,210.00,303.00,314.00
432.00,161.00,17.20,3496.00,1787.00,-305.00,132.00,259.00,440.00
437.00,171.00,17.18,3611.00,1870.00,-370.00,76.00,340.00,380.00
441.00,182.00,16.90,3627.00,1809.00,-169.00,68.00,283.00,409.00
444.00,193.00,16.88,3627.00,1809.00,-169.00,68.00,283.00,409.00
446.00,205.00,16.88,4001.00,1666.00,-276.00,57.00,299.00,483.00
447.00,217.00,16.80,3920.00,1714.00,-305.00,-103.00,323.00,369.00
448.00,229.00,16.85,4169.00,1477.00,-116.00,-173.00,250.00,509.00
446.00,242.00,16.87,4287.00,1456.00,-60.00,-270.00,279.00,397.00
444.00,255.00,16.78,4241.00,1387.00,46.00,-330.00,279.00,395.00
440.00,267.00,16.94,4808.00,1285.00,243.00,-464.00,216.00,358.00
435.00,279.00,16.93,4963.00,1283.00,347.00,-531.00,162.00,317.00
427.00,290.00,17.01,4904.00,1210.00,400.00,-565.00,142.00,266.00
418.00,300.00,17.14,4904.00,1210.00,400.00,-565.00,142.00,266.00
407.00,309.00,17.37,4884.00,1218.00,559.00,-668.00,119.00,215.00
395.00,316.00,17.59,4999.00,1262.00,809.00,-688.00,45.00,143.00
382.00,321.00,17.76,5244.00,1378.00,850.00,-708.00,-3.00,111.00
368.00,323.00,18.28,5405.00,1550.00,1040.00,-715.00,-125.00,-33.00
353.00,323.00,18.83,5471.00,1777.00,1390.00,-676.00,-156.00,-173.00
339.00,318.00,19.06,5194.00,1919.00,1592.00,-581.00,-273.00,-293.00
326.00,312.00,19.31,5194.00,1919.00,1592.00,-581.00,-273.00,-293.00
314.00,304.00,19.37,5052.00,1937.00,1684.00,-481.00,-312.00,-395.00
303.50,292.50,19.80,4618.00,2059.00,1583.00,-298.00,-308.00,-426.00
290.50,280.50,18.79,4514.00,2131.00,1485.00,-239.00,-356.00,-441.00
282.00,267.00,18.06,4233.00,2064.00,1410.00,-175.00,-317.00,-476.00
276.00,253.00,17.94,3902.00,2290.00,1339.00,-74.00,-290.00,-458.00
271.00,240.00,17.83,3903.00,2321.00,1119.00,-12.00,-343.00,-421.00
268.00,227.00,17.80,3816.00,2432.00,1100.00,54.00,-372.00,-422.00
267.00,213.00,17.70,3632.00,2474.00,1025.00,113.00,-285.00,-425.00
267.00,200.00,17.56,3514.00,2467.00,816.00,176.00,-236.00,-443.00
268.00,188.00,17.59,3414.00,2492.00,503.00,246.00,-202.00,-356.00
271.00,177.00,17.53,3363.00,2492.00,255.00,269.00,-176.00,-413.00
274.00,165.00,17.47,3363.00,2492.00,255.00,269.00,-176.00,-413.00
279.00,155.00,17.47,3211.00,2534.00,122.00,295.00,-175.00,-390.00
284.00,146.00,17.40,2963.00,2474.00,16.00,284.00,-82.00,-335.00
289.00,138.00,17.42,2855.00,2506.00,35.00,280.00,25.00,-388.00
296.00,130.00,17.39,2216.00,2393.00,2.00,289.00,63.00,-355.00
304.00,126.00,17.20,2426.00,2369.00,12.00,319.00,78.00,-61.00
312.00,123.00,17.16,2924.00,2570.00,-55.00,333.00,172.00,-134.00
322.00,120.00,17.01,2995.00,2614.00,-115.00,351.00,187.00,-137.00
332.00,119.00,16.96,3222.00,2578.00,-184.00,378.00,180.00,-133.00
342.00,118.00,16.91,3317.00,2595.00,-295.00,367.00,226.00,-118.00
352.00,118.00,16.89,3297.00,2578.00,-298.00,375.00,315.00,-174.00
362.00,118.00,16.87,3194.00,2486.00,-295.00,371.00,278.00,-149.00
372.00,120.00,16.88,2903.00,2318.00,-265.00,402.00,290.00,-48.00
383.00,123.00,16.87,3134.00,2273.00,-455.00,388.00,283.00,174.00
392.00,127.00,16.76,3152.00,2254.00,-563.00,341.00,274.00,217.00
402.00,132.00,16.65,3314.00,2145.00,-526.00,356.00,263.00,289.00
411.00,139.00,16.76,3120.00,1903.00,-518.00,299.00,264.00,328.00
419.00,146.00,16.81,3025.00,1770.00,-441.00,309.00,250.00,392.00
426.00,156.00,16.86,3354.00,1498.00,-476.00,252.00,259.00,541.00
432.00,167.00,16.89,3326.00,1533.00,-521.00,190.00,285.00,455.00
438.00,179.00,16.83,3389.00,1517.00,-550.00,176.00,282.00,555.00
441.00,192.00,16.79,4055.00,1624.00,-747.00,83.00,327.00,606.00
444.00,205.00,16.76,4186.00,1720.00,-716.00,-5.00,315.00,560.00
445.00,218.00,16.70,4181.00,1525.00,-588.00,-55.00,277.00,477.00
445.00,230.00,16.68,4428.00,1473.00,-526.00,-159.00,247.00,530.00
443.00,242.00,16.67,4498.00,1411.00,-397.00,-251.00,299.00,464.00
440.00,254.00,16.64,4515.00,1292.00,-289.00,-314.00,252.00,427.00
435.00,265.00,16.95,4834.00,1326.00,-111.00,-387.00,205.00,449.00
429.00,275.00,16.98,4619.00,1043.00,342.00,-466.00,173.00,361.00
422.00,285.00,17.07,4957.00,1245.00,312.00,-517.00,139.00,302.00
413.00,294.00,17.08,4975.00,1184.00,383.00,-570.00,108.00,228.00
403.00,302.00,17.17,5014.00,1071.00,435.00,-596.00,59.00,270.00
392.00,308.00,17.31,5296.00,1220.00,507.00,-603.00,-7.00,252.00
380.00,312.00,17.37,5410.00,1444.00,463.00,-645.00,-55.00,106.00
366.00,313.00,17.76,5496.00,1530.00,653.00,-662.00,-130.00,38.00
353.00,312.00,17.85,5473.00,1550.00,990.00,-612.00,-168.00,-62.00
341.00,307.00,18.26,5362.00,1636.00,963.00,-568.00,-219.00,-185.00
327.00,301.00,18.42,5151.00,1611.00,1039.00,-530.00,-294.00,-236.00
316.00,293.00,18.92,4957.00,1715.00,1112.00,-453.00,-283.00,-401.00
304.00,281.00,18.63,4658.00,1706.00,1117.00,-427.00,-311.00,-450.00
293.50,271.50,18.06,4402.00,2052.00,1247.00,-315.00,-283.00,-458.00
285.50,259.50,17.85,4248.00,2171.00,1132.00,-258.00,-244.00,-489.00
277.50,248.00,17.71,4255.00,2397.00,1075.00,-131.00,-315.00,-444.00
274.00,233.00,17.44,4143.00,2537.00,1059.00,-55.00,-272.00,-527.00
272.00,220.00,17.45,3764.00,2558.00,895.00,102.00,-241.00,-565.00
272.00,207.00,17.37,3671.00,2601.00,728.00,152.00,-241.00,-492.00
274.00,193.00,17.31,3765.00,2645.00,513.00,222.00,-188.00,-504.00
277.00,180.00,17.12,3486.00,2544.00,301.00,295.00,-207.00,-528.00
281.00,168.00,17.14,3316.00,2503.00,212.00,316.00,-205.00,-484.00
286.00,156.00,17.19,3194.00,2496.00,-57.00,319.00,-167.00,-389.00
292.00,146.00,17.17,3155.00,2493.00,-1.00,340.00,-90.00,-393.00
300.00,136.00,17.04,2850.00,2323.00,-111.00,379.00,-44.00,-288.00
307.00,128.00,17.01,2850.00,2323.00,-111.00,379.00,-44.00,-288.00
316.00,122.00,16.97,2757.00,2340.00,-193.00,385.00,4.00,-244.00
325.00,117.00,16.86,2783.00,2272.00,-230.00,408.00,69.00,-188.00
335.00,114.00,16.73,2728.00,2201.00,-398.00,403.00,122.00,-99.00
346.00,113.00,16.71,2775.00,2227.00,-447.00,423.00,121.00,-48.00
356.00,112.00,16.71,3094.00,2135.00,-526.00,419.00,197.00,20.00
366.00,114.00,16.71,3059.00,2105.00,-594.00,399.00,239.00,47.00
377.00,116.00,16.68,3012.00,1972.00,-625.00,375.00,273.00,110.00
387.00,120.00,16.53,3008.00,2037.00,-662.00,377.00,292.00,127.00
398.00,126.00,16.45,2991.00,1964.00,-778.00,365.00,274.00,253.00
408.00,132.00,16.70,3533.00,1871.00,-783.00,332.00,309.00,306.00
417.00,140.00,16.66,3412.00,1754.00,-844.00,312.00,320.00,245.00
426.00,148.00,16.74,3501.00,1573.00,-841.00,281.00,294.00,335.00
433.00,158.00,16.62,3809.00,1545.00,-877.00,211.00,339.00,350.00
440.00,167.00,16.71,3499.00,1460.00,-823.00,171.00,344.00,306.00
445.00,178.00,16.81,4001.00,1324.00,-844.00,153.00,294.00,470.00
448.00,190.00,16.72,4069.00,1300.00,-926.00,74.00,309.00,459.00
450.00,201.00,16.74,4434.00,1278.00,-560.00,-71.00,283.00,440.00
451.00,213.00,16.79,4434.00,1278.00,-560.00,-71.00,283.00,440.00
450.00,225.00,16.77,4353.00,1251.00,-664.00,-117.00,322.00,360.00
448.00,236.00,16.94,4298.00,1180.00,-299.00,-299.00,329.00,364.00
445.00,248.00,16.95,4311.00,1156.00,-184.00,-338.00,347.00,317.00
440.00,260.00,16.97,4569.00,1212.00,-239.00,-367.00,245.00,404.00
434.00,271.00,16.99,4979.00,1235.00,-145.00,-468.00,208.00,387.00
426.00,281.00,17.00,5308.00,1217.00,177.00,-507.00,199.00,280.00
417.00,289.00,17.00,5180.00,1185.00,223.00,-507.00,181.00,162.00
407.00,295.00,17.04,4953.00,1103.00,231.00,-542.00,84.00,167.00
396.00,301.00,17.03,5103.00,1150.00,418.00,-608.00,12.00,140.00
383.00,305.00,17.38,5145.00,1246.00,314.00,-628.00,-64.00,123.00
370.00,308.00,17.58,5254.00,1532.00,582.00,-684.00,-128.00,65.00
356.00,308.00,17.77,5310.00,1527.00,951.00,-656.00,-172.00,-44.00
343.00,306.00,18.75,5310.00,1527.00,951.00,-656.00,-172.00,-44.00
331.50,302.00,18.89,5307.00,1647.00,1006.00,-571.00,-231.00,-130.00
319.00,294.00,18.95,5157.00,1827.00,1102.00,-499.00,-271.00,-253.00
308.00,287.00,19.00,4996.00,1804.00,1081.00,-437.00,-315.00,-291.00
296.50,274.00,18.29,4758.00,1910.00,960.00,-335.00,-344.00,-415.00
287.00,261.00,17.86,4532.00,1927.00,809.00,-252.00,-367.00,-453.00
280.00,248.00,17.55,4232.00,2041.00,931.00,-177.00,-320.00,-436.00
274.00,235.00,17.55,4141.00,2255.00,881.00,-54.00,-349.00,-449.00
271.00,222.00,17.54,3957.00,2241.00,794.00,5.00,-316.00,-470.00
271.00,209.00,17.58,3844.00,2257.00,694.00,51.00,-271.00,-443.00
273.00,193.00,17.49,3725.00,2343.00,558.00,144.00,-238.00,-479.00
273.00,184.00,17.42,3576.00,2307.00,364.00,252.00,-159.00,-532.00
276.00,172.00,17.32,3406.00,2294.00,173.00,249.00,-153.00,-480.00
281.00,162.00,17.30,3470.00,2347.00,46.00,296.00,-69.00,-416.00
287.00,152.00,17.27,3322.00,2350.00,-103.00,316.00,-30.00,-428.00
293.00,143.00,17.24,3007.00,2368.00,-189.00,342.00,-34.00,-403.00
300.00,136.00,17.05,3031.00,2339.00,-303.00,360.00,-20.00,-256.00
309.00,129.00,17.03,2918.00,2388.00,-334.00,408.00,36.00,-277.00
317.00,124.00,16.92,2771.00,2332.00,-448.00,439.00,22.00,-200.00
327.00,121.00,16.90,3124.00,2328.00,-520.00,416.00,75.00,-84.00
336.00,118.00,16.85,2970.00,2269.00,-587.00,394.00,143.00,-121.00
346.00,117.00,16.70,3034.00,2237.00,-620.00,424.00,126.00,-19.00
356.00,116.00,16.69,3190.00,2192.00,-660.00,390.00,167.00,-24.00
367.00,117.00,16.50,2988.00,2124.00,-567.00,424.00,170.00,-1.00
377.00,119.00,16.48,3224.00,2152.00,-743.00,418.00,196.00,78.00
387.00,122.00,16.49,3118.00,2143.00,-816.00,403.00,209.00,80.00
398.00,125.00,16.55,3118.00,2143.00,-816.00,403.00,209.00,80.00
407.00,130.00,16.61,3200.00,1913.00,-817.00,376.00,281.00,109.00
417.00,136.00,16.66,3040.00,1905.00,-754.00,356.00,291.00,152.00
427.00,144.00,16.67,3231.00,1567.00,-786.00,388.00,247.00,335.00
436.00,153.00,16.64,3589.00,1454.00,-870.00,339.00,260.00,366.00
443.00,163.00,16.73,3267.00,1105.00,-984.00,257.00,330.00,400.00
450.00,176.00,16.73,3508.00,1029.00,-1166.00,191.00,360.00,447.00
454.00,189.00,16.76,3692.00,910.00,-1171.00,107.00,370.00,518.00
457.00,203.00,16.73,4247.00,948.00,-879.00,-9.00,340.00,523.00
459.00,217.00,16.76,4120.00,835.00,-774.00,-68.00,386.00,486.00
458.00,231.00,16.75,4721.00,873.00,-807.00,-170.00,344.00,485.00
456.00,245.00,16.76,4742.00,824.00,-648.00,-236.00,385.00,309.00
451.00,258.00,16.82,4721.00,657.00,-339.00,-410.00,379.00,349.00
445.00,271.00,16.81,4795.00,972.00,-73.00,-414.00,395.00,283.00
437.00,284.00,16.88,4960.00,1040.00,-418.00,-518.00,345.00,340.00
429.00,294.00,16.82,5382.00,1041.00,-257.00,-577.00,237.00,336.00
418.00,303.00,16.87,5260.00,925.00,111.00,-624.00,206.00,232.00
406.00,310.00,17.20,5675.00,1008.00,203.00,-693.00,69.00,201.00
392.00,315.00,17.97,5675.00,1008.00,203.00,-693.00,69.00,201.00
377.00,318.00,17.71,5393.00,1016.00,390.00,-732.00,6.00,84.00
365.50,318.50,18.95,5365.00,1354.00,653.00,-760.00,-89.00,101.00
352.00,314.50,18.94,5661.00,1496.00,832.00,-681.00,-185.00,-3.00
336.50,309.50,19.36,5406.00,1745.00,1012.00,-632.00,-304.00,-129.00
322.50,303.00,19.48,5280.00,1830.00,1222.00,-526.00,-344.00,-219.00
309.50,293.50,19.59,5079.00,1810.00,1065.00,-420.00,-399.00,-336.00
298.50,279.00,18.88,4880.00,1857.00,1067.00,-371.00,-402.00,-377.00
290.50,265.50,18.34,4586.00,1914.00,938.00,-285.00,-369.00,-442.00
285.50,250.50,18.20,4413.00,1987.00,914.00,-162.00,-378.00,-482.00
280.00,235.00,17.92,4158.00,2036.00,899.00,-52.00,-356.00,-496.00
278.00,221.00,17.80,4022.00,2059.00,726.00,0.00,-335.00,-513.00
277.00,206.00,17.70,3772.00,2069.00,563.00,74.00,-288.00,-507.00
279.00,193.00,17.52,3734.00,2077.00,307.00,132.00,-264.00,-470.00
282.00,180.00,17.40,3578.00,2110.00,190.00,215.00,-218.00,-497.00
286.00,168.00,17.38,3447.00,2052.00,41.00,256.00,-192.00,-516.00
291.00,158.00,17.37,3316.00,2043.00,-40.00,260.00,-132.00,-428.00
297.00,149.00,17.15,3154.00,2103.00,-214.00,323.00,-43.00,-405.00
304.00,141.00,17.13,3253.00,2155.00,-311.00,342.00,-47.00,-349.00
312.00,134.00,16.86,3086.00,2220.00,-380.00,345.00,11.00,-317.00
320.00,129.00,16.81,3144.00,2194.00,-411.00,375.00,54.00,-272.00
329.00,125.00,16.85,3123.00,2174.00,-445.00,391.00,76.00,-228.00
339.00,122.00,16.85,3028.00,2071.00,-470.00,406.00,87.00,-150.00
349.00,120.00,16.84,3173.00,2119.00,-477.00,428.00,155.00,-144.00
359.00,120.00,16.70,3093.00,2070.00,-663.00,453.00,176.00,-100.00
370.00,122.00,16.62,3166.00,2035.00,-680.00,467.00,154.00,-30.00
380.00,124.00,16.59,3175.00,1995.00,-849.00,484.00,198.00,23.00
390.00,128.00,16.56,3380.00,1964.00,-948.00,459.00,232.00,65.00
400.00,132.00,16.56,3518.00,1874.00,-983.00,479.00,249.00,86.00
409.00,137.00,16.24,3339.00,1792.00,-1098.00,469.00,225.00,105.00
418.00,142.00,16.22,3581.00,1603.00,-1112.00,422.00,236.00,176.00
425.00,148.00,16.21,3503.00,1516.00,-1170.00,374.00,253.00,167.00
432.00,156.00,16.21,3638.00,1330.00,-1226.00,343.00,218.00,309.00
437.00,164.00,16.21,3838.00,1244.00,-1307.00,281.00,244.00,281.00
440.00,172.00,16.20,3636.00,1172.00,-1292.00,183.00,284.00,270.00
443.00,181.00,16.15,3738.00,1153.00,-1220.00,102.00,266.00,381.00
445.00,191.00,16.22,3722.00,1419.00,-1106.00,-9.00,298.00,332.00
445.00,201.00,16.34,3904.00,1444.00,-912.00,-167.00,351.00,395.00
446.00,211.00,16.28,4196.00,1401.00,-724.00,-177.00,339.00,376.00
446.00,222.00,16.36,4304.00,1267.00,-665.00,-217.00,377.00,280.00
444.00,232.00,16.34,4278.00,1009.00,-659.00,-234.00,319.00,209.00
442.00,242.00,16.43,4257.00,863.00,-643.00,-287.00,330.00,224.00
437.00,253.00,16.47,4421.00,1086.00,-582.00,-363.00,327.00,315.00
432.00,264.00,16.50,4656.00,944.00,-399.00,-426.00,219.00,357.00
425.00,274.00,16.59,5095.00,868.00,-220.00,-477.00,202.00,388.00
417.00,283.00,16.63,5146.00,918.00,-245.00,-546.00,189.00,363.00
407.00,290.00,16.72,5276.00,866.00,-16.00,-586.00,91.00,346.00
395.00,296.00,16.78,5342.00,725.00,14.00,-611.00,24.00,263.00
382.00,300.00,16.89,5335.00,1033.00,-36.00,-720.00,-65.00,218.00
367.00,302.00,17.01,5447.00,937.00,258.00,-735.00,-138.00,96.00
352.00,303.00,18.46,5447.00,937.00,258.00,-735.00,-138.00,96.00
340.00,300.00,19.03,5343.00,1166.00,246.00,-736.00,-169.00,60.00
324.50,297.00,19.14,5408.00,1427.00,643.00,-721.00,-266.00,-80.00
309.50,288.00,19.14,5424.00,1570.00,838.00,-679.00,-253.00,-197.00
294.50,280.00,18.78,5278.00,1651.00,866.00,-603.00,-276.00,-268.00
281.00,268.00,18.18,5087.00,1833.00,949.00,-529.00,-292.00,-371.00
272.00,255.00,18.00,4878.00,1997.00,1030.00,-417.00,-257.00,-509.00
265.00,240.00,17.89,4656.00,1971.00,1054.00,-332.00,-249.00,-555.00
260.00,226.00,17.91,4381.00,2041.00,935.00,-189.00,-278.00,-530.00
258.00,211.00,17.75,4134.00,2128.00,655.00,-7.00,-207.00,-664.00
257.00,196.00,17.81,3872.00,2119.00,610.00,77.00,-186.00,-682.00
259.00,182.00,17.79,3681.00,2165.00,589.00,128.00,-161.00,-628.00
262.00,169.00,17.62,3449.00,2236.00,445.00,242.00,-93.00,-623.00
267.00,157.00,17.67,3210.00,2253.00,266.00,308.00,-83.00,-559.00
273.00,147.00,17.60,3210.00,2253.00,266.00,308.00,-83.00,-559.00
281.00,138.00,17.49,3143.00,2292.00,21.00,409.00,1.00,-429.00
289.00,130.00,17.03,3058.00,2306.00,-255.00,439.00,54.00,-427.00
298.00,123.00,17.05,3047.00,2330.00,-362.00,424.00,68.00,-351.00
308.00,118.00,16.91,2881.00,2291.00,-403.00,443.00,95.00,-274.00
318.00,115.00,16.89,2804.00,2232.00,-472.00,450.00,123.00,-188.00
328.00,112.00,16.88,2913.00,2146.00,-460.00,457.00,131.00,-105.00
339.00,112.00,16.75,2939.00,2138.00,-526.00,444.00,157.00,-63.00
350.00,112.00,16.63,2975.00,2052.00,-646.00,457.00,177.00,55.00
360.00,115.00,16.58,3207.00,2038.00,-778.00,424.00,194.00,78.00
371.00,118.00,16.70,3145.00,1997.00,-812.00,424.00,225.00,115.00
381.00,122.00,16.72,3214.00,1909.00,-842.00,439.00,226.00,140.00
390.00,128.00,16.81,3210.00,1923.00,-1021.00,379.00,261.00,162.00
400.00,134.00,16.74,3262.00,1761.00,-984.00,371.00,258.00,276.00
408.00,142.00,16.70,3614.00,1836.00,-1132.00,360.00,300.00,318.00
416.00,150.00,16.51,3496.00,1731.00,-1233.00,272.00,304.00,240.00
422.00,158.00,16.51,3851.00,1571.00,-1103.00,210.00,225.00,355.00
427.00,167.00,16.64,3764.00,1535.00,-892.00,150.00,272.00,306.00
432.00,177.00,16.70,3511.00,1450.00,-916.00,150.00,271.00,359.00
435.00,188.00,16.67,3948.00,1445.00,-955.00,72.00,236.00,529.00
438.00,198.00,16.63,4038.00,1462.00,-739.00,29.00,276.00,452.00
440.00,209.00,16.67,4040.00,1385.00,-581.00,30.00,268.00,469.00
441.00,220.00,16.66,4250.00,1387.00,-528.00,10.00,294.00,430.00
442.00,232.00,16.76,4119.00,1321.00,-463.00,-24.00,290.00,426.00
442.00,244.00,16.71,4337.00,1111.00,-345.00,-46.00,271.00,477.00
440.00,255.00,16.63,4390.00,1041.00,-396.00,-75.00,296.00,435.00
438.00,267.00,16.61,4588.00,974.00,-541.00,-116.00,223.00,522.00
435.00,279.00,16.60,4561.00,778.00,-539.00,-207.00,234.00,470.00
430.00,290.00,16.59,4721.00,551.00,-484.00,-274.00,196.00,514.00
423.00,300.00,16.69,4936.00,565.00,-519.00,-317.00,150.00,549.00
414.00,309.00,16.69,5266.00,578.00,-547.00,-444.00,139.00,510.00
405.00,316.00,16.96,5212.00,604.00,-316.00,-549.00,98.00,351.00
394.00,323.00,17.02,5198.00,486.00,-180.00,-580.00,-15.00,367.00
382.00,327.00,17.35,5361.00,429.00,-130.00,-631.00,-34.00,389.00
369.00,329.00,18.04,5440.00,397.00,16.00,-688.00,-86.00,166.00
354.00,330.00,18.20,5409.00,425.00,91.00,-726.00,-116.00,116.00
341.00,328.00,18.75,5482.00,636.00,159.00,-731.00,-177.00,79.00
325.00,324.00,18.76,5589.00,836.00,221.00,-724.00,-224.00,16.00
312.00,317.00,19.46,5631.00,1123.00,350.00,-688.00,-317.00,-126.00
300.00,307.00,19.66,5517.00,1257.00,747.00,-673.00,-274.00,-201.00
291.50,295.00,19.65,5489.00,1523.00,716.00,-563.00,-375.00,-299.00
280.50,279.50,18.57,5217.00,1547.00,495.00,-393.00,-566.00,-435.00
276.00,263.50,18.56,5172.00,1606.00,415.00,-367.00,-506.00,-468.00
270.00,245.00,18.14,4475.00,1566.00,443.00,-243.00,-358.00,-727.00
268.00,228.00,18.04,4142.00,1673.00,422.00,-69.00,-466.00,-643.00
269.00,211.00,17.96,3975.00,1736.00,290.00,-11.00,-313.00,-707.00
272.00,195.00,17.86,3663.00,1790.00,114.00,59.00,-202.00,-666.00
276.00,181.00,17.69,3491.00,1777.00,4.00,159.00,-95.00,-673.00
282.00,168.00,17.68,3491.00,1777.00,4.00,159.00,-95.00,-673.00
290.00,158.00,17.82,3351.00,1768.00,-58.00,255.00,-117.00,-562.00
299.00,149.00,17.59,2933.00,1784.00,-494.00,340.00,-286.00,-273.00
309.00,142.00,17.44,3394.00,1815.00,-813.00,484.00,-285.00,-192.00
320.00,137.00,17.41,3279.00,1727.00,-1349.00,482.00,-49.00,-388.00
330.00,132.00,17.33,3087.00,1706.00,-1660.00,434.00,-74.00,-353.00
340.00,128.00,17.36,3213.00,1784.00,-1849.00,307.00,-15.00,-281.00
348.00,124.00,17.25,3546.00,1726.00,-1710.00,308.00,267.00,-552.00
356.00,120.00,17.24,3314.00,1256.00,-1729.00,393.00,632.00,-861.00
