482.00,100.00,17.14,-155.00,4239.00,792.00,-86.00,95.00,116.00
483.00,101.00,17.08,207.00,4117.00,779.00,-118.00,18.00,154.00
482.00,102.00,17.28,286.00,3965.00,964.00,-7.00,93.00,-38.00
483.00,103.00,17.33,55.00,3884.00,861.00,72.00,15.00,156.00
483.00,105.00,17.27,382.00,3912.00,893.00,3.00,73.00,84.00
482.00,108.00,17.24,142.00,3827.00,828.00,-84.00,134.00,21.00
481.00,112.00,17.12,434.00,3878.00,937.00,-3.00,32.00,41.00
480.00,116.00,17.05,361.00,3954.00,977.00,-59.00,98.00,-115.00
479.00,120.00,17.06,-70.00,3916.00,963.00,-137.00,184.00,-67.00
478.00,125.00,17.09,245.00,3907.00,999.00,-87.00,53.00,42.00
477.00,130.00,17.08,-190.00,3926.00,1111.00,-102.00,83.00,61.00
477.00,136.00,17.13,24.00,3988.00,1070.00,-108.00,97.00,139.00
477.00,143.00,17.13,8.00,4016.00,1105.00,-103.00,81.00,170.00
476.00,149.00,17.05,360.00,4037.00,1120.00,-33.00,57.00,110.00
475.00,156.00,17.04,193.00,3971.00,971.00,-41.00,35.00,-3.00
475.00,163.00,17.05,-143.00,3816.00,954.00,-161.00,88.00,120.00
475.00,171.00,16.99,205.00,3880.00,943.00,-190.00,111.00,246.00
475.00,180.00,16.91,-57.00,3832.00,988.00,-230.00,128.00,178.00
477.00,188.00,16.92,83.00,3902.00,1270.00,-221.00,130.00,244.00
477.00,197.00,16.86,380.00,3971.00,1133.00,-144.00,19.00,203.00
477.00,206.00,16.79,332.00,3925.00,1250.00,-184.00,81.00,103.00
478.00,216.00,16.58,309.00,3989.00,1235.00,-203.00,59.00,179.00
478.00,226.00,16.51,399.00,3911.00,1312.00,-321.00,-10.00,187.00
478.00,235.00,16.44,374.00,4250.00,1309.00,-306.00,86.00,135.00
479.00,244.00,16.39,545.00,4273.00,1421.00,-228.00,56.00,77.00
480.00,253.00,16.37,182.00,3988.00,1732.00,-235.00,21.00,313.00
481.00,262.00,16.33,579.00,4373.00,1589.00,-259.00,65.00,338.00
482.00,270.00,16.25,652.00,4263.00,1662.00,-303.00,38.00,241.00
483.00,277.00,16.33,472.00,4077.00,1966.00,-302.00,98.00,260.00
483.00,283.00,16.25,740.00,4389.00,1812.00,-74.00,-33.00,406.00
483.00,289.00,16.32,964.00,4139.00,1870.00,-211.00,91.00,37.00
482.00,294.00,16.13,676.00,3985.00,1873.00,-204.00,68.00,169.00
481.00,299.00,16.13,917.00,3954.00,1926.00,-172.00,65.00,99.00
480.00,303.00,16.08,844.00,3937.00,1951.00,-189.00,53.00,-24.00
479.00,307.00,16.07,567.00,4004.00,1845.00,-185.00,91.00,6.00
479.00,311.00,16.07,538.00,3879.00,2037.00,-240.00,95.00,72.00
478.00,315.00,16.08,651.00,4021.00,1968.00,-99.00,78.00,146.00
478.00,318.00,16.06,557.00,4188.00,1854.00,-99.00,17.00,59.00
479.00,320.00,16.03,1047.00,4489.00,1956.00,-91.00,56.00,173.00
479.00,321.00,16.02,1459.00,4627.00,1969.00,-28.00,46.00,68.00
478.00,321.00,15.85,1783.00,4529.00,1940.00,83.00,-45.00,-34.00
475.00,319.00,15.79,1942.00,4253.00,1681.00,202.00,-112.00,-169.00
470.00,317.00,15.78,1637.00,4050.00,1391.00,43.00,-106.00,-148.00
465.00,315.00,15.81,1659.00,3933.00,1447.00,-18.00,-149.00,-172.00
457.00,313.00,15.82,1688.00,3666.00,1654.00,75.00,-295.00,-258.00
448.00,311.00,15.86,1268.00,3618.00,1529.00,118.00,-316.00,-194.00
439.00,310.00,15.85,1207.00,3649.00,1645.00,54.00,-373.00,-166.00
429.00,309.00,15.87,1098.00,3503.00,1832.00,70.00,-416.00,-204.00
418.00,309.00,15.83,870.00,3651.00,1652.00,8.00,-388.00,-149.00
407.00,309.00,15.84,951.00,3760.00,1909.00,-47.00,-415.00,-154.00
395.00,308.00,15.82,994.00,3642.00,2064.00,53.00,-445.00,-236.00
384.00,308.00,16.01,822.00,3665.00,1789.00,70.00,-457.00,-107.00
372.00,308.00,16.10,865.00,3708.00,1762.00,-44.00,-429.00,-59.00
359.00,309.00,16.15,1125.00,3675.00,1899.00,-13.00,-494.00,-99.00
346.00,309.00,16.19,1012.00,3643.00,1783.00,53.00,-470.00,-179.00
334.00,309.00,16.33,808.00,3871.00,1520.00,-35.00,-430.00,-112.00
321.00,310.00,16.45,876.00,3841.00,1753.00,-189.00,-464.00,-66.00
309.00,311.00,16.36,773.00,3570.00,2095.00,-172.00,-374.00,-211.00
298.00,312.00,16.36,556.00,3448.00,2003.00,-40.00,-378.00,-126.00
288.00,314.00,16.36,556.00,3448.00,2003.00,-40.00,-378.00,-126.00
279.00,316.00,16.35,679.00,3632.00,1682.00,-23.00,-403.00,38.00
269.00,318.00,16.34,897.00,3759.00,1691.00,-143.00,-315.00,-58.00
261.00,321.00,16.35,862.00,3980.00,1668.00,-103.00,-324.00,54.00
253.00,323.00,16.57,1036.00,4066.00,1683.00,-191.00,-254.00,-6.00
243.50,323.50,16.62,1043.00,4103.00,1782.00,-184.00,-268.00,-60.00
237.00,325.00,16.57,956.00,4107.00,1802.00,-130.00,-276.00,-15.00
232.00,326.00,16.57,816.00,4088.00,1861.00,-162.00,-180.00,-3.00
226.00,326.00,16.35,903.00,4095.00,1883.00,-81.00,-207.00,-11.00
222.00,326.00,16.31,853.00,4052.00,1798.00,-42.00,-178.00,-116.00
218.00,325.00,16.36,822.00,3973.00,1674.00,-82.00,-112.00,-84.00
215.00,325.00,16.28,860.00,3952.00,1578.00,-43.00,-102.00,3.00
212.00,325.00,16.11,1052.00,3981.00,1524.00,-11.00,-128.00,29.00
208.00,324.00,16.07,871.00,4014.00,1953.00,-85.00,-28.00,-36.00
207.00,323.00,16.10,993.00,4117.00,2021.00,20.00,-42.00,-8.00
206.00,321.00,16.09,1016.00,4162.00,1972.00,43.00,-27.00,-51.00
206.00,319.00,16.06,916.00,4150.00,1841.00,65.00,121.00,-52.00
206.00,316.00,16.05,951.00,4366.00,1639.00,34.00,71.00,31.00
207.00,312.00,16.02,951.00,4366.00,1639.00,34.00,71.00,31.00
207.00,307.00,16.03,1068.00,4644.00,1569.00,44.00,70.00,35.00
206.00,300.00,16.05,1159.00,4944.00,1714.00,-114.00,329.00,-255.00
207.00,292.00,16.04,995.00,4879.00,1803.00,6.00,144.00,-88.00
207.00,281.00,16.04,1226.00,4841.00,1928.00,178.00,27.00,-85.00
208.00,269.00,16.06,1082.00,4709.00,1799.00,204.00,166.00,-174.00
209.00,257.00,16.20,825.00,4376.00,1597.00,69.00,202.00,-62.00
210.00,245.00,16.19,929.00,4125.00,1676.00,184.00,152.00,13.00
211.00,233.00,16.18,908.00,3980.00,1288.00,153.00,126.00,-53.00
211.00,221.00,16.33,1099.00,3748.00,1422.00,-13.00,254.00,-95.00
211.00,209.00,16.29,1099.00,3748.00,1422.00,-13.00,254.00,-95.00
213.00,197.00,16.30,605.00,3569.00,1668.00,190.00,129.00,-55.00
214.00,187.00,16.34,725.00,3680.00,1340.00,316.00,26.00,28.00
215.00,177.00,16.28,733.00,3712.00,1195.00,112.00,191.00,-8.00
217.00,167.00,16.25,701.00,3680.00,1280.00,94.00,241.00,-87.00
218.00,158.00,16.41,524.00,3705.00,1272.00,320.00,31.00,-31.00
220.00,150.00,16.42,756.00,3843.00,1036.00,59.00,136.00,56.00
221.00,142.00,16.42,898.00,3833.00,1027.00,125.00,130.00,-91.00
222.00,134.00,16.46,584.00,3726.00,921.00,150.00,28.00,-33.00
223.00,127.00,16.43,743.00,3693.00,921.00,113.00,25.00,-8.00
223.00,121.00,16.36,632.00,3536.00,953.00,152.00,-76.00,-37.00
223.00,116.00,16.15,640.00,3492.00,951.00,187.00,-103.00,-27.00
223.00,113.00,16.18,548.00,3232.00,1059.00,48.00,34.00,-37.00
225.00,111.00,16.17,385.00,3011.00,1149.00,-1.00,28.00,-1.00
225.00,110.00,16.16,484.00,3252.00,1103.00,21.00,-17.00,1.00
227.00,111.00,16.18,386.00,3787.00,1034.00,-2.00,73.00,-62.00
228.00,113.00,16.26,492.00,4200.00,973.00,39.00,111.00,-1.00
229.00,112.00,16.19,1137.00,4903.00,545.00,95.00,-26.00,53.00
229.00,111.00,16.14,1137.00,4903.00,545.00,95.00,-26.00,53.00
226.00,109.00,16.12,1111.00,5176.00,518.00,10.00,-16.00,-126.00
224.00,105.00,16.17,333.00,4298.00,1236.00,60.00,-32.00,-93.00
223.00,101.00,16.18,297.00,3881.00,1392.00,37.00,-48.00,-20.00
222.00,97.00,16.19,297.00,3881.00,1392.00,37.00,-48.00,-20.00
222.00,95.00,16.28,81.00,3550.00,1231.00,48.00,47.00,-1.00
223.00,93.00,16.18,276.00,3558.00,1104.00,41.00,18.00,89.00
225.00,93.00,16.20,313.00,3603.00,1141.00,70.00,37.00,59.00
227.00,93.00,16.14,34.00,3671.00,1037.00,53.00,83.00,77.00
231.00,94.00,16.18,286.00,3878.00,1028.00,73.00,37.00,183.00
234.00,96.00,16.19,166.00,4091.00,1021.00,-14.00,156.00,65.00
238.00,98.00,16.22,122.00,4254.00,1068.00,30.00,159.00,84.00
243.00,99.00,16.24,153.00,4263.00,1002.00,58.00,128.00,98.00
249.00,100.00,16.33,75.00,4320.00,1171.00,10.00,192.00,119.00
255.00,101.00,16.32,88.00,4353.00,1135.00,-54.00,305.00,64.00
263.00,102.00,16.40,96.00,4298.00,1182.00,53.00,276.00,159.00
271.00,103.00,16.49,331.00,4488.00,992.00,76.00,287.00,143.00
280.00,103.00,16.47,332.00,4418.00,933.00,90.00,283.00,160.00
289.00,102.00,16.43,366.00,4381.00,873.00,122.00,289.00,164.00
299.00,102.00,16.49,539.00,4321.00,818.00,103.00,251.00,228.00
308.00,101.00,16.45,632.00,4300.00,962.00,52.00,336.00,151.00
317.00,101.00,16.48,596.00,4188.00,924.00,67.00,303.00,141.00
326.00,100.00,16.35,612.00,4208.00,827.00,111.00,262.00,199.00
335.00,100.00,16.35,800.00,4231.00,802.00,99.00,277.00,127.00
344.00,99.00,16.35,699.00,4147.00,815.00,36.00,309.00,95.00
353.00,99.00,16.33,733.00,4123.00,752.00,129.00,231.00,202.00
361.00,99.00,16.24,788.00,4189.00,686.00,115.00,212.00,170.00
369.00,98.00,16.21,871.00,4214.00,691.00,78.00,259.00,76.00
377.00,98.00,16.15,658.00,4062.00,633.00,55.00,251.00,198.00
385.00,99.00,16.13,935.00,4234.00,566.00,86.00,174.00,207.00
392.00,98.00,16.13,969.00,4229.00,497.00,40.00,205.00,94.00
399.00,98.00,16.13,837.00,4186.00,619.00,8.00,205.00,110.00
405.00,98.00,16.02,922.00,4198.00,720.00,37.00,176.00,119.00
411.00,98.00,16.06,965.00,4208.00,623.00,19.00,188.00,58.00
416.00,98.00,15.92,800.00,4118.00,669.00,-45.00,230.00,35.00
422.00,98.00,15.99,877.00,4181.00,766.00,-11.00,203.00,70.00
427.00,98.00,15.95,934.00,4247.00,734.00,2.00,179.00,46.00
432.00,97.00,15.96,759.00,4220.00,747.00,5.00,210.00,28.00
436.00,97.00,15.97,880.00,4241.00,779.00,-5.00,170.00,63.00
440.00,97.00,15.82,1080.00,4345.00,749.00,18.00,164.00,104.00
445.00,96.00,15.86,1032.00,4359.00,719.00,45.00,157.00,46.00
448.00,96.00,15.87,1078.00,4194.00,660.00,29.00,129.00,92.00
451.00,94.00,15.81,1144.00,4074.00,556.00,3.00,128.00,-12.00
453.00,93.00,15.84,1109.00,4017.00,457.00,35.00,46.00,34.00
454.00,92.00,15.98,1079.00,4079.00,591.00,15.00,31.00,5.00
455.00,91.00,15.94,806.00,4148.00,651.00,-48.00,84.00,-26.00
456.00,90.00,16.10,850.00,4251.00,751.00,-50.00,11.00,-29.00
456.00,89.00,16.16,802.00,4155.00,832.00,-11.00,-8.00,-42.00
457.00,88.00,16.07,610.00,3931.00,846.00,-26.00,36.00,64.00
458.00,88.00,16.08,542.00,4028.00,788.00,-13.00,43.00,56.00
459.00,88.00,16.04,481.00,4173.00,746.00,-15.00,-22.00,123.00
460.00,88.00,16.22,745.00,4096.00,856.00,-63.00,47.00,86.00
462.00,88.00,16.26,658.00,4069.00,884.00,-53.00,67.00,107.00
463.00,89.00,16.19,880.00,4042.00,841.00,29.00,-4.00,235.00
464.00,90.00,16.22,1332.00,4160.00,868.00,110.00,66.00,100.00
464.00,90.00,16.21,719.00,4323.00,655.00,9.00,87.00,-44.00
466.00,87.00,16.27,591.00,3809.00,720.00,-158.00,-44.00,70.00
466.00,89.00,16.42,856.00,3576.00,1094.00,-99.00,-14.00,153.00
467.00,91.00,16.31,1013.00,3616.00,1118.00,-44.00,25.00,70.00
466.00,95.00,16.29,917.00,3622.00,1133.00,-45.00,86.00,53.00
466.00,99.00,16.21,947.00,3654.00,1144.00,10.00,84.00,86.00
464.00,104.00,16.19,900.00,3846.00,1029.00,-11.00,136.00,16.00
463.00,110.00,16.21,756.00,3867.00,1181.00,-34.00,153.00,49.00
461.00,116.00,16.24,532.00,3814.00,1036.00,63.00,137.00,126.00
460.00,123.00,16.25,442.00,3873.00,956.00,55.00,86.00,151.00
459.00,131.00,16.25,772.00,3893.00,1036.00,51.00,87.00,148.00
458.00,139.00,16.27,864.00,3850.00,931.00,-11.00,135.00,110.00
458.00,147.00,16.19,541.00,3934.00,873.00,-65.00,135.00,62.00
457.00,155.00,16.23,888.00,4191.00,777.00,-30.00,68.00,199.00
456.00,163.00,16.06,696.00,4228.00,899.00,-141.00,113.00,33.00
455.00,171.00,15.93,788.00,4250.00,919.00,-72.00,-10.00,-3.00
455.00,178.00,15.87,657.00,4264.00,843.00,-182.00,68.00,-78.00
455.00,185.00,15.76,757.00,4295.00,967.00,-210.00,91.00,-53.00
455.00,193.00,15.64,795.00,4304.00,885.00,-168.00,-23.00,79.00
456.00,199.00,15.62,657.00,4328.00,1120.00,-260.00,78.00,-77.00
456.00,206.00,15.61,620.00,4175.00,1200.00,-266.00,100.00,33.00
457.00,213.00,15.51,990.00,4164.00,1367.00,-192.00,38.00,57.00
457.00,219.00,15.47,807.00,4228.00,1445.00,-74.00,-33.00,-83.00
458.00,225.00,15.43,915.00,4253.00,1419.00,-151.00,75.00,-24.00
458.00,230.00,15.52,764.00,4142.00,1368.00,-178.00,26.00,47.00
458.00,235.00,15.50,708.00,4051.00,1515.00,-204.00,93.00,3.00
458.00,241.00,15.51,898.00,4089.00,1610.00,-172.00,119.00,22.00
458.00,245.00,15.40,694.00,4034.00,1334.00,-140.00,21.00,-13.00
459.00,250.00,15.30,523.00,4113.00,1477.00,-199.00,34.00,158.00
460.00,255.00,15.25,916.00,4186.00,1530.00,-155.00,37.00,130.00
461.00,260.00,15.27,670.00,3971.00,1502.00,-173.00,49.00,80.00
462.00,264.00,15.13,1059.00,4298.00,1560.00,-129.00,48.00,125.00
462.00,267.00,15.17,1003.00,4312.00,1447.00,-128.00,21.00,114.00
462.00,271.00,15.29,1022.00,3987.00,1633.00,-248.00,120.00,14.00
462.00,275.00,15.35,699.00,3835.00,1814.00,-241.00,104.00,12.00
463.00,278.00,15.32,471.00,3703.00,1902.00,-159.00,35.00,50.00
464.00,281.00,15.26,670.00,3860.00,1872.00,-117.00,19.00,143.00
465.00,285.00,15.27,831.00,4129.00,1738.00,-92.00,-10.00,178.00
465.00,287.00,15.32,1153.00,4141.00,1792.00,-171.00,75.00,144.00
465.00,289.00,15.32,1117.00,4106.00,1984.00,-146.00,91.00,4.00
465.00,290.00,15.39,779.00,4109.00,1998.00,-15.00,130.00,102.00
466.00,291.00,15.34,1095.00,4227.00,1744.00,-12.00,109.00,210.00
465.00,291.00,15.23,1424.00,4161.00,1832.00,9.00,10.00,23.00
464.00,291.00,15.23,1079.00,3913.00,1802.00,71.00,-12.00,1.00
463.00,291.00,15.23,1268.00,3820.00,1740.00,128.00,-80.00,132.00
461.00,290.00,15.24,1504.00,3964.00,1590.00,117.00,-63.00,0.00
458.00,290.00,15.03,1656.00,3932.00,1406.00,100.00,-127.00,-82.00
453.00,288.00,15.03,1697.00,3939.00,1439.00,57.00,-160.00,-86.00
448.00,288.00,15.07,1705.00,3783.00,1632.00,47.00,-218.00,-158.00
441.00,287.00,15.00,1533.00,3513.00,1426.00,11.00,-255.00,-177.00
433.00,288.00,15.04,1422.00,3818.00,1272.00,-14.00,-316.00,-193.00
424.00,288.00,15.04,1443.00,3784.00,1655.00,-88.00,-431.00,-138.00
415.00,287.00,15.31,1343.00,3536.00,1854.00,-78.00,-340.00,-210.00
404.00,287.00,15.51,1179.00,3612.00,1601.00,-17.00,-416.00,-192.00
393.00,288.00,15.47,1189.00,3770.00,1579.00,-58.00,-501.00,-197.00
382.00,289.00,15.62,1133.00,3550.00,1800.00,-185.00,-355.00,-239.00
371.00,290.00,15.75,990.00,3438.00,1820.00,-123.00,-362.00,-193.00
359.00,291.00,15.83,1150.00,3898.00,1490.00,24.00,-547.00,-94.00
346.00,293.00,15.77,1093.00,4104.00,1527.00,-170.00,-437.00,-250.00
334.00,293.00,15.82,818.00,3868.00,1977.00,-240.00,-336.00,-331.00
323.00,294.00,15.84,815.00,3927.00,1947.00,0.00,-472.00,-81.00
311.00,294.00,15.86,1027.00,4215.00,1789.00,-111.00,-385.00,-202.00
300.00,293.00,15.99,976.00,4210.00,1886.00,-125.00,-360.00,-273.00
290.00,293.00,16.04,689.00,3971.00,2082.00,-71.00,-330.00,-282.00
281.00,293.00,16.02,489.00,3737.00,1877.00,-49.00,-332.00,-95.00
273.00,293.00,16.01,614.00,3689.00,1771.00,-20.00,-337.00,-45.00
265.00,293.00,16.00,549.00,3719.00,1754.00,-132.00,-202.00,-88.00
259.00,293.00,15.93,483.00,3740.00,1795.00,-120.00,-183.00,-51.00
254.00,294.00,16.03,770.00,3838.00,1712.00,2.00,-233.00,78.00
249.00,295.00,15.95,827.00,3835.00,1510.00,-109.00,-162.00,-72.00
244.00,296.00,15.94,827.00,3835.00,1510.00,-109.00,-162.00,-72.00
240.00,297.00,15.85,946.00,3851.00,1454.00,-95.00,-153.00,32.00
236.00,298.00,15.91,1044.00,4041.00,1518.00,-76.00,-184.00,-13.00
232.00,299.00,15.90,889.00,4003.00,1574.00,-135.00,-118.00,-24.00
228.00,300.00,15.80,722.00,3886.00,1792.00,-146.00,-65.00,14.00
226.00,301.00,15.77,834.00,4075.00,1727.00,-40.00,-107.00,68.00
225.00,301.00,15.73,865.00,4243.00,1797.00,-53.00,-39.00,4.00
223.00,301.00,15.72,808.00,4441.00,1822.00,-61.00,2.00,37.00
223.00,298.00,15.70,877.00,4688.00,1958.00,5.00,81.00,-52.00
224.00,295.00,15.58,860.00,4999.00,1916.00,68.00,73.00,-40.00
225.00,289.00,15.52,955.00,5096.00,2067.00,74.00,163.00,-113.00
227.00,282.00,15.53,901.00,4952.00,1902.00,188.00,182.00,-127.00
229.00,273.00,15.63,1040.00,4591.00,1324.00,206.00,165.00,-138.00
231.00,264.00,15.67,1062.00,4363.00,1297.00,-10.00,154.00,-155.00
232.00,254.00,15.67,1131.00,4223.00,1223.00,46.00,253.00,-276.00
231.00,244.00,15.73,721.00,4069.00,1187.00,114.00,108.00,-146.00
232.00,234.00,15.73,975.00,4046.00,1373.00,17.00,109.00,-60.00
232.00,224.00,15.68,1039.00,4005.00,1479.00,-7.00,277.00,-194.00
231.00,214.00,15.76,766.00,3930.00,1300.00,-11.00,311.00,-285.00
231.00,205.00,15.59,430.00,3724.00,1276.00,32.00,156.00,-31.00
231.00,195.00,15.51,717.00,3784.00,1674.00,200.00,133.00,-96.00
231.00,187.00,15.45,449.00,3775.00,1531.00,191.00,206.00,-153.00
231.00,178.00,15.46,314.00,3715.00,1094.00,84.00,125.00,30.00
232.00,170.00,15.48,525.00,3793.00,1120.00,53.00,76.00,21.00
232.00,163.00,15.43,495.00,3867.00,956.00,96.00,146.00,-86.00
232.00,156.00,15.41,373.00,3842.00,1046.00,109.00,46.00,12.00
231.00,149.00,15.57,531.00,4042.00,1293.00,85.00,-28.00,26.00
232.00,143.00,15.65,304.00,4079.00,1248.00,174.00,93.00,-26.00
231.00,136.00,15.62,485.00,4093.00,1049.00,144.00,10.00,33.00
231.00,130.00,15.71,424.00,4031.00,1038.00,92.00,23.00,-81.00
229.00,123.00,15.78,480.00,4048.00,1042.00,66.00,17.00,5.00
229.00,117.00,15.72,442.00,3892.00,1096.00,80.00,39.00,-71.00
227.00,112.00,15.77,284.00,3835.00,1189.00,61.00,-33.00,-4.00
227.00,107.00,15.73,238.00,3811.00,1204.00,67.00,21.00,-31.00
227.00,103.00,15.76,260.00,3858.00,1091.00,97.00,-13.00,36.00
227.00,98.00,15.80,263.00,3822.00,951.00,69.00,-30.00,18.00
226.00,95.00,15.78,230.00,3905.00,948.00,59.00,-38.00,-5.00
226.00,92.00,15.76,100.00,3665.00,1086.00,46.00,25.00,-23.00
227.00,90.00,15.71,-130.00,3463.00,1442.00,38.00,-33.00,58.00
228.00,89.00,15.70,-96.00,3378.00,1611.00,50.00,53.00,37.00
231.00,89.00,15.70,-378.00,3344.00,1602.00,40.00,145.00,17.00
237.00,91.00,15.70,-263.00,3621.00,1505.00,193.00,100.00,164.00
243.00,92.00,15.81,-110.00,3908.00,1108.00,211.00,167.00,194.00
250.00,94.00,15.83,-4.00,4178.00,920.00,133.00,201.00,212.00
258.00,96.00,15.84,182.00,4290.00,921.00,176.00,181.00,185.00
265.00,97.00,15.85,100.00,4386.00,871.00,56.00,299.00,223.00
274.00,98.00,15.82,502.00,4418.00,814.00,111.00,221.00,280.00
281.00,99.00,15.76,373.00,4287.00,866.00,36.00,324.00,137.00
289.00,99.00,15.75,431.00,4216.00,883.00,27.00,296.00,233.00
297.00,100.00,15.76,448.00,4213.00,864.00,59.00,293.00,184.00
306.00,101.00,15.74,503.00,4132.00,839.00,100.00,251.00,185.00
314.00,102.00,15.73,532.00,4042.00,754.00,61.00,278.00,193.00
323.00,103.00,15.62,466.00,4159.00,815.00,36.00,272.00,217.00
331.00,104.00,15.69,686.00,4212.00,717.00,54.00,247.00,220.00
339.00,105.00,15.68,737.00,4263.00,759.00,75.00,212.00,194.00
347.00,107.00,15.68,758.00,4296.00,734.00,58.00,240.00,206.00
355.00,107.00,15.57,1107.00,4318.00,725.00,18.00,295.00,176.00
362.00,108.00,15.55,853.00,4238.00,702.00,-1.00,303.00,54.00
369.00,108.00,15.48,691.00,4132.00,754.00,19.00,271.00,121.00
376.00,109.00,15.42,668.00,4145.00,736.00,-22.00,246.00,184.00
384.00,110.00,15.42,743.00,4278.00,934.00,73.00,206.00,191.00
391.00,111.00,15.38,743.00,4278.00,934.00,73.00,206.00,191.00
398.00,111.00,15.29,1061.00,4361.00,898.00,98.00,208.00,184.00
404.00,111.00,15.29,1013.00,4430.00,696.00,84.00,218.00,165.00
411.00,111.00,15.29,1013.00,4430.00,696.00,84.00,218.00,165.00
416.00,110.00,15.31,1072.00,4378.00,682.00,79.00,206.00,100.00
422.00,109.00,15.30,1104.00,4234.00,732.00,74.00,197.00,127.00
427.00,108.00,15.29,945.00,4113.00,728.00,23.00,201.00,15.00
433.00,107.00,15.31,851.00,3999.00,599.00,46.00,140.00,146.00
437.00,107.00,15.21,985.00,4006.00,597.00,43.00,141.00,124.00
442.00,106.00,15.17,1009.00,4016.00,601.00,37.00,160.00,97.00
447.00,105.00,15.13,1145.00,3994.00,567.00,-9.00,112.00,135.00
451.00,105.00,15.11,1393.00,3908.00,535.00,-14.00,75.00,173.00
455.00,105.00,15.10,1666.00,3965.00,382.00,-41.00,32.00,79.00
457.00,105.00,15.12,1735.00,3980.00,641.00,-121.00,18.00,35.00
458.00,105.00,15.27,1564.00,3900.00,893.00,-85.00,17.00,-24.00
453.00,77.00,15.82,431.00,3108.00,702.00,-6.00,-74.00,81.00
454.00,80.00,15.94,827.00,3111.00,1135.00,-118.00,14.00,192.00
456.00,85.00,15.89,1002.00,3367.00,1103.00,-24.00,40.00,180.00
456.00,92.00,15.94,1013.00,3515.00,1100.00,38.00,14.00,73.00
455.00,99.00,15.94,975.00,3647.00,1136.00,-49.00,92.00,8.00
455.00,107.00,15.97,546.00,3542.00,1067.00,-62.00,188.00,113.00
455.00,117.00,16.06,687.00,3863.00,834.00,-47.00,128.00,161.00
455.00,126.00,16.06,855.00,4053.00,728.00,-49.00,71.00,70.00
454.00,136.00,15.98,914.00,3954.00,1036.00,-168.00,139.00,-28.00
454.00,145.00,15.89,822.00,4149.00,978.00,-172.00,143.00,11.00
454.00,155.00,15.84,544.00,4090.00,1075.00,-129.00,74.00,-31.00
453.00,165.00,15.81,623.00,4135.00,1188.00,-56.00,-12.00,109.00
453.00,174.00,15.76,1256.00,4262.00,1169.00,-31.00,38.00,5.00
453.00,184.00,15.77,592.00,4163.00,1005.00,-161.00,129.00,-149.00
453.00,193.00,15.72,875.00,4173.00,1058.00,-126.00,2.00,60.00
452.00,202.00,15.68,1105.00,4179.00,1061.00,-126.00,2.00,14.00
451.00,211.00,15.59,734.00,4071.00,1225.00,-269.00,116.00,-175.00
451.00,219.00,15.42,753.00,4183.00,1284.00,-207.00,25.00,7.00
450.00,227.00,15.38,806.00,4334.00,1289.00,-141.00,-53.00,-9.00
450.00,235.00,15.37,744.00,4386.00,1316.00,-246.00,64.00,-35.00
450.00,242.00,15.33,863.00,4393.00,1335.00,-209.00,-61.00,146.00
449.00,249.00,15.27,822.00,4387.00,1375.00,-183.00,-111.00,106.00
450.00,256.00,15.11,592.00,4245.00,1403.00,-464.00,168.00,40.00
451.00,262.00,14.94,763.00,4179.00,1701.00,-397.00,119.00,148.00
451.00,267.00,14.99,854.00,4350.00,1696.00,-244.00,31.00,98.00
451.00,271.00,15.07,1028.00,4566.00,1626.00,-280.00,129.00,58.00
451.00,275.00,15.06,1037.00,4516.00,1586.00,-239.00,79.00,93.00
451.00,277.00,15.04,1276.00,4554.00,1716.00,-99.00,-51.00,115.00
449.00,278.00,15.03,1502.00,4486.00,1849.00,-139.00,65.00,-83.00
447.00,278.00,14.85,1361.00,4159.00,1787.00,-24.00,-39.00,-75.00
445.00,278.00,14.82,1273.00,4060.00,1610.00,-21.00,-99.00,-98.00
441.00,277.00,14.84,1273.00,4060.00,1610.00,-21.00,-99.00,-98.00
437.00,276.00,14.90,1337.00,3807.00,1663.00,36.00,-112.00,-150.00
431.00,276.00,14.94,1498.00,3590.00,1671.00,125.00,-208.00,-145.00
423.00,276.00,15.16,1351.00,3565.00,1470.00,18.00,-232.00,-203.00
415.00,277.00,15.13,1281.00,3420.00,1516.00,61.00,-327.00,-138.00
406.00,278.00,15.26,1306.00,3329.00,1383.00,150.00,-383.00,-69.00
396.00,280.00,15.37,1383.00,4035.00,1106.00,46.00,-424.00,-105.00
385.00,282.00,15.41,1352.00,4090.00,1244.00,-39.00,-450.00,-210.00
374.00,284.00,15.39,1260.00,3754.00,1653.00,-99.00,-390.00,-215.00
361.00,286.00,15.42,948.00,3413.00,1528.00,-1.00,-511.00,-136.00
348.00,289.00,15.40,1059.00,3833.00,1397.00,-119.00,-453.00,-206.00
335.00,293.00,15.47,853.00,3939.00,1360.00,-178.00,-448.00,-170.00
322.00,296.00,15.54,821.00,3832.00,1843.00,-230.00,-460.00,-155.00
310.00,299.00,15.55,726.00,3692.00,2109.00,-228.00,-435.00,-131.00
298.00,302.00,15.58,608.00,3877.00,1950.00,-147.00,-405.00,-184.00
287.00,305.00,15.58,553.00,3958.00,1993.00,-155.00,-422.00,-122.00
277.00,308.00,15.74,553.00,3952.00,2073.00,-207.00,-374.00,-79.00
268.00,310.00,15.72,542.00,3918.00,1865.00,-94.00,-277.00,-72.00
260.00,313.00,15.74,670.00,3941.00,1766.00,-102.00,-286.00,21.00
252.00,315.00,15.59,925.00,4053.00,1708.00,-106.00,-293.00,42.00
245.00,317.00,15.73,798.00,4112.00,1650.00,-105.00,-259.00,-8.00
238.00,319.00,15.70,1098.00,4223.00,1849.00,-148.00,-284.00,53.00
230.00,319.00,15.77,1257.00,4303.00,1850.00,-120.00,-197.00,-110.00
223.00,319.00,15.79,621.00,4149.00,2187.00,-157.00,-160.00,-24.00
218.00,318.00,15.88,703.00,4149.00,2379.00,-64.00,-126.00,1.00
215.00,316.00,15.84,703.00,4149.00,2379.00,-64.00,-126.00,1.00
214.00,314.00,15.78,346.00,4225.00,2317.00,-13.00,-16.00,-98.00
214.00,311.00,15.64,534.00,4439.00,2274.00,105.00,43.00,57.00
215.00,307.00,15.67,531.00,4535.00,1833.00,68.00,113.00,-67.00
216.00,301.00,15.65,766.00,4804.00,1814.00,56.00,227.00,-62.00
218.00,294.00,15.65,1053.00,4872.00,1805.00,136.00,175.00,-95.00
219.00,285.00,15.72,1150.00,4814.00,1666.00,199.00,193.00,-208.00
219.00,276.00,15.69,1133.00,4668.00,1416.00,107.00,213.00,-258.00
220.00,266.00,15.69,903.00,4427.00,1521.00,99.00,241.00,-190.00
221.00,254.00,15.75,861.00,4338.00,1469.00,181.00,142.00,-180.00
221.00,244.00,15.74,600.00,4113.00,1271.00,79.00,159.00,-69.00
221.00,233.00,15.73,476.00,3855.00,1569.00,230.00,131.00,-80.00
222.00,222.00,15.71,639.00,3849.00,1439.00,159.00,173.00,21.00
223.00,211.00,15.67,639.00,3849.00,1439.00,159.00,173.00,21.00
223.00,201.00,15.78,644.00,3924.00,1281.00,125.00,223.00,-29.00
224.00,191.00,15.83,711.00,3902.00,1266.00,219.00,210.00,-150.00
225.00,181.00,15.76,461.00,3796.00,1259.00,125.00,159.00,37.00
225.00,172.00,15.75,521.00,3826.00,1351.00,124.00,138.00,-5.00
226.00,163.00,15.71,499.00,3907.00,1185.00,164.00,70.00,27.00
227.00,155.00,15.70,487.00,3867.00,1179.00,158.00,80.00,35.00
227.00,146.00,15.82,522.00,3887.00,1198.00,212.00,68.00,-64.00
228.00,139.00,15.90,291.00,3770.00,1196.00,179.00,69.00,-23.00
229.00,131.00,15.95,481.00,3867.00,1219.00,202.00,6.00,110.00
230.00,125.00,15.95,473.00,3756.00,921.00,211.00,17.00,20.00
231.00,119.00,15.89,412.00,3768.00,774.00,177.00,-8.00,62.00
232.00,113.00,15.81,484.00,3670.00,673.00,112.00,18.00,59.00
232.00,109.00,15.76,362.00,3633.00,662.00,123.00,-57.00,42.00
233.00,105.00,15.69,357.00,3603.00,700.00,89.00,-47.00,81.00
233.00,103.00,15.63,242.00,3518.00,812.00,28.00,3.00,115.00
234.00,101.00,15.76,356.00,3402.00,1070.00,30.00,-15.00,88.00
236.00,101.00,15.80,236.00,3428.00,1231.00,14.00,14.00,97.00
238.00,102.00,15.74,311.00,3752.00,1279.00,-16.00,75.00,32.00
240.00,104.00,15.75,70.00,4071.00,1145.00,82.00,153.00,63.00
244.00,106.00,15.71,112.00,4273.00,850.00,87.00,137.00,112.00
249.00,108.00,15.76,185.00,4502.00,888.00,19.00,195.00,137.00
254.00,109.00,15.80,170.00,4510.00,1128.00,12.00,232.00,131.00
260.00,111.00,15.88,145.00,4493.00,1042.00,22.00,264.00,148.00
267.00,111.00,15.90,143.00,4499.00,1013.00,39.00,250.00,160.00
274.00,112.00,15.86,336.00,4574.00,891.00,111.00,238.00,175.00
282.00,111.00,15.89,457.00,4490.00,776.00,81.00,280.00,221.00
290.00,111.00,15.88,521.00,4419.00,910.00,87.00,278.00,136.00
299.00,110.00,15.81,487.00,4248.00,997.00,85.00,306.00,92.00
307.00,109.00,15.83,404.00,4123.00,901.00,103.00,309.00,178.00
316.00,108.00,15.84,406.00,4112.00,760.00,104.00,291.00,215.00
326.00,108.00,15.78,572.00,4190.00,851.00,99.00,313.00,198.00
335.00,107.00,15.82,503.00,4090.00,899.00,58.00,304.00,238.00
345.00,107.00,15.83,566.00,4068.00,983.00,96.00,281.00,280.00
355.00,107.00,15.81,804.00,4081.00,815.00,108.00,318.00,195.00
365.00,108.00,15.79,497.00,3904.00,661.00,4.00,363.00,148.00
375.00,109.00,15.76,944.00,4100.00,689.00,44.00,270.00,237.00
385.00,110.00,15.62,1061.00,4201.00,648.00,-3.00,342.00,104.00
394.00,110.00,15.58,1031.00,4213.00,674.00,16.00,258.00,183.00
403.00,111.00,15.50,1015.00,4245.00,827.00,-64.00,327.00,52.00
411.00,111.00,15.44,955.00,4190.00,840.00,-25.00,331.00,65.00
419.00,112.00,15.44,1225.00,4270.00,856.00,0.00,258.00,100.00
427.00,112.00,15.46,1201.00,4214.00,872.00,3.00,255.00,-15.00
434.00,112.00,15.57,1249.00,4228.00,824.00,13.00,203.00,19.00
439.00,111.00,15.50,1316.00,4287.00,724.00,-16.00,249.00,-43.00
445.00,111.00,15.45,1191.00,4039.00,751.00,-13.00,134.00,21.00
449.00,110.00,15.42,1209.00,3919.00,819.00,-46.00,114.00,65.00
453.00,110.00,15.43,1454.00,3756.00,799.00,-52.00,85.00,119.00
456.00,109.00,15.49,1629.00,3678.00,756.00,-22.00,-30.00,116.00
457.00,110.00,15.44,1637.00,3779.00,853.00,-39.00,-24.00,-30.00
455.00,97.00,15.49,605.00,3693.00,716.00,-208.00,-120.00,18.00
455.00,98.00,15.53,714.00,3540.00,1016.00,-130.00,-82.00,96.00
456.00,101.00,15.53,708.00,3623.00,1156.00,-8.00,-57.00,-2.00
455.00,105.00,15.49,649.00,3708.00,1218.00,50.00,-51.00,54.00
455.00,109.00,15.48,685.00,3751.00,1234.00,32.00,76.00,-48.00
454.00,114.00,15.58,272.00,3642.00,1032.00,80.00,2.00,-34.00
454.00,120.00,15.60,318.00,3765.00,996.00,4.00,9.00,69.00
454.00,127.00,15.58,488.00,3744.00,1025.00,16.00,79.00,31.00
455.00,134.00,15.52,585.00,3779.00,1055.00,-123.00,114.00,57.00
455.00,141.00,15.55,414.00,3616.00,1076.00,-26.00,12.00,50.00
455.00,150.00,15.58,242.00,3585.00,1014.00,-21.00,12.00,15.00
456.00,160.00,15.57,242.00,3585.00,1014.00,-21.00,12.00,15.00
457.00,171.00,15.60,408.00,3596.00,1029.00,-203.00,144.00,26.00
458.00,182.00,15.60,415.00,3893.00,1011.00,-120.00,-20.00,111.00
459.00,194.00,15.44,921.00,3935.00,1172.00,-231.00,26.00,70.00
460.00,206.00,15.45,801.00,4136.00,1244.00,-291.00,29.00,-62.00
460.00,218.00,15.47,674.00,4194.00,1327.00,-330.00,25.00,37.00
461.00,230.00,15.34,834.00,4183.00,1478.00,-394.00,70.00,-38.00
461.00,240.00,15.39,561.00,4437.00,1597.00,-392.00,35.00,25.00
461.00,251.00,15.36,931.00,4354.00,1826.00,-251.00,-69.00,98.00
459.00,260.00,15.36,992.00,4536.00,1717.00,-223.00,-19.00,-92.00
457.00,268.00,15.31,767.00,4425.00,1760.00,-306.00,10.00,-127.00
456.00,275.00,15.24,580.00,4310.00,1861.00,-224.00,-5.00,-77.00
455.00,282.00,15.21,350.00,4401.00,1651.00,-146.00,-107.00,109.00
455.00,289.00,15.17,711.00,4625.00,1585.00,-199.00,-74.00,138.00
454.00,294.00,15.08,599.00,4544.00,1632.00,-312.00,25.00,84.00
453.00,297.00,15.10,784.00,4337.00,2160.00,-223.00,59.00,-59.00
453.00,300.00,15.09,236.00,4459.00,2056.00,16.00,-104.00,123.00
453.00,302.00,15.09,658.00,4541.00,1762.00,-111.00,-32.00,226.00
452.00,304.00,15.08,862.00,4130.00,1809.00,-64.00,20.00,50.00
451.00,304.00,14.99,1459.00,4237.00,1680.00,77.00,-22.00,-20.00
449.00,305.00,14.97,1484.00,4025.00,1539.00,29.00,-63.00,-137.00
445.00,305.00,14.85,1605.00,3956.00,1431.00,16.00,-92.00,-151.00
440.00,305.00,14.86,1414.00,3906.00,1418.00,21.00,-183.00,-188.00
434.00,306.00,14.75,1156.00,3855.00,1502.00,-33.00,-201.00,-151.00
428.00,306.00,14.89,1340.00,3596.00,1712.00,0.00,-302.00,-82.00
419.00,307.00,14.91,1348.00,3494.00,1616.00,82.00,-338.00,-137.00
410.00,308.00,15.10,1150.00,3709.00,1370.00,21.00,-387.00,-151.00
400.00,310.00,15.23,1043.00,3733.00,1589.00,-20.00,-436.00,-78.00
389.00,312.00,15.30,1054.00,3655.00,1827.00,-7.00,-455.00,-49.00
378.00,314.00,15.49,1015.00,3855.00,1738.00,-25.00,-402.00,-57.00
367.00,316.00,15.53,1030.00,4160.00,1753.00,-64.00,-483.00,-15.00
354.00,317.00,15.62,1114.00,4112.00,2037.00,-107.00,-451.00,-124.00
342.00,318.00,15.61,686.00,3867.00,2093.00,1.00,-443.00,-171.00
331.00,319.00,15.62,607.00,3858.00,1885.00,-22.00,-458.00,-52.00
319.00,319.00,15.60,933.00,3871.00,1952.00,-51.00,-450.00,-30.00
308.00,319.00,15.59,954.00,3823.00,2061.00,-13.00,-339.00,-153.00
298.00,320.00,15.41,860.00,4018.00,1663.00,14.00,-459.00,67.00
289.00,321.00,15.55,860.00,4018.00,1663.00,14.00,-459.00,67.00
279.00,321.00,15.64,899.00,4174.00,1570.00,-130.00,-309.00,-60.00
269.00,320.00,15.65,1109.00,4223.00,1777.00,-47.00,-398.00,-70.00
259.00,318.00,15.84,1109.00,4223.00,1777.00,-47.00,-398.00,-70.00
250.00,317.00,15.80,746.00,4108.00,1823.00,-40.00,-253.00,-156.00
243.00,314.00,15.77,721.00,4062.00,1821.00,53.00,-321.00,-96.00
236.00,312.00,15.73,659.00,3953.00,1656.00,16.00,-254.00,-120.00
230.00,310.00,15.65,563.00,3873.00,1637.00,-17.00,-124.00,-113.00
225.00,308.00,15.68,475.00,3722.00,1728.00,16.00,-169.00,-22.00
222.00,307.00,15.57,491.00,3690.00,1697.00,32.00,-140.00,-38.00
220.00,306.00,15.59,424.00,3687.00,1566.00,-42.00,-22.00,-20.00
219.00,306.00,15.57,354.00,3754.00,1542.00,-89.00,36.00,37.00
218.00,305.00,15.59,634.00,4044.00,1545.00,-33.00,-18.00,104.00
218.00,305.00,15.45,720.00,4435.00,1533.00,-109.00,164.00,-30.00
219.00,303.00,15.46,784.00,4717.00,1581.00,-140.00,171.00,-19.00
220.00,300.00,15.36,961.00,5092.00,1680.00,23.00,116.00,-82.00
221.00,294.00,15.40,1067.00,5344.00,1678.00,34.00,168.00,-131.00
221.00,287.00,15.43,988.00,5279.00,1649.00,-49.00,263.00,-212.00
222.00,277.00,15.63,988.00,5279.00,1649.00,-49.00,263.00,-212.00
223.00,265.00,15.66,947.00,4916.00,1810.00,-31.00,211.00,-169.00
223.00,253.00,15.66,440.00,4278.00,1316.00,-158.00,382.00,-73.00
224.00,241.00,15.78,522.00,4159.00,1309.00,-214.00,272.00,31.00
225.00,228.00,15.81,857.00,4097.00,1640.00,-86.00,190.00,-24.00
225.00,215.00,15.74,888.00,4020.00,1718.00,-2.00,258.00,-129.00
226.00,203.00,15.75,425.00,3749.00,1366.00,-59.00,284.00,48.00
227.00,190.00,15.84,616.00,3715.00,1673.00,103.00,176.00,23.00
227.00,178.00,16.05,699.00,3654.00,1608.00,220.00,202.00,-67.00
228.00,166.00,16.13,350.00,3513.00,1200.00,207.00,151.00,-95.00
229.00,157.00,16.24,342.00,3355.00,1507.00,94.00,26.00,155.00
230.00,147.00,16.26,498.00,3503.00,1771.00,222.00,80.00,-4.00
231.00,138.00,16.17,344.00,3538.00,1341.00,182.00,-7.00,195.00
233.00,131.00,16.13,614.00,3700.00,1349.00,207.00,-15.00,93.00
235.00,123.00,15.99,465.00,3728.00,1057.00,266.00,40.00,-35.00
235.00,117.00,15.98,409.00,3798.00,936.00,225.00,-80.00,115.00
237.00,111.00,16.06,409.00,3798.00,936.00,225.00,-80.00,115.00
238.00,105.00,16.12,493.00,3819.00,1005.00,218.00,-92.00,74.00
238.00,101.00,16.01,326.00,3669.00,971.00,175.00,-39.00,34.00
240.00,97.00,16.00,440.00,3448.00,1139.00,106.00,-63.00,119.00
240.00,94.00,15.99,334.00,3191.00,1188.00,122.00,-22.00,62.00
242.00,93.00,15.91,318.00,3254.00,1090.00,68.00,12.00,63.00
244.00,93.00,15.81,218.00,3613.00,996.00,101.00,55.00,60.00
246.00,95.00,15.78,285.00,3800.00,844.00,114.00,57.00,41.00
250.00,97.00,15.74,378.00,4226.00,865.00,93.00,110.00,16.00
252.00,99.00,15.72,430.00,4435.00,804.00,58.00,118.00,73.00
255.00,100.00,15.57,421.00,4468.00,1027.00,24.00,81.00,30.00
258.00,101.00,15.62,248.00,4485.00,1234.00,-30.00,190.00,-16.00
262.00,101.00,15.75,134.00,4526.00,1223.00,6.00,209.00,-20.00
267.00,101.00,15.78,-53.00,4398.00,1312.00,56.00,204.00,-4.00
272.00,101.00,15.74,-67.00,4362.00,1240.00,109.00,250.00,11.00
280.00,100.00,15.71,-198.00,4154.00,1093.00,124.00,291.00,103.00
288.00,99.00,15.68,-11.00,4163.00,1089.00,87.00,285.00,159.00
297.00,99.00,15.68,28.00,4162.00,982.00,65.00,343.00,132.00
307.00,99.00,15.73,64.00,4074.00,779.00,82.00,343.00,248.00
317.00,99.00,15.77,263.00,4075.00,740.00,78.00,309.00,235.00
327.00,99.00,15.65,145.00,3956.00,657.00,-5.00,329.00,186.00
338.00,99.00,15.72,327.00,4079.00,948.00,11.00,331.00,286.00
349.00,100.00,15.90,589.00,4211.00,913.00,84.00,313.00,369.00
360.00,101.00,15.82,712.00,4310.00,879.00,53.00,284.00,303.00
371.00,101.00,15.68,838.00,4329.00,898.00,24.00,290.00,251.00
381.00,102.00,15.66,669.00,4209.00,959.00,60.00,324.00,242.00
392.00,102.00,15.72,1042.00,4204.00,767.00,99.00,239.00,289.00
402.00,102.50,15.62,975.00,4106.00,690.00,99.00,233.00,195.00
409.00,103.00,15.61,1117.00,3937.00,639.00,34.00,219.00,164.00
418.00,104.00,15.62,1148.00,4031.00,563.00,-5.00,208.00,39.00
427.00,106.50,15.61,1218.00,4075.00,702.00,-90.00,254.00,35.00
432.00,106.00,15.57,1003.00,3952.00,834.00,-134.00,286.00,16.00
438.00,106.00,15.41,1047.00,3986.00,842.00,-55.00,170.00,153.00
444.00,108.00,15.40,1294.00,4119.00,887.00,-73.00,174.00,134.00
450.00,109.00,15.47,1647.00,4158.00,995.00,-13.00,139.00,151.00
454.00,110.00,15.42,1929.00,4182.00,952.00,23.00,47.00,127.00
455.00,110.00,15.48,1757.00,4090.00,937.00,-61.00,115.00,-20.00
456.00,111.00,15.50,1605.00,4054.00,1118.00,-5.00,56.00,-36.00
455.00,111.00,15.46,1533.00,4125.00,1113.00,109.00,15.00,-62.00
423.00,98.00,15.44,320.00,3542.00,622.00,-100.00,-158.00,72.00
425.00,101.00,15.45,511.00,3457.00,959.00,-156.00,-109.00,171.00
425.00,104.00,15.51,823.00,3840.00,1337.00,16.00,61.00,-48.00
424.00,108.00,15.51,823.00,3840.00,1337.00,16.00,61.00,-48.00
423.00,112.00,15.46,722.00,3827.00,1268.00,27.00,123.00,26.00
422.00,117.00,15.45,261.00,3748.00,1125.00,36.00,90.00,-8.00
422.00,123.00,15.47,349.00,3830.00,868.00,52.00,90.00,134.00
422.00,130.00,15.49,606.00,3851.00,755.00,16.00,109.00,134.00
421.00,137.00,15.50,510.00,3819.00,845.00,-71.00,156.00,84.00
421.00,145.00,15.59,804.00,3794.00,1116.00,15.00,92.00,99.00
421.00,153.00,15.47,767.00,3742.00,582.00,3.00,88.00,31.00
420.00,162.00,15.42,573.00,3637.00,466.00,-188.00,204.00,-51.00
419.00,172.00,15.47,392.00,3629.00,804.00,-267.00,153.00,-17.00
421.00,182.00,15.66,315.00,3849.00,929.00,-254.00,116.00,99.00
421.00,194.00,15.66,569.00,3899.00,1095.00,-296.00,116.00,272.00
422.00,205.00,15.57,774.00,3982.00,1146.00,-300.00,70.00,200.00
423.00,217.00,15.57,517.00,3964.00,1274.00,-362.00,66.00,135.00
424.00,228.00,15.59,671.00,4069.00,1561.00,-439.00,109.00,117.00
425.00,240.00,15.61,671.00,4069.00,1561.00,-439.00,109.00,117.00
425.00,251.00,15.54,664.00,4221.00,1719.00,-319.00,76.00,33.00
426.00,261.00,15.56,809.00,4207.00,1779.00,-359.00,91.00,38.00
427.00,271.00,15.43,785.00,4449.00,1751.00,-294.00,62.00,26.00
427.00,280.00,15.40,904.00,4500.00,1944.00,-320.00,34.00,8.00
427.00,287.00,15.36,972.00,4463.00,2102.00,-394.00,154.00,-109.00
427.00,293.00,15.29,611.00,4502.00,1957.00,-292.00,69.00,-66.00
427.00,298.00,15.24,845.00,4556.00,2065.00,-238.00,-21.00,127.00
427.00,301.00,15.23,1089.00,4708.00,2120.00,-127.00,5.00,-40.00
426.00,302.00,15.14,1021.00,4820.00,1971.00,-84.00,17.00,-13.00
425.00,302.00,15.15,1211.00,4572.00,2234.00,37.00,-55.00,-70.00
423.00,301.00,15.12,1199.00,4504.00,2171.00,194.00,-108.00,-110.00
421.00,298.00,14.98,1339.00,4255.00,1857.00,257.00,-105.00,-84.00
417.00,295.00,14.95,1587.00,4040.00,1675.00,249.00,-223.00,-57.00
412.00,292.00,14.86,1501.00,3836.00,1547.00,210.00,-210.00,-205.00
405.00,288.00,14.96,1310.00,3736.00,1454.00,209.00,-227.00,-202.00
397.00,286.00,14.85,1410.00,3720.00,1483.00,213.00,-345.00,-145.00
389.00,283.00,14.86,1030.00,3723.00,1398.00,149.00,-346.00,-241.00
379.00,282.00,14.98,793.00,3672.00,1469.00,43.00,-341.00,-251.00
370.00,280.00,15.10,677.00,3591.00,1635.00,57.00,-371.00,-197.00
362.00,280.00,15.14,419.00,3571.00,1576.00,80.00,-382.00,-142.00
354.00,279.00,15.21,540.00,3790.00,1610.00,28.00,-385.00,-59.00
345.00,279.00,15.21,675.00,3826.00,1507.00,2.00,-362.00,-25.00
336.00,279.00,15.23,796.00,3979.00,1474.00,-17.00,-333.00,-87.00
327.00,278.00,15.46,812.00,4072.00,1537.00,-11.00,-365.00,-134.00
318.00,278.00,15.24,739.00,3997.00,1579.00,-2.00,-393.00,-90.00
308.00,277.00,15.25,848.00,3893.00,1576.00,1.00,-318.00,-193.00
299.00,277.00,15.21,457.00,3755.00,1328.00,1.00,-342.00,-98.00
292.00,276.50,15.44,650.00,3822.00,1556.00,-34.00,-324.00,-88.00
281.00,278.00,15.32,604.00,3758.00,1534.00,-42.00,-272.00,-109.00
273.00,279.00,15.32,584.00,3708.00,1476.00,9.00,-262.00,-109.00
265.50,283.00,15.41,525.00,3668.00,1327.00,-70.00,-262.00,-39.00
258.00,283.00,15.32,710.00,3758.00,1213.00,-36.00,-315.00,32.00
251.00,285.00,15.59,664.00,3880.00,1408.00,-138.00,-284.00,-58.00
244.00,288.00,15.35,498.00,3948.00,1492.00,-178.00,-184.00,-90.00
237.00,290.00,15.26,276.00,4125.00,1515.00,-137.00,-231.00,-22.00
231.00,292.00,15.18,288.00,4275.00,1759.00,-189.00,-179.00,10.00
227.00,294.00,15.10,300.00,4329.00,1888.00,-141.00,-109.00,-99.00
226.00,295.00,15.09,-132.00,4329.00,1817.00,-74.00,-49.00,-82.00
225.00,295.00,15.05,144.00,4612.00,1773.00,-31.00,-58.00,117.00
225.00,293.00,15.04,406.00,4732.00,1679.00,9.00,37.00,-49.00
225.00,291.00,15.03,302.00,4724.00,1623.00,54.00,101.00,-69.00
226.00,288.00,15.04,418.00,4765.00,1493.00,107.00,51.00,42.00
227.00,283.00,15.02,743.00,4941.00,1273.00,114.00,170.00,-218.00
228.00,277.00,14.95,405.00,4906.00,1095.00,40.00,210.00,-224.00
228.00,270.00,14.86,418.00,4871.00,1174.00,-81.00,152.00,-47.00
228.00,262.00,14.87,844.00,4884.00,1373.00,74.00,210.00,-232.00
228.00,253.00,14.86,419.00,4647.00,1129.00,-122.00,266.00,-163.00
228.00,243.00,14.94,519.00,4413.00,1645.00,-118.00,203.00,22.00
228.00,233.00,15.00,563.00,4419.00,1542.00,83.00,220.00,-103.00
229.00,222.00,15.15,306.00,4289.00,1028.00,-5.00,219.00,-8.00
230.00,211.00,15.29,613.00,4048.00,1602.00,-26.00,227.00,30.00
230.00,199.00,15.34,410.00,3957.00,1738.00,156.00,128.00,-102.00
231.00,188.00,15.38,149.00,3842.00,1583.00,236.00,110.00,-13.00
232.00,178.00,15.36,526.00,3882.00,1330.00,143.00,76.00,40.00
232.00,167.00,15.32,427.00,3786.00,1166.00,276.00,112.00,-174.00
233.00,157.00,15.42,218.00,3728.00,905.00,285.00,102.00,-24.00
234.00,148.00,15.37,365.00,3771.00,811.00,228.00,23.00,47.00
233.00,139.00,15.35,458.00,3900.00,1055.00,168.00,17.00,-63.00
233.00,131.00,15.38,197.00,3904.00,1112.00,186.00,88.00,-131.00
234.00,123.00,15.35,91.00,3825.00,980.00,219.00,-30.00,-18.00
234.00,116.00,15.37,139.00,3723.00,865.00,209.00,-114.00,89.00
234.00,109.00,15.28,238.00,3561.00,897.00,130.00,35.00,-30.00
235.00,105.00,15.28,-245.00,3078.00,800.00,89.00,18.00,26.00
237.00,102.00,15.39,1.00,2999.00,1076.00,5.00,39.00,92.00
239.00,100.00,15.43,-282.00,3169.00,1055.00,-6.00,94.00,134.00
242.00,101.00,15.45,-168.00,3634.00,1110.00,107.00,31.00,167.00
246.00,102.00,15.49,-58.00,4036.00,1086.00,46.00,106.00,132.00
250.00,104.00,15.37,36.00,4341.00,1094.00,41.00,232.00,32.00
256.00,105.00,15.44,-272.00,4486.00,1133.00,25.00,239.00,99.00
262.00,107.00,15.44,-33.00,4655.00,1123.00,96.00,221.00,179.00
269.00,107.00,15.44,86.00,4741.00,939.00,113.00,323.00,100.00
276.00,107.00,15.44,18.00,4666.00,795.00,105.00,272.00,196.00
284.00,106.00,15.40,220.00,4517.00,714.00,103.00,265.00,150.00
292.00,105.00,15.37,-5.00,4247.00,741.00,57.00,309.00,140.00
300.00,104.00,15.34,75.00,4180.00,760.00,13.00,301.00,222.00
309.00,102.00,15.35,196.00,4209.00,737.00,39.00,273.00,198.00
318.00,101.00,15.32,207.00,4154.00,704.00,55.00,247.00,223.00
327.00,101.00,15.31,487.00,4194.00,723.00,69.00,216.00,273.00
336.00,100.00,15.33,595.00,4196.00,719.00,40.00,293.00,145.00
344.00,99.00,15.32,395.00,4073.00,594.00,21.00,268.00,274.00
353.00,99.00,15.34,485.00,4082.00,529.00,-33.00,233.00,195.00
362.00,99.00,15.33,531.00,4064.00,644.00,-50.00,315.00,172.00
371.00,100.00,15.21,531.00,4064.00,644.00,-50.00,315.00,172.00
380.00,100.00,15.22,552.00,4029.00,510.00,5.00,252.00,231.00
388.00,101.00,15.15,871.00,4085.00,588.00,-43.00,168.00,214.00
396.00,102.00,15.16,876.00,4086.00,773.00,-82.00,254.00,74.00
404.00,103.00,15.17,640.00,3986.00,851.00,-111.00,296.00,117.00
411.00,104.00,15.16,927.00,4246.00,883.00,-10.00,171.00,219.00
418.00,105.00,15.18,1053.00,4270.00,767.00,12.00,174.00,153.00
424.00,106.00,15.16,1237.00,4142.00,797.00,-63.00,150.00,179.00
429.00,107.00,15.17,1700.00,4289.00,948.00,14.00,61.00,114.00
431.00,107.00,15.13,1433.00,4151.00,862.00,-47.00,178.00,-63.00
433.00,108.00,15.12,1312.00,4035.00,971.00,22.00,74.00,66.00
433.00,108.00,15.14,1292.00,4169.00,778.00,111.00,-54.00,34.00
459.00,99.00,15.30,528.00,4402.00,750.00,21.00,-161.00,124.00
459.00,99.00,15.36,943.00,4302.00,786.00,64.00,-68.00,-119.00
458.00,99.00,15.15,590.00,3954.00,849.00,87.00,-18.00,-97.00
458.00,99.00,15.16,520.00,3606.00,878.00,52.00,63.00,5.00
457.00,101.00,15.16,415.00,3405.00,895.00,84.00,18.00,19.00
457.00,103.00,15.13,350.00,3217.00,586.00,122.00,-29.00,73.00
457.00,107.00,15.07,527.00,3157.00,354.00,-3.00,62.00,32.00
457.00,113.00,15.06,237.00,3242.00,584.00,-82.00,103.00,26.00
458.00,120.00,15.03,685.00,3546.00,581.00,23.00,109.00,93.00
459.00,128.00,15.09,755.00,3622.00,576.00,29.00,5.00,24.00
459.00,137.00,15.28,384.00,3723.00,780.00,-86.00,78.00,-1.00
459.00,147.00,15.30,573.00,3710.00,859.00,-41.00,61.00,11.00
459.00,158.00,15.29,341.00,3789.00,620.00,-8.00,-72.00,71.00
460.00,169.00,15.39,425.00,4050.00,675.00,-172.00,41.00,91.00
461.00,180.00,15.38,700.00,4191.00,1007.00,-327.00,133.00,118.00
461.00,191.00,15.25,661.00,4348.00,1129.00,-57.00,-59.00,132.00
461.00,201.00,15.23,675.00,4458.00,1075.00,-356.00,133.00,-74.00
461.00,212.00,15.08,595.00,4391.00,1229.00,-184.00,4.00,-50.00
461.00,221.00,15.07,939.00,4437.00,1195.00,-129.00,-36.00,59.00
460.00,231.00,14.94,939.00,4437.00,1195.00,-129.00,-36.00,59.00
459.00,239.00,15.01,573.00,4526.00,1011.00,-328.00,90.00,-29.00
458.00,247.00,15.06,730.00,4544.00,1654.00,-210.00,-58.00,43.00
457.00,254.00,15.02,628.00,4586.00,1301.00,-94.00,-33.00,37.00
456.00,260.00,15.04,699.00,4508.00,1286.00,-221.00,4.00,-21.00
454.00,266.00,15.07,584.00,4291.00,1484.00,-173.00,-11.00,-20.00
453.00,271.00,15.04,523.00,4101.00,1486.00,-121.00,9.00,19.00
451.00,276.00,14.96,660.00,4196.00,1374.00,-27.00,-36.00,25.00
450.00,282.00,14.87,434.00,4147.00,1260.00,3.00,-46.00,33.00
449.00,287.00,14.80,546.00,4077.00,1277.00,-117.00,35.00,60.00
448.00,292.00,14.71,532.00,4159.00,1106.00,-36.00,-14.00,58.00
447.00,296.00,14.68,657.00,4245.00,1289.00,-42.00,-62.00,87.00
446.00,301.00,14.65,749.00,4455.00,1254.00,-101.00,-13.00,21.00
445.00,304.00,14.63,689.00,4480.00,1182.00,-151.00,25.00,-7.00
444.00,306.00,14.68,563.00,4727.00,1451.00,-64.00,-58.00,37.00
443.00,308.00,14.69,1008.00,4983.00,1398.00,12.00,-74.00,117.00
442.00,308.00,14.63,1167.00,5016.00,1293.00,42.00,-26.00,36.00
439.00,306.00,14.58,1465.00,4737.00,1112.00,77.00,-74.00,-41.00
435.00,305.00,14.58,1567.00,3874.00,990.00,189.00,-145.00,-165.00
429.00,305.00,14.48,1279.00,3760.00,654.00,177.00,-225.00,-143.00
423.00,304.00,14.49,1341.00,3804.00,818.00,33.00,-248.00,-77.00
415.00,305.00,14.51,1173.00,3776.00,1186.00,86.00,-282.00,-129.00
407.00,306.00,14.68,899.00,3689.00,894.00,137.00,-382.00,12.00
399.00,307.00,14.69,901.00,3859.00,789.00,11.00,-329.00,56.00
390.00,308.00,14.72,1012.00,4049.00,1187.00,-26.00,-349.00,-10.00
381.00,310.00,14.75,888.00,3905.00,1304.00,21.00,-391.00,14.00
372.00,312.00,14.89,791.00,3989.00,1084.00,-13.00,-363.00,78.00
362.00,314.00,14.96,829.00,4212.00,1018.00,-38.00,-365.00,17.00
353.00,316.00,14.98,669.00,4197.00,1258.00,-3.00,-404.00,10.00
343.00,317.00,15.21,848.00,4070.00,1340.00,-18.00,-344.00,38.00
334.00,319.00,15.20,796.00,4159.00,1181.00,-10.00,-301.00,-23.00
325.00,320.00,15.11,782.00,4157.00,1144.00,-3.00,-357.00,18.00
315.00,321.00,15.06,943.00,4189.00,1139.00,-43.00,-298.00,-117.00
306.00,322.00,15.09,764.00,4139.00,1183.00,-74.00,-300.00,-121.00
297.00,323.00,15.20,721.00,4231.00,1001.00,14.00,-394.00,12.00
288.00,324.00,15.33,989.00,4289.00,1028.00,-138.00,-304.00,-115.00
279.00,324.00,15.37,557.00,4045.00,1330.00,-155.00,-249.00,-166.00
272.00,325.00,15.38,510.00,4017.00,1318.00,-42.00,-313.00,-4.00
264.00,325.00,15.45,391.00,4264.00,1118.00,-140.00,-209.00,-8.00
258.00,326.00,15.40,501.00,4410.00,1328.00,-151.00,-207.00,7.00
254.00,325.00,15.39,514.00,4603.00,1410.00,-34.00,-174.00,-27.00
249.00,324.00,15.31,572.00,4673.00,1121.00,-35.00,-104.00,-43.00
245.00,322.00,15.24,708.00,4566.00,914.00,-59.00,-77.00,-32.00
243.00,319.00,15.23,662.00,4550.00,896.00,7.00,-115.00,-61.00
240.00,316.00,15.25,801.00,4520.00,1008.00,5.00,-55.00,-41.00
237.00,313.00,15.17,739.00,4360.00,951.00,-67.00,17.00,-61.00
235.00,309.00,15.19,411.00,4309.00,1312.00,66.00,-18.00,-72.00
233.00,305.00,15.16,613.00,4470.00,1153.00,-126.00,102.00,33.00
232.00,301.00,15.17,638.00,4679.00,1104.00,-131.00,166.00,-200.00
231.00,296.00,15.20,521.00,4815.00,975.00,-143.00,141.00,-118.00
230.00,290.00,15.29,729.00,5036.00,1110.00,-206.00,257.00,-214.00
229.00,283.00,15.27,549.00,4930.00,1068.00,-119.00,144.00,-250.00
229.00,274.00,15.26,469.00,4868.00,976.00,-83.00,64.00,-188.00
228.00,264.00,15.36,405.00,4688.00,805.00,-205.00,49.00,-47.00
227.00,254.00,15.39,906.00,4594.00,1208.00,-196.00,352.00,-262.00
225.00,243.00,15.53,168.00,4456.00,1082.00,-105.00,101.00,-139.00
225.00,232.00,15.72,281.00,4374.00,1322.00,-276.00,172.00,23.00
224.00,220.00,15.69,653.00,4384.00,1569.00,-210.00,391.00,-242.00
224.00,208.00,15.73,-126.00,3968.00,1621.00,177.00,67.00,52.00
225.00,195.00,15.73,603.00,4109.00,1705.00,265.00,219.00,-63.00
226.00,183.00,15.76,196.00,3951.00,1351.00,175.00,349.00,-257.00
227.00,171.00,15.56,-4.00,3804.00,1096.00,87.00,143.00,79.00
229.00,159.00,15.66,315.00,3696.00,1638.00,250.00,241.00,-152.00
231.00,148.00,15.70,-104.00,3557.00,1203.00,267.00,159.00,-10.00
233.00,138.00,15.81,154.00,3598.00,1023.00,85.00,186.00,124.00
236.00,129.00,15.82,301.00,3653.00,1110.00,193.00,185.00,-18.00
240.50,121.00,15.73,180.00,3525.00,674.00,334.00,26.00,59.00
241.00,114.00,15.59,230.00,3376.00,358.00,269.00,-37.00,144.00
243.00,108.00,15.53,528.00,3384.00,506.00,103.00,50.00,18.00
244.00,103.00,15.46,229.00,3376.00,495.00,57.00,59.00,-44.00
246.00,100.00,15.34,234.00,3340.00,667.00,151.00,-75.00,121.00
246.00,98.00,15.32,307.00,3413.00,667.00,45.00,-33.00,95.00
247.00,98.00,15.31,39.00,3407.00,809.00,-31.00,71.00,11.00
248.00,98.00,15.31,67.00,3532.00,891.00,43.00,-28.00,129.00
250.00,99.00,15.24,128.00,4151.00,862.00,50.00,24.00,87.00
251.00,100.00,15.31,395.00,4554.00,815.00,-30.00,83.00,71.00
252.00,101.00,15.33,344.00,4648.00,879.00,43.00,68.00,36.00
254.00,101.00,15.26,284.00,4595.00,891.00,67.00,-1.00,65.00
254.00,101.00,15.29,-48.00,4500.00,1084.00,49.00,87.00,-30.00
257.00,100.00,15.35,-280.00,4317.00,1065.00,64.00,105.00,65.00
260.00,99.00,15.34,-392.00,4195.00,1006.00,89.00,150.00,100.00
264.00,99.00,15.26,-171.00,4120.00,1036.00,88.00,159.00,152.00
270.00,98.00,15.16,-171.00,4120.00,1036.00,88.00,159.00,152.00
276.00,97.00,15.09,-255.00,4033.00,727.00,103.00,222.00,84.00
283.00,98.00,15.11,-292.00,3955.00,614.00,26.00,256.00,105.00
291.00,98.00,15.09,-46.00,4103.00,588.00,17.00,263.00,185.00
299.00,98.00,15.10,-138.00,3988.00,532.00,0.00,305.00,172.00
307.00,98.00,15.17,-19.00,3977.00,541.00,-2.00,284.00,269.00
316.00,99.00,15.23,-47.00,3812.00,626.00,-56.00,320.00,206.00
325.50,102.00,15.24,155.00,3932.00,716.00,25.00,297.00,274.00
337.00,103.00,15.25,446.00,4145.00,701.00,29.00,276.00,282.00
347.00,105.00,15.20,691.00,4333.00,621.00,-60.00,283.00,240.00
356.00,107.00,15.16,984.00,4437.00,912.00,7.00,324.00,88.00
363.50,110.00,15.13,834.00,4410.00,547.00,91.00,284.00,41.00
373.50,111.50,15.09,888.00,4433.00,480.00,47.00,272.00,87.00
379.00,111.00,15.02,991.00,4422.00,505.00,-73.00,295.00,13.00
385.00,112.00,14.98,457.00,4085.00,639.00,-136.00,314.00,-161.00
393.50,114.50,14.98,174.00,4035.00,823.00,-9.00,229.00,129.00
399.00,114.00,14.97,563.00,4231.00,658.00,48.00,110.00,206.00
405.00,116.00,14.91,771.00,4212.00,711.00,-14.00,211.00,54.00
411.00,117.00,14.84,313.00,4006.00,694.00,-57.00,248.00,-48.00
418.00,119.00,14.70,740.00,4114.00,695.00,57.00,118.00,234.00
423.00,121.00,14.60,1399.00,4438.00,474.00,48.00,166.00,56.00
427.00,122.00,14.66,1528.00,4639.00,486.00,-6.00,137.00,-18.00
429.00,122.00,14.58,1623.00,4503.00,654.00,-10.00,130.00,-38.00
429.00,122.00,14.64,1362.00,4342.00,595.00,51.00,94.00,-66.00
428.00,121.00,14.72,1119.00,4291.00,593.00,73.00,-19.00,-55.00
428.00,121.00,14.68,615.00,4228.00,643.00,-35.00,47.00,-49.00
426.00,121.00,14.76,365.00,4191.00,786.00,-42.00,-6.00,-2.00
425.00,120.00,14.76,241.00,4178.00,982.00,51.00,-22.00,18.00
449.00,106.00,14.62,371.00,4436.00,605.00,0.00,-133.00,190.00
449.00,106.00,14.67,517.00,4167.00,827.00,-86.00,-245.00,64.00
449.00,107.00,14.76,33.00,4133.00,888.00,-9.00,-105.00,96.00
449.00,108.00,14.78,598.00,4078.00,1036.00,84.00,-167.00,243.00
448.00,110.00,14.73,683.00,3956.00,1075.00,130.00,-60.00,-36.00
446.00,112.00,14.70,119.00,3688.00,656.00,56.00,24.00,14.00
446.00,115.00,14.68,144.00,3497.00,593.00,34.00,-21.00,38.00
446.00,120.00,14.71,166.00,3280.00,607.00,-13.00,43.00,-38.00
445.00,126.00,14.74,355.00,3485.00,456.00,17.00,81.00,-22.00
445.00,134.00,14.76,474.00,3749.00,605.00,17.00,48.00,84.00
445.00,142.00,14.79,593.00,3841.00,654.00,33.00,70.00,122.00
444.00,151.00,14.84,504.00,3848.00,552.00,-65.00,92.00,13.00
443.00,161.00,14.95,-16.00,3666.00,1030.00,-25.00,44.00,-42.00
443.00,171.00,14.94,-52.00,3681.00,704.00,-105.00,57.00,210.00
443.00,183.00,14.87,387.00,4027.00,529.00,-151.00,25.00,88.00
443.00,194.00,14.81,-3.00,3848.00,584.00,-227.00,73.00,9.00
444.00,207.00,14.80,331.00,4119.00,843.00,-231.00,48.00,281.00
445.00,218.00,14.80,959.00,4553.00,744.00,-132.00,-40.00,169.00
445.00,230.00,14.75,735.00,4535.00,772.00,-310.00,31.00,-23.00
445.00,240.00,14.72,654.00,4517.00,819.00,-428.00,133.00,11.00
444.00,251.00,14.68,733.00,4541.00,920.00,-352.00,18.00,8.00
443.00,261.00,14.65,690.00,4453.00,1130.00,-476.00,70.00,-218.00
442.00,270.00,14.63,229.00,4227.00,1334.00,-389.00,37.00,-148.00
442.00,280.00,14.56,-14.00,4179.00,1331.00,-391.00,-13.00,17.00
442.00,288.00,14.55,530.00,4374.00,1543.00,-370.00,-20.00,90.00
441.00,297.00,14.58,468.00,4449.00,1459.00,-321.00,-9.00,-36.00
442.00,305.00,14.60,-63.00,4303.00,1569.00,-538.00,50.00,51.00
443.00,312.00,14.60,155.00,4580.00,1882.00,-465.00,63.00,111.00
444.00,316.00,14.60,652.00,5138.00,1914.00,-230.00,-28.00,161.00
444.00,319.00,14.60,842.00,5302.00,1975.00,-254.00,128.00,-15.00
443.00,319.00,14.48,693.00,5098.00,1991.00,-120.00,69.00,-57.00
442.00,319.00,14.43,751.00,4778.00,1780.00,53.00,-11.00,-9.00
441.00,317.00,14.36,1217.00,4711.00,1552.00,190.00,-41.00,-23.00
438.00,315.00,14.32,1331.00,4501.00,1398.00,125.00,-31.00,-198.00
434.00,313.00,14.34,1381.00,3989.00,1443.00,260.00,-204.00,-48.00
429.00,311.00,14.30,1071.00,3819.00,892.00,197.00,-220.00,-161.00
422.00,311.00,14.29,1089.00,3683.00,1135.00,89.00,-303.00,-54.00
415.00,310.00,14.33,1227.00,3685.00,1291.00,240.00,-403.00,35.00
406.00,310.00,14.30,1089.00,3916.00,1012.00,155.00,-391.00,-95.00
397.00,310.00,14.46,786.00,3878.00,1296.00,-78.00,-352.00,-113.00
388.00,310.00,14.56,807.00,3830.00,1588.00,32.00,-446.00,-20.00
378.00,311.00,14.76,813.00,3759.00,1450.00,66.00,-479.00,8.00
367.00,312.00,14.81,602.00,3905.00,1583.00,-82.00,-434.00,29.00
357.00,313.00,14.81,602.00,3905.00,1583.00,-82.00,-434.00,29.00
346.00,314.00,14.94,635.00,3899.00,1680.00,-51.00,-452.00,8.00
336.00,315.00,15.04,672.00,3928.00,1724.00,-5.00,-431.00,15.00
326.00,316.00,15.18,675.00,4165.00,1360.00,-18.00,-430.00,99.00
314.00,316.00,15.24,1062.00,4363.00,1397.00,-55.00,-445.00,46.00
303.00,316.00,15.36,1021.00,4358.00,1430.00,-108.00,-399.00,-94.00
293.00,315.00,15.16,651.00,4226.00,1528.00,-84.00,-385.00,-123.00
282.00,314.00,15.17,859.00,4409.00,1600.00,5.00,-408.00,-128.00
269.50,310.00,15.17,663.00,4367.00,1544.00,-36.00,-329.00,-195.00
262.00,310.00,15.07,648.00,4329.00,1492.00,-20.00,-338.00,-212.00
254.00,307.00,15.04,287.00,3989.00,1554.00,16.00,-304.00,-203.00
246.00,305.00,14.92,178.00,3793.00,1522.00,28.00,-237.00,-195.00
241.00,303.00,14.93,-14.00,3714.00,1444.00,73.00,-261.00,-120.00
236.00,303.00,14.74,59.00,3728.00,1333.00,79.00,-199.00,-67.00
233.00,302.00,14.63,-29.00,3628.00,1274.00,-93.00,-75.00,-37.00
230.00,303.00,14.64,170.00,3862.00,1335.00,-56.00,-92.00,33.00
229.00,303.00,14.57,318.00,4067.00,1283.00,19.00,-63.00,6.00
228.00,303.00,14.58,305.00,4811.00,1400.00,-150.00,80.00,-65.00
228.00,301.00,14.59,374.00,4967.00,1451.00,-122.00,100.00,-100.00
228.00,298.00,14.53,450.00,5286.00,1404.00,29.00,128.00,-73.00
228.00,293.00,14.53,719.00,5301.00,1245.00,-17.00,219.00,-239.00
228.00,286.00,14.58,496.00,4957.00,1210.00,70.00,203.00,-261.00
228.00,278.00,14.58,634.00,4801.00,1028.00,131.00,209.00,-244.00
227.00,269.00,14.66,333.00,4593.00,761.00,-139.00,251.00,-234.00
226.00,260.00,14.63,432.00,4422.00,1330.00,-29.00,222.00,-207.00
226.00,250.00,14.69,152.00,4377.00,1195.00,191.00,70.00,-62.00
226.00,241.00,14.77,303.00,4377.00,893.00,-36.00,200.00,-13.00
225.00,230.00,14.73,547.00,4266.00,1296.00,-193.00,332.00,-179.00
225.00,220.00,14.75,72.00,4061.00,1537.00,82.00,216.00,-167.00
226.00,210.00,14.79,-91.00,4110.00,1103.00,206.00,29.00,180.00
227.00,199.00,14.89,427.00,4206.00,1116.00,43.00,293.00,-50.00
226.00,189.00,14.84,11.00,3992.00,1019.00,67.00,199.00,-60.00
226.00,179.00,14.84,210.00,4080.00,1061.00,248.00,-6.00,121.00
226.00,169.00,14.94,-133.00,3862.00,892.00,142.00,175.00,-75.00
226.00,159.00,15.12,65.00,3864.00,846.00,293.00,-120.00,238.00
226.00,149.00,15.08,363.00,4048.00,723.00,188.00,49.00,-19.00
226.00,140.00,15.10,308.00,3819.00,620.00,33.00,153.00,-52.00
225.00,132.00,15.12,202.00,3746.00,681.00,168.00,-29.00,17.00
224.00,124.00,15.16,175.00,3648.00,943.00,77.00,38.00,3.00
223.00,117.00,15.24,-240.00,3347.00,1138.00,59.00,57.00,6.00
223.00,111.00,15.04,-155.00,3146.00,1135.00,297.00,-186.00,191.00
224.00,107.00,15.08,-150.00,3145.00,932.00,195.00,-75.00,136.00
226.00,105.00,15.10,-190.00,3235.00,678.00,28.00,42.00,216.00
228.00,104.00,15.03,104.00,3646.00,728.00,101.00,-10.00,135.00
230.00,103.00,15.00,110.00,3744.00,734.00,57.00,13.00,114.00
232.00,103.00,15.05,-16.00,3890.00,932.00,12.00,147.00,3.00
235.00,104.00,15.02,-276.00,3956.00,820.00,8.00,119.00,115.00
239.00,104.00,15.04,-90.00,4166.00,909.00,-28.00,185.00,33.00
244.00,106.00,15.07,-300.00,4160.00,1089.00,15.00,223.00,-17.00
249.00,106.00,15.16,-485.00,4142.00,1027.00,52.00,240.00,31.00
257.00,108.00,15.22,-587.00,4068.00,783.00,-53.00,291.00,162.00
265.00,109.00,15.23,-105.00,4398.00,840.00,-39.00,287.00,157.00
273.00,110.00,15.25,-163.00,4319.00,875.00,7.00,338.00,135.00
282.00,110.00,15.32,-134.00,4265.00,877.00,-23.00,316.00,185.00
291.50,112.00,15.31,-100.00,4315.00,858.00,18.00,374.00,157.00
302.00,112.00,15.37,235.00,4384.00,819.00,82.00,361.00,239.00
313.00,111.50,15.36,298.00,4363.00,747.00,91.00,402.00,160.00
323.50,112.50,15.24,130.00,4301.00,543.00,52.00,380.00,126.00
332.50,113.00,15.24,346.00,4232.00,468.00,43.00,402.00,195.00
344.00,113.00,15.23,284.00,4112.00,518.00,-33.00,374.00,171.00
354.00,114.00,15.16,247.00,4087.00,619.00,-34.00,335.00,168.00
365.50,115.50,15.11,469.00,4087.00,646.00,0.00,294.00,226.00
374.50,116.00,15.13,336.00,3990.00,582.00,-28.00,324.00,243.00
384.00,118.00,15.02,669.00,4143.00,582.00,-63.00,339.00,206.00
394.00,119.00,15.04,879.00,4415.00,580.00,6.00,230.00,325.00
403.00,120.00,15.03,1279.00,4564.00,598.00,50.00,183.00,257.00
412.50,122.50,15.04,1147.00,4478.00,499.00,-32.00,234.00,91.00
417.00,120.00,15.02,957.00,4297.00,712.00,-96.00,197.00,185.00
423.00,120.00,14.95,1064.00,4321.00,818.00,-27.00,112.00,154.00
429.00,119.00,14.90,1029.00,4340.00,728.00,19.00,105.00,131.00
433.00,119.00,14.89,1105.00,4400.00,735.00,-10.00,77.00,169.00
438.00,117.00,14.90,1066.00,4305.00,704.00,-23.00,45.00,102.00
441.00,116.00,14.89,1031.00,4122.00,984.00,-20.00,21.00,130.00
443.00,116.00,14.92,1172.00,3970.00,1003.00,56.00,12.00,105.00
444.00,115.00,15.03,985.00,3957.00,569.00,-17.00,-9.00,136.00
446.00,115.00,15.01,1111.00,3925.00,792.00,-56.00,10.00,126.00
446.00,115.00,15.12,1204.00,3910.00,945.00,-7.00,4.00,92.00
446.00,115.00,14.97,1142.00,3962.00,934.00,25.00,2.00,47.00
467.00,98.00,14.91,855.00,3991.00,830.00,75.00,-36.00,126.00
467.00,99.00,15.11,781.00,3921.00,996.00,-48.00,-115.00,-8.00
467.00,100.00,15.10,782.00,3710.00,1051.00,75.00,-153.00,-26.00
467.00,102.00,15.06,908.00,3583.00,868.00,183.00,-57.00,-58.00
466.00,105.00,15.02,951.00,3522.00,790.00,97.00,56.00,-170.00
463.00,108.00,15.07,482.00,3552.00,901.00,55.00,113.00,-265.00
461.00,113.00,15.12,171.00,3400.00,677.00,161.00,41.00,-153.00
459.00,119.00,15.06,188.00,3241.00,844.00,159.00,81.00,-50.00
457.00,127.00,15.07,230.00,3416.00,472.00,10.00,134.00,29.00
456.00,136.00,15.09,61.00,3274.00,500.00,-135.00,184.00,-70.00
456.00,147.00,15.12,40.00,3192.00,665.00,-31.00,45.00,92.00
456.00,160.00,15.22,623.00,3589.00,306.00,33.00,-63.00,307.00
455.00,172.00,15.22,512.00,3790.00,391.00,-296.00,234.00,-74.00
455.00,185.00,15.13,384.00,3984.00,916.00,-68.00,-136.00,204.00
454.00,199.00,15.07,951.00,4294.00,821.00,114.00,-223.00,313.00
452.00,212.00,15.06,61.00,3925.00,1051.00,-481.00,35.00,-31.00
451.00,226.00,14.95,61.00,3925.00,1051.00,-481.00,35.00,-31.00
450.00,239.00,14.85,840.00,4478.00,1125.00,-69.00,-202.00,158.00
448.00,251.00,14.85,909.00,4663.00,1157.00,-337.00,4.00,-161.00
446.00,264.00,14.80,291.00,4465.00,1393.00,-487.00,102.00,-263.00
444.00,275.00,14.81,69.00,4389.00,1343.00,-246.00,-130.00,53.00
443.00,285.00,14.63,179.00,4912.00,1310.00,-426.00,12.00,-73.00
443.00,295.00,14.62,-5.00,4869.00,1327.00,-418.00,4.00,-27.00
443.00,303.00,14.61,339.00,4881.00,1464.00,-408.00,20.00,200.00
442.00,310.00,14.60,292.00,5053.00,1495.00,-455.00,82.00,-190.00
442.00,315.00,14.57,292.00,5053.00,1495.00,-455.00,82.00,-190.00
442.00,318.00,14.54,520.00,5175.00,1834.00,-343.00,45.00,0.00
441.00,319.00,14.46,831.00,5294.00,1737.00,101.00,-124.00,153.00
440.00,318.00,14.41,1306.00,5144.00,1479.00,95.00,-98.00,-6.00
437.00,317.00,14.28,1062.00,4603.00,1315.00,-49.00,-27.00,-201.00
433.00,316.00,14.25,1232.00,4017.00,1511.00,255.00,-180.00,-77.00
428.00,315.00,14.28,1178.00,3814.00,1125.00,141.00,-202.00,-95.00
422.00,314.00,14.34,1218.00,3832.00,1168.00,107.00,-249.00,-82.00
414.00,314.00,14.35,1285.00,3924.00,1260.00,128.00,-300.00,-82.00
406.00,313.00,14.40,1063.00,3975.00,1080.00,43.00,-307.00,-188.00
396.00,313.00,14.42,895.00,3894.00,1384.00,-39.00,-366.00,-90.00
386.00,313.00,14.53,1017.00,3923.00,1508.00,115.00,-395.00,-92.00
376.00,314.00,14.54,829.00,3881.00,1281.00,54.00,-453.00,-81.00
365.00,314.00,14.71,684.00,3887.00,1452.00,-28.00,-435.00,14.00
354.00,315.00,14.77,880.00,3936.00,1592.00,84.00,-467.00,-63.00
342.00,315.00,14.78,616.00,3947.00,1367.00,14.00,-469.00,6.00
330.00,316.00,14.78,745.00,4012.00,1259.00,-41.00,-449.00,19.00
319.00,317.00,14.75,620.00,4088.00,1357.00,-37.00,-484.00,-9.00
307.00,317.00,14.78,608.00,4209.00,1282.00,-15.00,-559.00,85.00
294.00,317.00,14.80,828.00,4459.00,1458.00,-162.00,-438.00,-53.00
283.00,316.00,14.82,521.00,4433.00,1713.00,-128.00,-416.00,-186.00
272.00,314.00,14.76,434.00,4426.00,1581.00,90.00,-473.00,-36.00
262.00,313.00,14.81,439.00,4346.00,1341.00,-7.00,-412.00,-81.00
252.00,311.00,14.79,402.00,4188.00,1339.00,-86.00,-316.00,-184.00
243.00,308.00,14.90,258.00,4044.00,1345.00,-17.00,-258.00,-186.00
235.00,306.00,14.97,261.00,3952.00,1318.00,-42.00,-278.00,-183.00
228.00,305.00,14.88,166.00,3776.00,1412.00,-21.00,-223.00,-153.00
221.00,304.00,14.85,6.00,3709.00,1368.00,8.00,-189.00,-134.00
217.00,303.00,14.59,25.00,3784.00,1279.00,-49.00,-161.00,-72.00
213.00,303.00,14.61,27.00,3908.00,1390.00,-72.00,-91.00,-41.00
210.00,304.00,14.64,-106.00,4017.00,1362.00,-128.00,-41.00,9.00
209.00,303.00,14.64,-42.00,4323.00,1541.00,-131.00,71.00,-74.00
208.00,302.00,14.56,-43.00,4580.00,1520.00,-55.00,92.00,-8.00
209.00,301.00,14.56,98.00,4912.00,1556.00,-41.00,155.00,2.00
210.00,298.00,14.48,180.00,5218.00,1273.00,-40.00,189.00,20.00
212.00,292.00,14.54,506.00,5389.00,1051.00,90.00,223.00,-195.00
212.00,285.00,14.67,506.00,5389.00,1051.00,90.00,223.00,-195.00
212.00,277.00,14.65,309.00,5290.00,868.00,-82.00,226.00,-57.00
212.00,267.00,14.67,776.00,5084.00,1346.00,36.00,223.00,-190.00
211.00,255.00,14.69,342.00,4983.00,1174.00,41.00,310.00,-252.00
211.00,243.00,14.83,42.00,4703.00,1123.00,-164.00,245.00,42.00
211.00,230.00,14.84,445.00,4564.00,1545.00,-36.00,250.00,-60.00
212.00,217.00,14.84,-166.00,4177.00,1164.00,176.00,189.00,-89.00
214.00,204.00,14.93,160.00,4050.00,1561.00,55.00,181.00,291.00
215.00,191.00,15.00,-96.00,3770.00,1382.00,372.00,114.00,17.00
218.00,178.00,15.00,224.00,3727.00,802.00,206.00,43.00,303.00
220.00,166.00,15.04,777.00,3725.00,962.00,58.00,266.00,-176.00
220.00,155.00,15.17,320.00,3505.00,873.00,56.00,277.00,-285.00
221.00,145.00,15.12,174.00,3587.00,680.00,226.00,46.00,49.00
222.00,136.00,15.29,531.00,3675.00,649.00,171.00,15.00,-97.00
222.00,128.00,15.28,158.00,3527.00,642.00,76.00,125.00,-217.00
221.00,120.00,15.27,71.00,3466.00,676.00,101.00,52.00,-84.00
221.00,114.00,15.26,29.00,3569.00,926.00,171.00,-52.00,-27.00
222.00,109.00,15.18,-139.00,3299.00,877.00,3.00,158.00,-72.00
223.00,105.00,15.01,-323.00,3035.00,900.00,48.00,35.00,38.00
225.00,103.00,14.98,-252.00,3039.00,834.00,133.00,-118.00,171.00
227.00,102.00,14.99,10.00,3343.00,905.00,24.00,45.00,104.00
229.00,103.00,14.92,-178.00,3452.00,920.00,16.00,102.00,60.00
232.00,104.00,14.96,-188.00,3690.00,957.00,71.00,0.00,109.00
236.00,106.00,15.01,-307.00,4142.00,987.00,-24.00,183.00,38.00
240.00,108.00,15.01,-664.00,4185.00,979.00,-30.00,201.00,31.00
246.00,109.00,15.12,-754.00,4273.00,1074.00,-3.00,132.00,79.00
254.00,111.00,15.24,-744.00,4357.00,1103.00,-8.00,240.00,109.00
262.00,112.00,15.25,-554.00,4482.00,1038.00,-139.00,328.00,139.00
271.00,112.00,15.29,-411.00,4329.00,1129.00,-46.00,423.00,-48.00
282.00,113.00,15.49,-887.00,4140.00,912.00,6.00,468.00,-40.00
293.50,114.00,15.60,-643.00,3982.00,847.00,24.00,388.00,332.00
307.00,114.50,15.51,-574.00,3772.00,657.00,-21.00,459.00,167.00
320.50,115.00,15.65,-574.00,3772.00,657.00,-21.00,459.00,167.00
335.00,118.00,15.33,-48.00,4144.00,830.00,15.00,413.00,521.00
348.00,120.00,15.25,248.00,4256.00,619.00,29.00,470.00,255.00
362.00,122.00,15.26,1.00,4268.00,821.00,-29.00,442.00,334.00
375.00,124.00,15.26,673.00,4409.00,952.00,74.00,335.00,388.00
389.00,124.00,15.16,758.00,4489.00,841.00,8.00,454.00,223.00
400.00,126.00,15.18,949.00,4587.00,953.00,105.00,335.00,349.00
411.00,126.00,15.00,1267.00,4703.00,724.00,199.00,236.00,259.00
422.50,127.00,15.10,1107.00,4574.00,614.00,90.00,326.00,124.00
429.00,125.00,15.05,913.00,4194.00,702.00,20.00,267.00,216.00
437.50,125.00,14.93,1551.00,4068.00,590.00,176.00,78.00,320.00
443.00,124.00,14.79,1889.00,3856.00,347.00,64.00,111.00,154.00
448.00,124.00,14.81,1793.00,3855.00,390.00,-71.00,100.00,134.00
450.00,123.00,14.75,1604.00,4061.00,520.00,-7.00,18.00,81.00
450.00,123.00,14.92,1413.00,4089.00,654.00,-62.00,-8.00,65.00
451.00,123.00,14.91,1320.00,4209.00,824.00,-32.00,-102.00,55.00
450.00,122.00,14.82,1318.00,4287.00,951.00,-40.00,-82.00,10.00
454.00,107.00,14.75,642.00,3515.00,636.00,65.00,-53.00,61.00
455.00,110.00,14.81,696.00,3454.00,773.00,25.00,-30.00,4.00
455.00,114.00,14.82,539.00,3335.00,705.00,-16.00,22.00,-49.00
455.00,120.00,14.92,741.00,3200.00,846.00,43.00,-35.00,-32.00
454.00,128.00,15.12,516.00,3032.00,943.00,79.00,32.00,-250.00
452.00,139.00,15.24,117.00,3002.00,723.00,-75.00,134.00,-238.00
451.00,151.00,15.33,184.00,2998.00,636.00,-47.00,75.00,-106.00
450.00,165.00,15.38,-101.00,3125.00,579.00,-151.00,57.00,-3.00
450.00,182.00,15.57,143.00,3534.00,889.00,-277.00,-79.00,231.00
451.00,199.00,15.58,143.00,3534.00,889.00,-277.00,-79.00,231.00
451.00,217.00,15.52,231.00,4276.00,910.00,-395.00,52.00,176.00
451.00,234.00,15.52,275.00,4348.00,1006.00,-318.00,-153.00,363.00
452.00,252.00,15.61,417.00,4719.00,1557.00,-669.00,136.00,205.00
453.00,268.00,15.61,469.00,4900.00,1973.00,-499.00,83.00,229.00
452.00,282.00,15.61,550.00,4848.00,1919.00,-376.00,-8.00,233.00
451.00,295.00,15.51,771.00,4876.00,2039.00,-298.00,75.00,102.00
449.00,306.00,15.31,527.00,4949.00,1523.00,-371.00,51.00,-6.00
447.00,316.00,15.13,288.00,4792.00,1807.00,-519.00,78.00,-170.00
446.00,323.00,15.12,86.00,4846.00,1787.00,-220.00,22.00,30.00
446.00,330.00,15.03,447.00,5428.00,1417.00,-112.00,-64.00,218.00
446.00,334.00,14.90,960.00,5692.00,1531.00,-308.00,50.00,-69.00
444.00,335.00,14.82,1056.00,5637.00,1640.00,-189.00,-19.00,-132.00
443.00,334.00,14.82,1123.00,5354.00,1612.00,105.00,-76.00,-103.00
440.00,332.00,14.72,1293.00,4894.00,1409.00,196.00,-112.00,-146.00
436.00,330.00,14.58,1097.00,4256.00,1292.00,37.00,-90.00,-230.00
432.00,328.00,14.58,1024.00,3764.00,1596.00,156.00,-173.00,-106.00
426.00,326.00,14.52,1181.00,3720.00,1662.00,237.00,-214.00,-113.00
419.00,325.00,14.53,1087.00,3643.00,1374.00,132.00,-233.00,-158.00
411.00,324.00,14.67,1040.00,3557.00,1402.00,31.00,-288.00,-80.00
402.00,324.00,14.75,907.00,3583.00,1504.00,161.00,-362.00,-40.00
393.00,325.00,14.82,759.00,3693.00,1354.00,-36.00,-338.00,26.00
383.00,326.00,14.83,759.00,3693.00,1354.00,-36.00,-338.00,26.00
372.00,326.00,15.02,889.00,3986.00,1439.00,68.00,-485.00,17.00
361.00,328.00,14.79,703.00,4171.00,1372.00,-56.00,-391.00,-52.00
350.00,328.00,14.70,608.00,4108.00,1565.00,-157.00,-430.00,7.00
338.00,328.00,14.76,723.00,4123.00,1792.00,-51.00,-489.00,25.00
326.00,328.00,14.81,842.00,4289.00,1558.00,49.00,-491.00,-45.00
314.00,327.00,14.94,662.00,4216.00,1458.00,-18.00,-482.00,-97.00
302.00,326.00,14.91,598.00,4115.00,1609.00,-117.00,-433.00,-132.00
291.00,325.00,14.92,498.00,4133.00,1619.00,30.00,-462.00,-115.00
280.00,324.00,15.00,468.00,4115.00,1548.00,-23.00,-435.00,-83.00
270.00,322.00,14.83,442.00,4089.00,1615.00,-5.00,-391.00,-159.00
260.00,320.00,14.78,151.00,3946.00,1617.00,-5.00,-334.00,-122.00
252.00,319.00,14.93,221.00,3989.00,1420.00,10.00,-317.00,-73.00
245.00,318.00,14.97,219.00,3977.00,1371.00,-4.00,-291.00,-54.00
238.00,317.00,14.97,220.00,3899.00,1297.00,-47.00,-218.00,-50.00
231.00,316.00,14.87,276.00,3961.00,1236.00,-99.00,-174.00,-81.00
227.00,316.00,14.89,226.00,3946.00,1317.00,-49.00,-161.00,-40.00
222.00,316.00,14.88,295.00,3995.00,1321.00,-43.00,-140.00,-37.00
219.00,316.00,14.89,131.00,4015.00,1307.00,-108.00,-85.00,-103.00
216.00,316.00,14.87,123.00,3993.00,1365.00,-120.00,-83.00,88.00
214.00,316.00,14.89,283.00,4079.00,1440.00,-106.00,-97.00,121.00
214.00,315.00,14.97,314.00,4460.00,1658.00,-113.00,49.00,-32.00
214.00,313.00,14.95,232.00,5025.00,1654.00,-46.00,102.00,11.00
214.00,308.00,14.96,450.00,5317.00,1648.00,-49.00,160.00,15.00
214.00,302.00,14.97,887.00,5616.00,1344.00,56.00,246.00,-218.00
213.00,293.00,15.02,655.00,5495.00,964.00,-83.00,312.00,-272.00
212.00,282.00,15.16,863.00,5193.00,1410.00,26.00,202.00,-160.00
210.00,271.00,15.25,829.00,5183.00,1288.00,224.00,161.00,-242.00
208.00,258.00,15.30,290.00,4932.00,872.00,-48.00,260.00,-322.00
206.00,245.00,15.40,195.00,4306.00,1311.00,-255.00,222.00,-9.00
205.00,231.00,15.43,92.00,4063.00,1364.00,281.00,132.00,-91.00
205.00,217.00,15.46,195.00,4101.00,1578.00,310.00,129.00,90.00
205.00,204.00,15.54,192.00,3977.00,1339.00,371.00,84.00,-50.00
206.00,190.00,15.57,340.00,3855.00,1446.00,353.00,21.00,43.00
207.00,177.00,15.60,356.00,3826.00,1296.00,303.00,106.00,-105.00
207.00,165.00,15.61,59.00,3748.00,1071.00,225.00,145.00,-182.00
207.00,153.00,15.75,156.00,3750.00,1049.00,130.00,112.00,-36.00
209.00,143.00,15.52,66.00,3679.00,1013.00,280.00,65.00,-70.00
210.00,132.00,15.65,113.00,3456.00,820.00,288.00,15.00,13.00
212.00,124.00,15.63,-126.00,3177.00,512.00,180.00,45.00,65.00
214.00,117.00,15.61,-29.00,3073.00,572.00,-24.00,31.00,145.00
216.00,111.00,15.60,24.00,3332.00,620.00,72.00,39.00,87.00
219.00,107.00,15.60,186.00,3646.00,372.00,27.00,-41.00,218.00
221.00,103.00,15.59,505.00,3764.00,606.00,15.00,-7.00,137.00
222.00,101.00,15.56,205.00,3793.00,692.00,47.00,97.00,-22.00
224.00,98.00,15.65,246.00,3798.00,651.00,61.00,-33.00,116.00
226.00,97.00,15.66,298.00,3964.00,743.00,62.00,9.00,53.00
228.00,96.00,15.74,354.00,4026.00,552.00,30.00,46.00,55.00
229.00,95.00,15.69,217.00,4202.00,499.00,28.00,23.00,28.00
230.00,93.00,15.67,369.00,4418.00,619.00,12.00,35.00,102.00
232.00,93.00,15.71,223.00,4382.00,695.00,-12.00,34.00,33.00
232.00,91.00,15.73,355.00,4380.00,792.00,13.00,-16.00,88.00
234.00,90.00,15.73,383.00,4332.00,910.00,60.00,23.00,13.00
236.00,89.00,15.63,-146.00,4036.00,972.00,12.00,85.00,-42.00
237.00,88.00,15.62,-146.00,4036.00,972.00,12.00,85.00,-42.00
242.00,87.00,15.63,-750.00,3880.00,1312.00,25.00,99.00,65.00
248.00,88.00,15.64,-1050.00,4043.00,1248.00,63.00,224.00,149.00
256.50,90.00,15.99,-1063.00,3973.00,1100.00,104.00,281.00,251.00
269.50,90.00,16.01,-882.00,4073.00,916.00,85.00,398.00,234.00
283.50,89.00,16.28,-614.00,4225.00,980.00,114.00,376.00,279.00
297.50,92.00,16.36,-181.00,4211.00,876.00,72.00,509.00,284.00
313.00,92.50,16.42,216.00,4354.00,883.00,110.00,534.00,120.00
329.50,95.00,16.28,-39.00,3832.00,482.00,157.00,528.00,91.00
344.50,97.50,15.77,85.00,3818.00,350.00,27.00,599.00,141.00
359.50,98.50,15.90,633.00,3995.00,560.00,87.00,570.00,117.00
373.50,102.00,15.68,832.00,3856.00,471.00,107.00,509.00,-6.00
386.50,104.00,15.68,606.00,3912.00,313.00,-230.00,555.00,23.00
399.50,110.50,15.63,781.00,3975.00,527.00,-190.00,548.00,-9.00
411.50,114.50,15.59,600.00,4182.00,520.00,3.00,383.00,8.00
424.00,118.00,15.52,882.00,4352.00,483.00,-126.00,376.00,63.00
434.50,121.00,15.39,1016.00,4510.00,748.00,-365.00,467.00,-56.00
443.00,126.00,15.20,566.00,4366.00,853.00,-158.00,461.00,-95.00
454.50,131.00,15.23,766.00,4654.00,756.00,18.00,226.00,190.00
463.00,134.50,15.18,630.00,4678.00,647.00,-213.00,381.00,26.00
470.50,135.00,15.10,876.00,4618.00,919.00,-79.00,222.00,174.00
476.00,135.00,15.11,876.00,4618.00,919.00,-79.00,222.00,174.00
481.00,135.00,15.12,999.00,4671.00,744.00,126.00,56.00,206.00
486.00,135.00,15.06,1022.00,4449.00,530.00,-63.00,111.00,77.00
489.00,135.00,15.07,1177.00,4275.00,875.00,-29.00,78.00,30.00
492.00,134.00,14.93,1187.00,3994.00,926.00,-34.00,17.00,83.00
493.00,135.00,14.93,1058.00,3921.00,930.00,-38.00,-34.00,61.00
493.00,135.00,14.99,911.00,4005.00,882.00,-5.00,-49.00,-21.00
491.00,135.00,14.99,588.00,4096.00,897.00,-61.00,10.00,-51.00
465.00,93.00,15.15,25.00,3640.00,683.00,210.00,-22.00,69.00
464.00,93.00,15.10,436.00,3324.00,793.00,171.00,-98.00,23.00
463.00,94.00,15.11,220.00,3182.00,751.00,63.00,-14.00,-130.00
461.00,97.00,15.09,220.00,3182.00,751.00,63.00,-14.00,-130.00
460.00,101.00,15.05,247.00,3054.00,591.00,141.00,11.00,-129.00
459.00,108.00,15.10,64.00,3052.00,412.00,115.00,59.00,-68.00
459.00,116.00,15.14,187.00,3327.00,629.00,22.00,120.00,-59.00
458.00,125.00,15.30,282.00,3306.00,483.00,-69.00,152.00,-146.00
457.00,136.00,15.50,66.00,3513.00,199.00,-164.00,207.00,-104.00
457.50,147.00,15.51,430.00,3550.00,543.00,-137.00,95.00,-47.00
457.00,161.00,15.44,386.00,3533.00,869.00,-179.00,81.00,-151.00
456.00,176.00,15.37,-92.00,3723.00,682.00,-220.00,164.00,-143.00
457.00,191.00,15.34,122.00,3885.00,477.00,-250.00,54.00,19.00
458.00,206.00,15.38,333.00,4096.00,628.00,-266.00,-27.00,60.00
458.00,221.00,15.09,781.00,4917.00,1085.00,-236.00,-71.00,171.00
458.00,235.00,15.10,781.00,4917.00,1085.00,-236.00,-71.00,171.00
457.00,247.00,15.08,1038.00,4947.00,1047.00,-316.00,-53.00,76.00
455.00,259.00,14.95,211.00,4780.00,1232.00,-589.00,181.00,-350.00
455.00,270.00,14.88,32.00,4757.00,1628.00,-296.00,-127.00,409.00
455.00,280.00,14.88,32.00,4757.00,1628.00,-296.00,-127.00,409.00
455.00,289.00,14.87,260.00,4975.00,1632.00,-374.00,39.00,155.00
457.00,296.00,14.88,-106.00,4585.00,1991.00,-196.00,-71.00,410.00
457.00,303.00,14.88,605.00,4793.00,1741.00,-97.00,-20.00,325.00
457.00,307.00,14.91,688.00,4808.00,1513.00,-169.00,71.00,199.00
457.00,311.00,14.91,838.00,4878.00,1539.00,-198.00,65.00,-97.00
456.00,313.00,14.74,947.00,4928.00,1492.00,-95.00,-1.00,-10.00
454.00,314.00,14.76,990.00,4887.00,1405.00,19.00,7.00,-199.00
451.00,314.00,14.71,910.00,4661.00,1466.00,87.00,-138.00,-82.00
448.00,313.00,14.71,1214.00,4435.00,1577.00,187.00,-232.00,-21.00
443.00,312.00,14.69,1390.00,4133.00,1313.00,68.00,-52.00,-316.00
435.00,311.00,14.73,1311.00,3757.00,1295.00,232.00,-295.00,-239.00
426.00,310.00,14.79,1368.00,3832.00,1127.00,305.00,-430.00,-122.00
416.00,310.00,14.90,1260.00,4007.00,827.00,85.00,-320.00,-330.00
405.00,310.00,15.04,816.00,3815.00,1259.00,7.00,-406.00,-329.00
393.00,311.00,14.96,908.00,3672.00,1415.00,224.00,-580.00,-9.00
380.00,312.00,15.08,813.00,3781.00,1297.00,87.00,-505.00,-194.00
367.00,314.00,15.11,425.00,3654.00,1294.00,13.00,-507.00,-105.00
352.00,317.00,15.21,839.00,3757.00,1484.00,272.00,-668.00,107.00
338.00,319.00,15.30,633.00,3904.00,1274.00,18.00,-560.00,-45.00
324.00,322.00,15.34,239.00,4013.00,1407.00,-115.00,-555.00,114.00
309.00,325.00,15.36,535.00,4071.00,1677.00,32.00,-690.00,246.00
294.00,327.00,15.51,699.00,4262.00,1771.00,-79.00,-565.00,0.00
281.00,329.00,15.54,354.00,4177.00,1764.00,-20.00,-620.00,153.00
268.00,330.00,15.49,574.00,4419.00,1804.00,-139.00,-454.00,-71.00
255.00,330.00,15.51,110.00,4186.00,1854.00,-177.00,-370.00,-196.00
245.00,330.00,15.44,-28.00,4150.00,1793.00,-65.00,-410.00,7.00
233.50,329.00,15.49,104.00,4266.00,1830.00,-50.00,-317.00,-69.00
228.00,330.00,15.43,104.00,4266.00,1830.00,-50.00,-317.00,-69.00
222.00,330.00,15.36,-263.00,3866.00,1631.00,-67.00,-190.00,6.00
218.00,329.00,15.06,-145.00,4009.00,1704.00,-34.00,-145.00,39.00
216.00,329.00,15.10,-155.00,4246.00,1608.00,-108.00,-49.00,-47.00
215.00,328.00,15.12,-77.00,4234.00,1505.00,-147.00,82.00,12.00
215.00,327.00,15.29,277.00,4550.00,1384.00,61.00,14.00,60.00
215.00,325.00,15.40,575.00,4753.00,1052.00,-15.00,86.00,65.00
214.00,321.00,15.42,763.00,4861.00,1136.00,-30.00,163.00,-7.00
213.00,317.00,15.33,817.00,5013.00,1113.00,58.00,84.00,-63.00
211.00,310.00,15.33,914.00,5466.00,1527.00,-70.00,185.00,-174.00
209.00,300.00,15.40,683.00,5408.00,1665.00,139.00,53.00,-226.00
207.00,289.00,15.57,551.00,5276.00,1200.00,97.00,113.00,-216.00
205.00,277.00,15.68,326.00,4871.00,1262.00,-276.00,301.00,-177.00
203.00,263.00,15.75,404.00,4762.00,1913.00,234.00,76.00,-185.00
203.00,248.00,15.78,10.00,4504.00,1348.00,-11.00,167.00,-122.00
201.00,232.00,15.96,473.00,4310.00,1699.00,-85.00,395.00,-215.00
201.00,216.00,15.97,213.00,4172.00,1386.00,162.00,167.00,-273.00
201.00,200.00,16.04,213.00,4172.00,1386.00,162.00,167.00,-273.00
201.00,185.00,16.10,123.00,3852.00,1617.00,-193.00,352.00,-111.00
202.00,170.00,15.95,-297.00,3559.00,1555.00,392.00,26.00,-54.00
205.00,155.00,15.86,81.00,3678.00,937.00,230.00,5.00,129.00
207.00,141.00,15.77,211.00,3610.00,1266.00,98.00,318.00,-120.00
209.00,129.00,15.62,9.00,3533.00,1140.00,299.00,143.00,-48.00
212.00,117.00,15.51,-143.00,3386.00,903.00,486.00,-61.00,235.00
215.00,107.00,15.54,423.00,3556.00,893.00,306.00,29.00,107.00
217.00,97.00,15.60,-18.00,3265.00,462.00,231.00,29.00,27.00
220.00,89.00,15.53,61.00,3197.00,504.00,294.00,-64.00,215.00
223.00,83.00,15.41,260.00,3278.00,262.00,227.00,-22.00,104.00
224.00,78.00,15.48,160.00,3436.00,33.00,25.00,44.00,52.00
226.00,74.00,15.46,93.00,3371.00,590.00,68.00,-42.00,146.00
228.00,71.00,15.55,109.00,3348.00,689.00,128.00,-67.00,148.00
229.00,70.00,15.44,211.00,3455.00,524.00,-16.00,18.00,120.00
230.00,70.00,15.41,383.00,3496.00,892.00,-46.00,73.00,-4.00
231.00,71.00,15.44,-168.00,3573.00,744.00,41.00,31.00,-29.00
233.00,73.00,15.42,-74.00,3754.00,726.00,61.00,48.00,69.00
236.00,76.00,15.48,-111.00,3965.00,639.00,-14.00,143.00,11.00
239.00,79.00,15.50,-291.00,4431.00,1322.00,75.00,139.00,36.00
244.00,81.00,15.54,-574.00,4450.00,1321.00,59.00,262.00,-32.00
250.00,83.00,15.64,-763.00,4226.00,1104.00,134.00,192.00,113.00
258.00,85.00,15.67,-722.00,4251.00,908.00,139.00,265.00,69.00
268.00,88.00,15.85,-503.00,4210.00,646.00,56.00,400.00,184.00
278.50,90.50,15.98,-419.00,4344.00,665.00,116.00,379.00,38.00
290.50,91.50,16.06,-485.00,4306.00,312.00,109.00,367.00,226.00
300.50,95.00,16.04,-392.00,4315.00,368.00,-65.00,524.00,225.00
316.50,95.00,16.02,-9.00,4273.00,536.00,83.00,331.00,283.00
330.50,96.00,16.01,242.00,4404.00,553.00,149.00,341.00,229.00
344.50,97.00,16.00,307.00,4457.00,292.00,32.00,469.00,263.00
358.00,98.00,15.91,806.00,4498.00,428.00,-62.00,426.00,230.00
368.50,98.50,15.83,771.00,4419.00,509.00,-13.00,431.00,75.00
382.00,99.00,15.79,278.00,4122.00,669.00,-75.00,431.00,222.00
392.00,100.50,15.63,588.00,4283.00,817.00,-26.00,397.00,128.00
405.00,101.00,15.62,234.00,4158.00,667.00,36.00,350.00,136.00
418.50,104.00,15.71,788.00,4511.00,215.00,-19.00,344.00,45.00
427.50,103.00,15.71,788.00,4511.00,215.00,-19.00,344.00,45.00
438.00,105.50,15.64,696.00,4369.00,239.00,2.00,280.00,94.00
447.00,105.50,15.59,1014.00,4411.00,256.00,-50.00,267.00,61.00
458.00,106.00,15.81,776.00,4295.00,267.00,-145.00,245.00,57.00
465.00,103.50,15.72,983.00,4276.00,333.00,-64.00,151.00,84.00
472.50,104.50,15.75,1063.00,4204.00,545.00,-85.00,176.00,-19.00
478.50,103.00,15.74,1018.00,4216.00,491.00,-165.00,238.00,-1.00
483.00,101.00,15.73,843.00,4054.00,550.00,-216.00,106.00,15.00
487.00,101.00,15.73,1322.00,3907.00,1210.00,-140.00,165.00,-138.00
489.00,102.00,15.79,1051.00,3886.00,1386.00,-47.00,174.00,-27.00
